1, 27.5, 75, 0 
2, 27.5, 75, 420
1, 8.97448e-009, -8.13016e-008, 0
2, 45.296, 0, 0
3, 50.296, 5, 0
4, 50.296, 145, 0
5, 45.296, 150, 0
6, 8.97449e-009, 150, 0
7, 1.74177e-008, -4.704, 0
8, 45.296, -4.704, 0
9, 55, 5, 0
10, 55, 145, 0
11, 45.296, 154.704, 0
12, 1.74177e-008, 154.704, 0
13, 8.97448e-009, -8.13016e-008, 420
14, 45.296, 0, 420
15, 45.296, -4.704, 420
16, 1.74177e-008, -4.704, 420
17, 50.296, 5, 420
18, 55, 5, 420
19, 50.296, 145, 420
20, 55, 145, 420
21, 45.296, 150, 420
22, 45.296, 154.704, 420
23, 8.97449e-009, 150, 420
24, 1.74177e-008, 154.704, 420
25, 5.03289, -7.22681e-008, 0
26, 10.0658, -6.32346e-008, 0
27, 15.0987, -5.42011e-008, 0
28, 20.1316, -4.51676e-008, 0
29, 25.1644, -3.61341e-008, 0
30, 30.1973, -2.71005e-008, 0
31, 35.2302, -1.8067e-008, 0
32, 40.2631, -9.03351e-009, 0
33, 47.206, 0.427758, 0
34, 48.8341, 1.46193, 0
35, 49.8682, 3.09001, 0
36, 50.296, 10, 0
37, 50.296, 15, 0
38, 50.296, 20, 0
39, 50.296, 25, 0
40, 50.296, 30, 0
41, 50.296, 35, 0
42, 50.296, 40, 0
43, 50.296, 45, 0
44, 50.296, 50, 0
45, 50.296, 55, 0
46, 50.296, 60, 0
47, 50.296, 65, 0
48, 50.296, 70, 0
49, 50.296, 75, 0
50, 50.296, 80, 0
51, 50.296, 85, 0
52, 50.296, 90, 0
53, 50.296, 95, 0
54, 50.296, 100, 0
55, 50.296, 105, 0
56, 50.296, 110, 0
57, 50.296, 115, 0
58, 50.296, 120, 0
59, 50.296, 125, 0
60, 50.296, 130, 0
61, 50.296, 135, 0
62, 50.296, 140, 0
63, 49.8682, 146.91, 0
64, 48.8341, 148.538, 0
65, 47.206, 149.572, 0
66, 40.2631, 150, 0
67, 35.2302, 150, 0
68, 30.1973, 150, 0
69, 25.1644, 150, 0
70, 20.1316, 150, 0
71, 15.0987, 150, 0
72, 10.0658, 150, 0
73, 5.03289, 150, 0
74, 5.03289, -4.704, 0
75, 10.0658, -4.704, 0
76, 15.0987, -4.704, 0
77, 20.1316, -4.704, 0
78, 25.1644, -4.704, 0
79, 30.1973, -4.704, 0
80, 35.2302, -4.704, 0
81, 40.2631, -4.704, 0
82, 49.0029, -3.87381, 0
83, 52.1627, -1.86669, 0
84, 54.1698, 1.29309, 0
85, 55, 10, 0
86, 55, 15, 0
87, 55, 20, 0
88, 55, 25, 0
89, 55, 30, 0
90, 55, 35, 0
91, 55, 40, 0
92, 55, 45, 0
93, 55, 50, 0
94, 55, 55, 0
95, 55, 60, 0
96, 55, 65, 0
97, 55, 70, 0
98, 55, 75, 0
99, 55, 80, 0
100, 55, 85, 0
101, 55, 90, 0
102, 55, 95, 0
103, 55, 100, 0
104, 55, 105, 0
105, 55, 110, 0
106, 55, 115, 0
107, 55, 120, 0
108, 55, 125, 0
109, 55, 130, 0
110, 55, 135, 0
111, 55, 140, 0
112, 54.1698, 148.707, 0
113, 52.1627, 151.867, 0
114, 49.0029, 153.874, 0
115, 40.2631, 154.704, 0
116, 35.2302, 154.704, 0
117, 30.1973, 154.704, 0
118, 25.1644, 154.704, 0
119, 20.1316, 154.704, 0
120, 15.0987, 154.704, 0
121, 10.0658, 154.704, 0
122, 5.03289, 154.704, 0
123, 5.03289, -7.22681e-008, 420
124, 10.0658, -6.32346e-008, 420
125, 15.0987, -5.42011e-008, 420
126, 20.1316, -4.51676e-008, 420
127, 25.1644, -3.61341e-008, 420
128, 30.1973, -2.71005e-008, 420
129, 35.2302, -1.8067e-008, 420
130, 40.2631, -9.03351e-009, 420
131, 40.2631, -4.704, 420
132, 35.2302, -4.704, 420
133, 30.1973, -4.704, 420
134, 25.1644, -4.704, 420
135, 20.1316, -4.704, 420
136, 15.0987, -4.704, 420
137, 10.0658, -4.704, 420
138, 5.03289, -4.704, 420
139, 8.97448e-009, -8.13016e-008, 5
140, 8.97448e-009, -8.13016e-008, 10
141, 8.97448e-009, -8.13016e-008, 15
142, 8.97448e-009, -8.13016e-008, 20
143, 8.97448e-009, -8.13016e-008, 25
144, 8.97448e-009, -8.13016e-008, 30
145, 8.97448e-009, -8.13016e-008, 35
146, 8.97448e-009, -8.13016e-008, 40
147, 8.97448e-009, -8.13016e-008, 45
148, 8.97448e-009, -8.13016e-008, 50
149, 8.97448e-009, -8.13016e-008, 55
150, 8.97448e-009, -8.13016e-008, 60
151, 8.97448e-009, 0.25, 65
152, 8.97448e-009, 0.5, 70
153, 8.97448e-009, 0.75, 75
154, 8.97448e-009, 1, 80
155, 8.97448e-009, 1.25, 85
156, 8.97448e-009, 1.5, 90
157, 8.97448e-009, 1.75, 95
158, 8.97448e-009, 2, 100
159, 8.97448e-009, 2.25, 105
160, 8.97448e-009, 2.5, 110
161, 8.97448e-009, 2.75, 115
162, 8.97448e-009, 3, 120
163, 8.97448e-009, 3.25, 125
164, 8.97448e-009, 3.5, 130
165, 8.97448e-009, 3.75, 135
166, 8.97448e-009, 4, 140
167, 8.97448e-009, 4.25, 145
168, 8.97448e-009, 4.5, 150
169, 8.97448e-009, 4.75, 155
170, 8.97448e-009, 5, 160
171, 8.97448e-009, 5.25, 165
172, 8.97448e-009, 5.5, 170
173, 8.97448e-009, 5.75, 175
174, 8.97448e-009, 6, 180
175, 8.97448e-009, 6.25, 185
176, 8.97448e-009, 6.25, 190
177, 8.97448e-009, 6.25, 195
178, 8.97448e-009, 6.25, 200
179, 8.97448e-009, 6.25, 205
180, 8.97448e-009, 6.25, 210
181, 8.97448e-009, 6.25, 215
182, 8.97448e-009, 6.25, 220
183, 8.97448e-009, 6.25, 225
184, 8.97448e-009, 6.25, 230
185, 8.97448e-009, 6.25, 235
186, 8.97448e-009, 6, 240
187, 8.97448e-009, 5.75, 245
188, 8.97448e-009, 5.5, 250
189, 8.97448e-009, 5.25, 255
190, 8.97448e-009, 5, 260
191, 8.97448e-009, 4.75, 265
192, 8.97448e-009, 4.5, 270
193, 8.97448e-009, 4.25, 275
194, 8.97448e-009, 4, 280
195, 8.97448e-009, 3.75, 285
196, 8.97448e-009, 3.5, 290
197, 8.97448e-009, 3.25, 295
198, 8.97448e-009, 3, 300
199, 8.97448e-009, 2.75, 305
200, 8.97448e-009, 2.5, 310
201, 8.97448e-009, 2.25, 315
202, 8.97448e-009, 2, 320
203, 8.97448e-009, 1.75, 325
204, 8.97448e-009, 1.5, 330
205, 8.97448e-009, 1.25, 335
206, 8.97448e-009, 1, 340
207, 8.97448e-009, 0.75, 345
208, 8.97448e-009, 0.5, 350
209, 8.97448e-009, 0.25, 355
210, 8.97448e-009, -8.13016e-008, 360
211, 8.97448e-009, -8.13016e-008, 365
212, 8.97448e-009, -8.13016e-008, 370
213, 8.97448e-009, -8.13016e-008, 375
214, 8.97448e-009, -8.13016e-008, 380
215, 8.97448e-009, -8.13016e-008, 385
216, 8.97448e-009, -8.13016e-008, 390
217, 8.97448e-009, -8.13016e-008, 395
218, 8.97448e-009, -8.13016e-008, 400
219, 8.97448e-009, -8.13016e-008, 405
220, 8.97448e-009, -8.13016e-008, 410
221, 8.97448e-009, -8.13016e-008, 415
222, 45.296, 0, 5
223, 45.296, 0, 10
224, 45.296, 0, 15
225, 45.296, 0, 20
226, 45.296, 0, 25
227, 45.296, 0, 30
228, 45.296, 0, 35
229, 45.296, 0, 40
230, 45.296, 0, 45
231, 45.296, 0, 50
232, 45.296, 0, 55
233, 45.296, 0, 60
234, 45.046, 0.25, 65
235, 44.796, 0.5, 70
236, 44.546, 0.75, 75
237, 44.296, 1, 80
238, 44.046, 1.25, 85
239, 43.796, 1.5, 90
240, 43.546, 1.75, 95
241, 43.296, 2, 100
242, 43.046, 2.25, 105
243, 42.796, 2.5, 110
244, 42.546, 2.75, 115
245, 42.296, 3, 120
246, 42.046, 3.25, 125
247, 41.796, 3.5, 130
248, 41.546, 3.75, 135
249, 41.296, 4, 140
250, 41.046, 4.25, 145
251, 40.796, 4.5, 150
252, 40.546, 4.75, 155
253, 40.296, 5, 160
254, 40.046, 5.25, 165
255, 39.796, 5.5, 170
256, 39.546, 5.75, 175
257, 39.296, 6, 180
258, 39.046, 6.25, 185
259, 39.046, 6.25, 190
260, 39.046, 6.25, 195
261, 39.046, 6.25, 200
262, 39.046, 6.25, 205
263, 39.046, 6.25, 210
264, 39.046, 6.25, 215
265, 39.046, 6.25, 220
266, 39.046, 6.25, 225
267, 39.046, 6.25, 230
268, 39.046, 6.25, 235
269, 39.296, 6, 240
270, 39.546, 5.75, 245
271, 39.796, 5.5, 250
272, 40.046, 5.25, 255
273, 40.296, 5, 260
274, 40.546, 4.75, 265
275, 40.796, 4.5, 270
276, 41.046, 4.25, 275
277, 41.296, 4, 280
278, 41.546, 3.75, 285
279, 41.796, 3.5, 290
280, 42.046, 3.25, 295
281, 42.296, 3, 300
282, 42.546, 2.75, 305
283, 42.796, 2.5, 310
284, 43.046, 2.25, 315
285, 43.296, 2, 320
286, 43.546, 1.75, 325
287, 43.796, 1.5, 330
288, 44.046, 1.25, 335
289, 44.296, 1, 340
290, 44.546, 0.75, 345
291, 44.796, 0.5, 350
292, 45.046, 0.25, 355
293, 45.296, 0, 360
294, 45.296, 0, 365
295, 45.296, 0, 370
296, 45.296, 0, 375
297, 45.296, 0, 380
298, 45.296, 0, 385
299, 45.296, 0, 390
300, 45.296, 0, 395
301, 45.296, 0, 400
302, 45.296, 0, 405
303, 45.296, 0, 410
304, 45.296, 0, 415
305, 45.296, -4.704, 5
306, 45.296, -4.704, 10
307, 45.296, -4.704, 15
308, 45.296, -4.704, 20
309, 45.296, -4.704, 25
310, 45.296, -4.704, 30
311, 45.296, -4.704, 35
312, 45.296, -4.704, 40
313, 45.296, -4.704, 45
314, 45.296, -4.704, 50
315, 45.296, -4.704, 55
316, 45.296, -4.704, 60
317, 45.046, -4.454, 65
318, 44.796, -4.204, 70
319, 44.546, -3.954, 75
320, 44.296, -3.704, 80
321, 44.046, -3.454, 85
322, 43.796, -3.204, 90
323, 43.546, -2.954, 95
324, 43.296, -2.704, 100
325, 43.046, -2.454, 105
326, 42.796, -2.204, 110
327, 42.546, -1.954, 115
328, 42.296, -1.704, 120
329, 42.046, -1.454, 125
330, 41.796, -1.204, 130
331, 41.546, -0.954, 135
332, 41.296, -0.704, 140
333, 41.046, -0.454, 145
334, 40.796, -0.204, 150
335, 40.546, 0.046, 155
336, 40.296, 0.296, 160
337, 40.046, 0.546, 165
338, 39.796, 0.796, 170
339, 39.546, 1.046, 175
340, 39.296, 1.296, 180
341, 39.046, 1.546, 185
342, 39.046, 1.546, 190
343, 39.046, 1.546, 195
344, 39.046, 1.546, 200
345, 39.046, 1.546, 205
346, 39.046, 1.546, 210
347, 39.046, 1.546, 215
348, 39.046, 1.546, 220
349, 39.046, 1.546, 225
350, 39.046, 1.546, 230
351, 39.046, 1.546, 235
352, 39.296, 1.296, 240
353, 39.546, 1.046, 245
354, 39.796, 0.796, 250
355, 40.046, 0.546, 255
356, 40.296, 0.296, 260
357, 40.546, 0.046, 265
358, 40.796, -0.204, 270
359, 41.046, -0.454, 275
360, 41.296, -0.704, 280
361, 41.546, -0.954, 285
362, 41.796, -1.204, 290
363, 42.046, -1.454, 295
364, 42.296, -1.704, 300
365, 42.546, -1.954, 305
366, 42.796, -2.204, 310
367, 43.046, -2.454, 315
368, 43.296, -2.704, 320
369, 43.546, -2.954, 325
370, 43.796, -3.204, 330
371, 44.046, -3.454, 335
372, 44.296, -3.704, 340
373, 44.546, -3.954, 345
374, 44.796, -4.204, 350
375, 45.046, -4.454, 355
376, 45.296, -4.704, 360
377, 45.296, -4.704, 365
378, 45.296, -4.704, 370
379, 45.296, -4.704, 375
380, 45.296, -4.704, 380
381, 45.296, -4.704, 385
382, 45.296, -4.704, 390
383, 45.296, -4.704, 395
384, 45.296, -4.704, 400
385, 45.296, -4.704, 405
386, 45.296, -4.704, 410
387, 45.296, -4.704, 415
388, 1.74177e-008, -4.704, 5
389, 1.74177e-008, -4.704, 10
390, 1.74177e-008, -4.704, 15
391, 1.74177e-008, -4.704, 20
392, 1.74177e-008, -4.704, 25
393, 1.74177e-008, -4.704, 30
394, 1.74177e-008, -4.704, 35
395, 1.74177e-008, -4.704, 40
396, 1.74177e-008, -4.704, 45
397, 1.74177e-008, -4.704, 50
398, 1.74177e-008, -4.704, 55
399, 1.74177e-008, -4.704, 60
400, 1.74177e-008, -4.454, 65
401, 1.74177e-008, -4.204, 70
402, 1.74177e-008, -3.954, 75
403, 1.74177e-008, -3.704, 80
404, 1.74177e-008, -3.454, 85
405, 1.74177e-008, -3.204, 90
406, 1.74177e-008, -2.954, 95
407, 1.74177e-008, -2.704, 100
408, 1.74177e-008, -2.454, 105
409, 1.74177e-008, -2.204, 110
410, 1.74177e-008, -1.954, 115
411, 1.74177e-008, -1.704, 120
412, 1.74177e-008, -1.454, 125
413, 1.74177e-008, -1.204, 130
414, 1.74177e-008, -0.954, 135
415, 1.74177e-008, -0.704, 140
416, 1.74177e-008, -0.454, 145
417, 1.74177e-008, -0.204, 150
418, 1.74177e-008, 0.0459999, 155
419, 1.74177e-008, 0.296, 160
420, 1.74177e-008, 0.546, 165
421, 1.74177e-008, 0.796, 170
422, 1.74177e-008, 1.046, 175
423, 1.74177e-008, 1.296, 180
424, 1.74177e-008, 1.546, 185
425, 1.74177e-008, 1.546, 190
426, 1.74177e-008, 1.546, 195
427, 1.74177e-008, 1.546, 200
428, 1.74177e-008, 1.546, 205
429, 1.74177e-008, 1.546, 210
430, 1.74177e-008, 1.546, 215
431, 1.74177e-008, 1.546, 220
432, 1.74177e-008, 1.546, 225
433, 1.74177e-008, 1.546, 230
434, 1.74177e-008, 1.546, 235
435, 1.74177e-008, 1.296, 240
436, 1.74177e-008, 1.046, 245
437, 1.74177e-008, 0.796, 250
438, 1.74177e-008, 0.546, 255
439, 1.74177e-008, 0.296, 260
440, 1.74177e-008, 0.0459999, 265
441, 1.74177e-008, -0.204, 270
442, 1.74177e-008, -0.454, 275
443, 1.74177e-008, -0.704, 280
444, 1.74177e-008, -0.954, 285
445, 1.74177e-008, -1.204, 290
446, 1.74177e-008, -1.454, 295
447, 1.74177e-008, -1.704, 300
448, 1.74177e-008, -1.954, 305
449, 1.74177e-008, -2.204, 310
450, 1.74177e-008, -2.454, 315
451, 1.74177e-008, -2.704, 320
452, 1.74177e-008, -2.954, 325
453, 1.74177e-008, -3.204, 330
454, 1.74177e-008, -3.454, 335
455, 1.74177e-008, -3.704, 340
456, 1.74177e-008, -3.954, 345
457, 1.74177e-008, -4.204, 350
458, 1.74177e-008, -4.454, 355
459, 1.74177e-008, -4.704, 360
460, 1.74177e-008, -4.704, 365
461, 1.74177e-008, -4.704, 370
462, 1.74177e-008, -4.704, 375
463, 1.74177e-008, -4.704, 380
464, 1.74177e-008, -4.704, 385
465, 1.74177e-008, -4.704, 390
466, 1.74177e-008, -4.704, 395
467, 1.74177e-008, -4.704, 400
468, 1.74177e-008, -4.704, 405
469, 1.74177e-008, -4.704, 410
470, 1.74177e-008, -4.704, 415
471, 47.206, 0.427758, 420
472, 48.8341, 1.46193, 420
473, 49.8682, 3.09001, 420
474, 54.1698, 1.29309, 420
475, 52.1627, -1.86669, 420
476, 49.0029, -3.87381, 420
477, 50.296, 5, 5
478, 50.296, 5, 10
479, 50.296, 5, 15
480, 50.296, 5, 20
481, 50.296, 5, 25
482, 50.296, 5, 30
483, 50.296, 5, 35
484, 50.296, 5, 40
485, 50.296, 5, 45
486, 50.296, 5, 50
487, 50.296, 5, 55
488, 50.296, 5, 60
489, 50.046, 5.25, 65
490, 49.796, 5.5, 70
491, 49.546, 5.75, 75
492, 49.296, 6, 80
493, 49.046, 6.25, 85
494, 48.796, 6.5, 90
495, 48.546, 6.75, 95
496, 48.296, 7, 100
497, 48.046, 7.25, 105
498, 47.796, 7.5, 110
499, 47.546, 7.75, 115
500, 47.296, 8, 120
501, 47.046, 8.25, 125
502, 46.796, 8.5, 130
503, 46.546, 8.75, 135
504, 46.296, 9, 140
505, 46.046, 9.25, 145
506, 45.796, 9.5, 150
507, 45.546, 9.75, 155
508, 45.296, 10, 160
509, 45.046, 10.25, 165
510, 44.796, 10.5, 170
511, 44.546, 10.75, 175
512, 44.296, 11, 180
513, 44.046, 11.25, 185
514, 44.046, 11.25, 190
515, 44.046, 11.25, 195
516, 44.046, 11.25, 200
517, 44.046, 11.25, 205
518, 44.046, 11.25, 210
519, 44.046, 11.25, 215
520, 44.046, 11.25, 220
521, 44.046, 11.25, 225
522, 44.046, 11.25, 230
523, 44.046, 11.25, 235
524, 44.296, 11, 240
525, 44.546, 10.75, 245
526, 44.796, 10.5, 250
527, 45.046, 10.25, 255
528, 45.296, 10, 260
529, 45.546, 9.75, 265
530, 45.796, 9.5, 270
531, 46.046, 9.25, 275
532, 46.296, 9, 280
533, 46.546, 8.75, 285
534, 46.796, 8.5, 290
535, 47.046, 8.25, 295
536, 47.296, 8, 300
537, 47.546, 7.75, 305
538, 47.796, 7.5, 310
539, 48.046, 7.25, 315
540, 48.296, 7, 320
541, 48.546, 6.75, 325
542, 48.796, 6.5, 330
543, 49.046, 6.25, 335
544, 49.296, 6, 340
545, 49.546, 5.75, 345
546, 49.796, 5.5, 350
547, 50.046, 5.25, 355
548, 50.296, 5, 360
549, 50.296, 5, 365
550, 50.296, 5, 370
551, 50.296, 5, 375
552, 50.296, 5, 380
553, 50.296, 5, 385
554, 50.296, 5, 390
555, 50.296, 5, 395
556, 50.296, 5, 400
557, 50.296, 5, 405
558, 50.296, 5, 410
559, 50.296, 5, 415
560, 55, 5, 5
561, 55, 5, 10
562, 55, 5, 15
563, 55, 5, 20
564, 55, 5, 25
565, 55, 5, 30
566, 55, 5, 35
567, 55, 5, 40
568, 55, 5, 45
569, 55, 5, 50
570, 55, 5, 55
571, 55, 5, 60
572, 54.75, 5.25, 65
573, 54.5, 5.5, 70
574, 54.25, 5.75, 75
575, 54, 6, 80
576, 53.75, 6.25, 85
577, 53.5, 6.5, 90
578, 53.25, 6.75, 95
579, 53, 7, 100
580, 52.75, 7.25, 105
581, 52.5, 7.5, 110
582, 52.25, 7.75, 115
583, 52, 8, 120
584, 51.75, 8.25, 125
585, 51.5, 8.5, 130
586, 51.25, 8.75, 135
587, 51, 9, 140
588, 50.75, 9.25, 145
589, 50.5, 9.5, 150
590, 50.25, 9.75, 155
591, 50, 10, 160
592, 49.75, 10.25, 165
593, 49.5, 10.5, 170
594, 49.25, 10.75, 175
595, 49, 11, 180
596, 48.75, 11.25, 185
597, 48.75, 11.25, 190
598, 48.75, 11.25, 195
599, 48.75, 11.25, 200
600, 48.75, 11.25, 205
601, 48.75, 11.25, 210
602, 48.75, 11.25, 215
603, 48.75, 11.25, 220
604, 48.75, 11.25, 225
605, 48.75, 11.25, 230
606, 48.75, 11.25, 235
607, 49, 11, 240
608, 49.25, 10.75, 245
609, 49.5, 10.5, 250
610, 49.75, 10.25, 255
611, 50, 10, 260
612, 50.25, 9.75, 265
613, 50.5, 9.5, 270
614, 50.75, 9.25, 275
615, 51, 9, 280
616, 51.25, 8.75, 285
617, 51.5, 8.5, 290
618, 51.75, 8.25, 295
619, 52, 8, 300
620, 52.25, 7.75, 305
621, 52.5, 7.5, 310
622, 52.75, 7.25, 315
623, 53, 7, 320
624, 53.25, 6.75, 325
625, 53.5, 6.5, 330
626, 53.75, 6.25, 335
627, 54, 6, 340
628, 54.25, 5.75, 345
629, 54.5, 5.5, 350
630, 54.75, 5.25, 355
631, 55, 5, 360
632, 55, 5, 365
633, 55, 5, 370
634, 55, 5, 375
635, 55, 5, 380
636, 55, 5, 385
637, 55, 5, 390
638, 55, 5, 395
639, 55, 5, 400
640, 55, 5, 405
641, 55, 5, 410
642, 55, 5, 415
643, 50.296, 10, 420
644, 50.296, 15, 420
645, 50.296, 20, 420
646, 50.296, 25, 420
647, 50.296, 30, 420
648, 50.296, 35, 420
649, 50.296, 40, 420
650, 50.296, 45, 420
651, 50.296, 50, 420
652, 50.296, 55, 420
653, 50.296, 60, 420
654, 50.296, 65, 420
655, 50.296, 70, 420
656, 50.296, 75, 420
657, 50.296, 80, 420
658, 50.296, 85, 420
659, 50.296, 90, 420
660, 50.296, 95, 420
661, 50.296, 100, 420
662, 50.296, 105, 420
663, 50.296, 110, 420
664, 50.296, 115, 420
665, 50.296, 120, 420
666, 50.296, 125, 420
667, 50.296, 130, 420
668, 50.296, 135, 420
669, 50.296, 140, 420
670, 55, 140, 420
671, 55, 135, 420
672, 55, 130, 420
673, 55, 125, 420
674, 55, 120, 420
675, 55, 115, 420
676, 55, 110, 420
677, 55, 105, 420
678, 55, 100, 420
679, 55, 95, 420
680, 55, 90, 420
681, 55, 85, 420
682, 55, 80, 420
683, 55, 75, 420
684, 55, 70, 420
685, 55, 65, 420
686, 55, 60, 420
687, 55, 55, 420
688, 55, 50, 420
689, 55, 45, 420
690, 55, 40, 420
691, 55, 35, 420
692, 55, 30, 420
693, 55, 25, 420
694, 55, 20, 420
695, 55, 15, 420
696, 55, 10, 420
697, 50.296, 145, 5
698, 50.296, 145, 10
699, 50.296, 145, 15
700, 50.296, 145, 20
701, 50.296, 145, 25
702, 50.296, 145, 30
703, 50.296, 145, 35
704, 50.296, 145, 40
705, 50.296, 145, 45
706, 50.296, 145, 50
707, 50.296, 145, 55
708, 50.296, 145, 60
709, 50.046, 144.75, 65
710, 49.796, 144.5, 70
711, 49.546, 144.25, 75
712, 49.296, 144, 80
713, 49.046, 143.75, 85
714, 48.796, 143.5, 90
715, 48.546, 143.25, 95
716, 48.296, 143, 100
717, 48.046, 142.75, 105
718, 47.796, 142.5, 110
719, 47.546, 142.25, 115
720, 47.296, 142, 120
721, 47.046, 141.75, 125
722, 46.796, 141.5, 130
723, 46.546, 141.25, 135
724, 46.296, 141, 140
725, 46.046, 140.75, 145
726, 45.796, 140.5, 150
727, 45.546, 140.25, 155
728, 45.296, 140, 160
729, 45.046, 139.75, 165
730, 44.796, 139.5, 170
731, 44.546, 139.25, 175
732, 44.296, 139, 180
733, 44.046, 138.75, 185
734, 44.046, 138.75, 190
735, 44.046, 138.75, 195
736, 44.046, 138.75, 200
737, 44.046, 138.75, 205
738, 44.046, 138.75, 210
739, 44.046, 138.75, 215
740, 44.046, 138.75, 220
741, 44.046, 138.75, 225
742, 44.046, 138.75, 230
743, 44.046, 138.75, 235
744, 44.296, 139, 240
745, 44.546, 139.25, 245
746, 44.796, 139.5, 250
747, 45.046, 139.75, 255
748, 45.296, 140, 260
749, 45.546, 140.25, 265
750, 45.796, 140.5, 270
751, 46.046, 140.75, 275
752, 46.296, 141, 280
753, 46.546, 141.25, 285
754, 46.796, 141.5, 290
755, 47.046, 141.75, 295
756, 47.296, 142, 300
757, 47.546, 142.25, 305
758, 47.796, 142.5, 310
759, 48.046, 142.75, 315
760, 48.296, 143, 320
761, 48.546, 143.25, 325
762, 48.796, 143.5, 330
763, 49.046, 143.75, 335
764, 49.296, 144, 340
765, 49.546, 144.25, 345
766, 49.796, 144.5, 350
767, 50.046, 144.75, 355
768, 50.296, 145, 360
769, 50.296, 145, 365
770, 50.296, 145, 370
771, 50.296, 145, 375
772, 50.296, 145, 380
773, 50.296, 145, 385
774, 50.296, 145, 390
775, 50.296, 145, 395
776, 50.296, 145, 400
777, 50.296, 145, 405
778, 50.296, 145, 410
779, 50.296, 145, 415
780, 55, 145, 5
781, 55, 145, 10
782, 55, 145, 15
783, 55, 145, 20
784, 55, 145, 25
785, 55, 145, 30
786, 55, 145, 35
787, 55, 145, 40
788, 55, 145, 45
789, 55, 145, 50
790, 55, 145, 55
791, 55, 145, 60
792, 54.75, 144.75, 65
793, 54.5, 144.5, 70
794, 54.25, 144.25, 75
795, 54, 144, 80
796, 53.75, 143.75, 85
797, 53.5, 143.5, 90
798, 53.25, 143.25, 95
799, 53, 143, 100
800, 52.75, 142.75, 105
801, 52.5, 142.5, 110
802, 52.25, 142.25, 115
803, 52, 142, 120
804, 51.75, 141.75, 125
805, 51.5, 141.5, 130
806, 51.25, 141.25, 135
807, 51, 141, 140
808, 50.75, 140.75, 145
809, 50.5, 140.5, 150
810, 50.25, 140.25, 155
811, 50, 140, 160
812, 49.75, 139.75, 165
813, 49.5, 139.5, 170
814, 49.25, 139.25, 175
815, 49, 139, 180
816, 48.75, 138.75, 185
817, 48.75, 138.75, 190
818, 48.75, 138.75, 195
819, 48.75, 138.75, 200
820, 48.75, 138.75, 205
821, 48.75, 138.75, 210
822, 48.75, 138.75, 215
823, 48.75, 138.75, 220
824, 48.75, 138.75, 225
825, 48.75, 138.75, 230
826, 48.75, 138.75, 235
827, 49, 139, 240
828, 49.25, 139.25, 245
829, 49.5, 139.5, 250
830, 49.75, 139.75, 255
831, 50, 140, 260
832, 50.25, 140.25, 265
833, 50.5, 140.5, 270
834, 50.75, 140.75, 275
835, 51, 141, 280
836, 51.25, 141.25, 285
837, 51.5, 141.5, 290
838, 51.75, 141.75, 295
839, 52, 142, 300
840, 52.25, 142.25, 305
841, 52.5, 142.5, 310
842, 52.75, 142.75, 315
843, 53, 143, 320
844, 53.25, 143.25, 325
845, 53.5, 143.5, 330
846, 53.75, 143.75, 335
847, 54, 144, 340
848, 54.25, 144.25, 345
849, 54.5, 144.5, 350
850, 54.75, 144.75, 355
851, 55, 145, 360
852, 55, 145, 365
853, 55, 145, 370
854, 55, 145, 375
855, 55, 145, 380
856, 55, 145, 385
857, 55, 145, 390
858, 55, 145, 395
859, 55, 145, 400
860, 55, 145, 405
861, 55, 145, 410
862, 55, 145, 415
863, 49.8682, 146.91, 420
864, 48.8341, 148.538, 420
865, 47.206, 149.572, 420
866, 49.0029, 153.874, 420
867, 52.1627, 151.867, 420
868, 54.1698, 148.707, 420
869, 45.296, 150, 5
870, 45.296, 150, 10
871, 45.296, 150, 15
872, 45.296, 150, 20
873, 45.296, 150, 25
874, 45.296, 150, 30
875, 45.296, 150, 35
876, 45.296, 150, 40
877, 45.296, 150, 45
878, 45.296, 150, 50
879, 45.296, 150, 55
880, 45.296, 150, 60
881, 45.046, 149.75, 65
882, 44.796, 149.5, 70
883, 44.546, 149.25, 75
884, 44.296, 149, 80
885, 44.046, 148.75, 85
886, 43.796, 148.5, 90
887, 43.546, 148.25, 95
888, 43.296, 148, 100
889, 43.046, 147.75, 105
890, 42.796, 147.5, 110
891, 42.546, 147.25, 115
892, 42.296, 147, 120
893, 42.046, 146.75, 125
894, 41.796, 146.5, 130
895, 41.546, 146.25, 135
896, 41.296, 146, 140
897, 41.046, 145.75, 145
898, 40.796, 145.5, 150
899, 40.546, 145.25, 155
900, 40.296, 145, 160
901, 40.046, 144.75, 165
902, 39.796, 144.5, 170
903, 39.546, 144.25, 175
904, 39.296, 144, 180
905, 39.046, 143.75, 185
906, 39.046, 143.75, 190
907, 39.046, 143.75, 195
908, 39.046, 143.75, 200
909, 39.046, 143.75, 205
910, 39.046, 143.75, 210
911, 39.046, 143.75, 215
912, 39.046, 143.75, 220
913, 39.046, 143.75, 225
914, 39.046, 143.75, 230
915, 39.046, 143.75, 235
916, 39.296, 144, 240
917, 39.546, 144.25, 245
918, 39.796, 144.5, 250
919, 40.046, 144.75, 255
920, 40.296, 145, 260
921, 40.546, 145.25, 265
922, 40.796, 145.5, 270
923, 41.046, 145.75, 275
924, 41.296, 146, 280
925, 41.546, 146.25, 285
926, 41.796, 146.5, 290
927, 42.046, 146.75, 295
928, 42.296, 147, 300
929, 42.546, 147.25, 305
930, 42.796, 147.5, 310
931, 43.046, 147.75, 315
932, 43.296, 148, 320
933, 43.546, 148.25, 325
934, 43.796, 148.5, 330
935, 44.046, 148.75, 335
936, 44.296, 149, 340
937, 44.546, 149.25, 345
938, 44.796, 149.5, 350
939, 45.046, 149.75, 355
940, 45.296, 150, 360
941, 45.296, 150, 365
942, 45.296, 150, 370
943, 45.296, 150, 375
944, 45.296, 150, 380
945, 45.296, 150, 385
946, 45.296, 150, 390
947, 45.296, 150, 395
948, 45.296, 150, 400
949, 45.296, 150, 405
950, 45.296, 150, 410
951, 45.296, 150, 415
952, 45.296, 154.704, 5
953, 45.296, 154.704, 10
954, 45.296, 154.704, 15
955, 45.296, 154.704, 20
956, 45.296, 154.704, 25
957, 45.296, 154.704, 30
958, 45.296, 154.704, 35
959, 45.296, 154.704, 40
960, 45.296, 154.704, 45
961, 45.296, 154.704, 50
962, 45.296, 154.704, 55
963, 45.296, 154.704, 60
964, 45.046, 154.454, 65
965, 44.796, 154.204, 70
966, 44.546, 153.954, 75
967, 44.296, 153.704, 80
968, 44.046, 153.454, 85
969, 43.796, 153.204, 90
970, 43.546, 152.954, 95
971, 43.296, 152.704, 100
972, 43.046, 152.454, 105
973, 42.796, 152.204, 110
974, 42.546, 151.954, 115
975, 42.296, 151.704, 120
976, 42.046, 151.454, 125
977, 41.796, 151.204, 130
978, 41.546, 150.954, 135
979, 41.296, 150.704, 140
980, 41.046, 150.454, 145
981, 40.796, 150.204, 150
982, 40.546, 149.954, 155
983, 40.296, 149.704, 160
984, 40.046, 149.454, 165
985, 39.796, 149.204, 170
986, 39.546, 148.954, 175
987, 39.296, 148.704, 180
988, 39.046, 148.454, 185
989, 39.046, 148.454, 190
990, 39.046, 148.454, 195
991, 39.046, 148.454, 200
992, 39.046, 148.454, 205
993, 39.046, 148.454, 210
994, 39.046, 148.454, 215
995, 39.046, 148.454, 220
996, 39.046, 148.454, 225
997, 39.046, 148.454, 230
998, 39.046, 148.454, 235
999, 39.296, 148.704, 240
1000, 39.546, 148.954, 245
1001, 39.796, 149.204, 250
1002, 40.046, 149.454, 255
1003, 40.296, 149.704, 260
1004, 40.546, 149.954, 265
1005, 40.796, 150.204, 270
1006, 41.046, 150.454, 275
1007, 41.296, 150.704, 280
1008, 41.546, 150.954, 285
1009, 41.796, 151.204, 290
1010, 42.046, 151.454, 295
1011, 42.296, 151.704, 300
1012, 42.546, 151.954, 305
1013, 42.796, 152.204, 310
1014, 43.046, 152.454, 315
1015, 43.296, 152.704, 320
1016, 43.546, 152.954, 325
1017, 43.796, 153.204, 330
1018, 44.046, 153.454, 335
1019, 44.296, 153.704, 340
1020, 44.546, 153.954, 345
1021, 44.796, 154.204, 350
1022, 45.046, 154.454, 355
1023, 45.296, 154.704, 360
1024, 45.296, 154.704, 365
1025, 45.296, 154.704, 370
1026, 45.296, 154.704, 375
1027, 45.296, 154.704, 380
1028, 45.296, 154.704, 385
1029, 45.296, 154.704, 390
1030, 45.296, 154.704, 395
1031, 45.296, 154.704, 400
1032, 45.296, 154.704, 405
1033, 45.296, 154.704, 410
1034, 45.296, 154.704, 415
1035, 40.2631, 150, 420
1036, 35.2302, 150, 420
1037, 30.1973, 150, 420
1038, 25.1644, 150, 420
1039, 20.1316, 150, 420
1040, 15.0987, 150, 420
1041, 10.0658, 150, 420
1042, 5.03289, 150, 420
1043, 5.03289, 154.704, 420
1044, 10.0658, 154.704, 420
1045, 15.0987, 154.704, 420
1046, 20.1316, 154.704, 420
1047, 25.1644, 154.704, 420
1048, 30.1973, 154.704, 420
1049, 35.2302, 154.704, 420
1050, 40.2631, 154.704, 420
1051, 8.97449e-009, 150, 5
1052, 8.97449e-009, 150, 10
1053, 8.97449e-009, 150, 15
1054, 8.97449e-009, 150, 20
1055, 8.97449e-009, 150, 25
1056, 8.97449e-009, 150, 30
1057, 8.97449e-009, 150, 35
1058, 8.97449e-009, 150, 40
1059, 8.97449e-009, 150, 45
1060, 8.97449e-009, 150, 50
1061, 8.97449e-009, 150, 55
1062, 8.97449e-009, 150, 60
1063, 8.97449e-009, 149.75, 65
1064, 8.97449e-009, 149.5, 70
1065, 8.97449e-009, 149.25, 75
1066, 8.97449e-009, 149, 80
1067, 8.97449e-009, 148.75, 85
1068, 8.97449e-009, 148.5, 90
1069, 8.97449e-009, 148.25, 95
1070, 8.97449e-009, 148, 100
1071, 8.97449e-009, 147.75, 105
1072, 8.97449e-009, 147.5, 110
1073, 8.97449e-009, 147.25, 115
1074, 8.97449e-009, 147, 120
1075, 8.97449e-009, 146.75, 125
1076, 8.97449e-009, 146.5, 130
1077, 8.97449e-009, 146.25, 135
1078, 8.97449e-009, 146, 140
1079, 8.97449e-009, 145.75, 145
1080, 8.97449e-009, 145.5, 150
1081, 8.97449e-009, 145.25, 155
1082, 8.97449e-009, 145, 160
1083, 8.97449e-009, 144.75, 165
1084, 8.97449e-009, 144.5, 170
1085, 8.97449e-009, 144.25, 175
1086, 8.97449e-009, 144, 180
1087, 8.97449e-009, 143.75, 185
1088, 8.97449e-009, 143.75, 190
1089, 8.97449e-009, 143.75, 195
1090, 8.97449e-009, 143.75, 200
1091, 8.97449e-009, 143.75, 205
1092, 8.97449e-009, 143.75, 210
1093, 8.97449e-009, 143.75, 215
1094, 8.97449e-009, 143.75, 220
1095, 8.97449e-009, 143.75, 225
1096, 8.97449e-009, 143.75, 230
1097, 8.97449e-009, 143.75, 235
1098, 8.97449e-009, 144, 240
1099, 8.97449e-009, 144.25, 245
1100, 8.97449e-009, 144.5, 250
1101, 8.97449e-009, 144.75, 255
1102, 8.97449e-009, 145, 260
1103, 8.97449e-009, 145.25, 265
1104, 8.97449e-009, 145.5, 270
1105, 8.97449e-009, 145.75, 275
1106, 8.97449e-009, 146, 280
1107, 8.97449e-009, 146.25, 285
1108, 8.97449e-009, 146.5, 290
1109, 8.97449e-009, 146.75, 295
1110, 8.97449e-009, 147, 300
1111, 8.97449e-009, 147.25, 305
1112, 8.97449e-009, 147.5, 310
1113, 8.97449e-009, 147.75, 315
1114, 8.97449e-009, 148, 320
1115, 8.97449e-009, 148.25, 325
1116, 8.97449e-009, 148.5, 330
1117, 8.97449e-009, 148.75, 335
1118, 8.97449e-009, 149, 340
1119, 8.97449e-009, 149.25, 345
1120, 8.97449e-009, 149.5, 350
1121, 8.97449e-009, 149.75, 355
1122, 8.97449e-009, 150, 360
1123, 8.97449e-009, 150, 365
1124, 8.97449e-009, 150, 370
1125, 8.97449e-009, 150, 375
1126, 8.97449e-009, 150, 380
1127, 8.97449e-009, 150, 385
1128, 8.97449e-009, 150, 390
1129, 8.97449e-009, 150, 395
1130, 8.97449e-009, 150, 400
1131, 8.97449e-009, 150, 405
1132, 8.97449e-009, 150, 410
1133, 8.97449e-009, 150, 415
1134, 1.74177e-008, 154.704, 5
1135, 1.74177e-008, 154.704, 10
1136, 1.74177e-008, 154.704, 15
1137, 1.74177e-008, 154.704, 20
1138, 1.74177e-008, 154.704, 25
1139, 1.74177e-008, 154.704, 30
1140, 1.74177e-008, 154.704, 35
1141, 1.74177e-008, 154.704, 40
1142, 1.74177e-008, 154.704, 45
1143, 1.74177e-008, 154.704, 50
1144, 1.74177e-008, 154.704, 55
1145, 1.74177e-008, 154.704, 60
1146, 1.74177e-008, 154.454, 65
1147, 1.74177e-008, 154.204, 70
1148, 1.74177e-008, 153.954, 75
1149, 1.74177e-008, 153.704, 80
1150, 1.74177e-008, 153.454, 85
1151, 1.74177e-008, 153.204, 90
1152, 1.74177e-008, 152.954, 95
1153, 1.74177e-008, 152.704, 100
1154, 1.74177e-008, 152.454, 105
1155, 1.74177e-008, 152.204, 110
1156, 1.74177e-008, 151.954, 115
1157, 1.74177e-008, 151.704, 120
1158, 1.74177e-008, 151.454, 125
1159, 1.74177e-008, 151.204, 130
1160, 1.74177e-008, 150.954, 135
1161, 1.74177e-008, 150.704, 140
1162, 1.74177e-008, 150.454, 145
1163, 1.74177e-008, 150.204, 150
1164, 1.74177e-008, 149.954, 155
1165, 1.74177e-008, 149.704, 160
1166, 1.74177e-008, 149.454, 165
1167, 1.74177e-008, 149.204, 170
1168, 1.74177e-008, 148.954, 175
1169, 1.74177e-008, 148.704, 180
1170, 1.74177e-008, 148.454, 185
1171, 1.74177e-008, 148.454, 190
1172, 1.74177e-008, 148.454, 195
1173, 1.74177e-008, 148.454, 200
1174, 1.74177e-008, 148.454, 205
1175, 1.74177e-008, 148.454, 210
1176, 1.74177e-008, 148.454, 215
1177, 1.74177e-008, 148.454, 220
1178, 1.74177e-008, 148.454, 225
1179, 1.74177e-008, 148.454, 230
1180, 1.74177e-008, 148.454, 235
1181, 1.74177e-008, 148.704, 240
1182, 1.74177e-008, 148.954, 245
1183, 1.74177e-008, 149.204, 250
1184, 1.74177e-008, 149.454, 255
1185, 1.74177e-008, 149.704, 260
1186, 1.74177e-008, 149.954, 265
1187, 1.74177e-008, 150.204, 270
1188, 1.74177e-008, 150.454, 275
1189, 1.74177e-008, 150.704, 280
1190, 1.74177e-008, 150.954, 285
1191, 1.74177e-008, 151.204, 290
1192, 1.74177e-008, 151.454, 295
1193, 1.74177e-008, 151.704, 300
1194, 1.74177e-008, 151.954, 305
1195, 1.74177e-008, 152.204, 310
1196, 1.74177e-008, 152.454, 315
1197, 1.74177e-008, 152.704, 320
1198, 1.74177e-008, 152.954, 325
1199, 1.74177e-008, 153.204, 330
1200, 1.74177e-008, 153.454, 335
1201, 1.74177e-008, 153.704, 340
1202, 1.74177e-008, 153.954, 345
1203, 1.74177e-008, 154.204, 350
1204, 1.74177e-008, 154.454, 355
1205, 1.74177e-008, 154.704, 360
1206, 1.74177e-008, 154.704, 365
1207, 1.74177e-008, 154.704, 370
1208, 1.74177e-008, 154.704, 375
1209, 1.74177e-008, 154.704, 380
1210, 1.74177e-008, 154.704, 385
1211, 1.74177e-008, 154.704, 390
1212, 1.74177e-008, 154.704, 395
1213, 1.74177e-008, 154.704, 400
1214, 1.74177e-008, 154.704, 405
1215, 1.74177e-008, 154.704, 410
1216, 1.74177e-008, 154.704, 415
1217, 5.03289, -7.22681e-008, 5
1218, 5.03289, -7.22681e-008, 10
1219, 5.03289, -7.22681e-008, 15
1220, 5.03289, -7.22681e-008, 20
1221, 5.03289, -7.22681e-008, 25
1222, 5.03289, -7.22681e-008, 30
1223, 5.03289, -7.22681e-008, 35
1224, 5.03289, -7.22681e-008, 40
1225, 5.03289, -7.22681e-008, 45
1226, 5.03289, -7.22681e-008, 50
1227, 5.03289, -7.22681e-008, 55
1228, 5.03289, -7.22681e-008, 60
1229, 5.00511, 0.25, 65
1230, 4.97733, 0.5, 70
1231, 4.94956, 0.75, 75
1232, 4.92178, 1, 80
1233, 4.894, 1.25, 85
1234, 4.86622, 1.5, 90
1235, 4.83844, 1.75, 95
1236, 4.81067, 2, 100
1237, 4.78289, 2.25, 105
1238, 4.75511, 2.5, 110
1239, 4.72733, 2.75, 115
1240, 4.69956, 3, 120
1241, 4.67178, 3.25, 125
1242, 4.644, 3.5, 130
1243, 4.61622, 3.75, 135
1244, 4.58844, 4, 140
1245, 4.56067, 4.25, 145
1246, 4.53289, 4.5, 150
1247, 4.50511, 4.75, 155
1248, 4.47733, 5, 160
1249, 4.44956, 5.25, 165
1250, 4.42178, 5.5, 170
1251, 4.394, 5.75, 175
1252, 4.36622, 6, 180
1253, 4.33844, 6.25, 185
1254, 4.33844, 6.25, 190
1255, 4.33844, 6.25, 195
1256, 4.33844, 6.25, 200
1257, 4.33844, 6.25, 205
1258, 4.33844, 6.25, 210
1259, 4.33844, 6.25, 215
1260, 4.33844, 6.25, 220
1261, 4.33844, 6.25, 225
1262, 4.33844, 6.25, 230
1263, 4.33844, 6.25, 235
1264, 4.36622, 6, 240
1265, 4.394, 5.75, 245
1266, 4.42178, 5.5, 250
1267, 4.44956, 5.25, 255
1268, 4.47733, 5, 260
1269, 4.50511, 4.75, 265
1270, 4.53289, 4.5, 270
1271, 4.56067, 4.25, 275
1272, 4.58844, 4, 280
1273, 4.61622, 3.75, 285
1274, 4.644, 3.5, 290
1275, 4.67178, 3.25, 295
1276, 4.69956, 3, 300
1277, 4.72733, 2.75, 305
1278, 4.75511, 2.5, 310
1279, 4.78289, 2.25, 315
1280, 4.81067, 2, 320
1281, 4.83844, 1.75, 325
1282, 4.86622, 1.5, 330
1283, 4.894, 1.25, 335
1284, 4.92178, 1, 340
1285, 4.94956, 0.75, 345
1286, 4.97733, 0.5, 350
1287, 5.00511, 0.25, 355
1288, 5.03289, -7.22681e-008, 360
1289, 5.03289, -7.22681e-008, 365
1290, 5.03289, -7.22681e-008, 370
1291, 5.03289, -7.22681e-008, 375
1292, 5.03289, -7.22681e-008, 380
1293, 5.03289, -7.22681e-008, 385
1294, 5.03289, -7.22681e-008, 390
1295, 5.03289, -7.22681e-008, 395
1296, 5.03289, -7.22681e-008, 400
1297, 5.03289, -7.22681e-008, 405
1298, 5.03289, -7.22681e-008, 410
1299, 5.03289, -7.22681e-008, 415
1300, 10.0658, -6.32346e-008, 5
1301, 10.0658, -6.32346e-008, 10
1302, 10.0658, -6.32346e-008, 15
1303, 10.0658, -6.32346e-008, 20
1304, 10.0658, -6.32346e-008, 25
1305, 10.0658, -6.32346e-008, 30
1306, 10.0658, -6.32346e-008, 35
1307, 10.0658, -6.32346e-008, 40
1308, 10.0658, -6.32346e-008, 45
1309, 10.0658, -6.32346e-008, 50
1310, 10.0658, -6.32346e-008, 55
1311, 10.0658, -6.32346e-008, 60
1312, 10.0102, 0.25, 65
1313, 9.95467, 0.5, 70
1314, 9.89911, 0.75, 75
1315, 9.84356, 1, 80
1316, 9.788, 1.25, 85
1317, 9.73244, 1.5, 90
1318, 9.67689, 1.75, 95
1319, 9.62133, 2, 100
1320, 9.56578, 2.25, 105
1321, 9.51022, 2.5, 110
1322, 9.45467, 2.75, 115
1323, 9.39911, 3, 120
1324, 9.34356, 3.25, 125
1325, 9.288, 3.5, 130
1326, 9.23244, 3.75, 135
1327, 9.17689, 4, 140
1328, 9.12133, 4.25, 145
1329, 9.06578, 4.5, 150
1330, 9.01022, 4.75, 155
1331, 8.95467, 5, 160
1332, 8.89911, 5.25, 165
1333, 8.84356, 5.5, 170
1334, 8.788, 5.75, 175
1335, 8.73244, 6, 180
1336, 8.67689, 6.25, 185
1337, 8.67689, 6.25, 190
1338, 8.67689, 6.25, 195
1339, 8.67689, 6.25, 200
1340, 8.67689, 6.25, 205
1341, 8.67689, 6.25, 210
1342, 8.67689, 6.25, 215
1343, 8.67689, 6.25, 220
1344, 8.67689, 6.25, 225
1345, 8.67689, 6.25, 230
1346, 8.67689, 6.25, 235
1347, 8.73244, 6, 240
1348, 8.788, 5.75, 245
1349, 8.84356, 5.5, 250
1350, 8.89911, 5.25, 255
1351, 8.95467, 5, 260
1352, 9.01022, 4.75, 265
1353, 9.06578, 4.5, 270
1354, 9.12133, 4.25, 275
1355, 9.17689, 4, 280
1356, 9.23244, 3.75, 285
1357, 9.288, 3.5, 290
1358, 9.34356, 3.25, 295
1359, 9.39911, 3, 300
1360, 9.45467, 2.75, 305
1361, 9.51022, 2.5, 310
1362, 9.56578, 2.25, 315
1363, 9.62133, 2, 320
1364, 9.67689, 1.75, 325
1365, 9.73244, 1.5, 330
1366, 9.788, 1.25, 335
1367, 9.84356, 1, 340
1368, 9.89911, 0.75, 345
1369, 9.95467, 0.5, 350
1370, 10.0102, 0.25, 355
1371, 10.0658, -6.32346e-008, 360
1372, 10.0658, -6.32346e-008, 365
1373, 10.0658, -6.32346e-008, 370
1374, 10.0658, -6.32346e-008, 375
1375, 10.0658, -6.32346e-008, 380
1376, 10.0658, -6.32346e-008, 385
1377, 10.0658, -6.32346e-008, 390
1378, 10.0658, -6.32346e-008, 395
1379, 10.0658, -6.32346e-008, 400
1380, 10.0658, -6.32346e-008, 405
1381, 10.0658, -6.32346e-008, 410
1382, 10.0658, -6.32346e-008, 415
1383, 15.0987, -5.42011e-008, 5
1384, 15.0987, -5.42011e-008, 10
1385, 15.0987, -5.42011e-008, 15
1386, 15.0987, -5.42011e-008, 20
1387, 15.0987, -5.42011e-008, 25
1388, 15.0987, -5.42011e-008, 30
1389, 15.0987, -5.42011e-008, 35
1390, 15.0987, -5.42011e-008, 40
1391, 15.0987, -5.42011e-008, 45
1392, 15.0987, -5.42011e-008, 50
1393, 15.0987, -5.42011e-008, 55
1394, 15.0987, -5.42011e-008, 60
1395, 15.0153, 0.25, 65
1396, 14.932, 0.5, 70
1397, 14.8487, 0.75, 75
1398, 14.7653, 1, 80
1399, 14.682, 1.25, 85
1400, 14.5987, 1.5, 90
1401, 14.5153, 1.75, 95
1402, 14.432, 2, 100
1403, 14.3487, 2.25, 105
1404, 14.2653, 2.5, 110
1405, 14.182, 2.75, 115
1406, 14.0987, 3, 120
1407, 14.0153, 3.25, 125
1408, 13.932, 3.5, 130
1409, 13.8487, 3.75, 135
1410, 13.7653, 4, 140
1411, 13.682, 4.25, 145
1412, 13.5987, 4.5, 150
1413, 13.5153, 4.75, 155
1414, 13.432, 5, 160
1415, 13.3487, 5.25, 165
1416, 13.2653, 5.5, 170
1417, 13.182, 5.75, 175
1418, 13.0987, 6, 180
1419, 13.0153, 6.25, 185
1420, 13.0153, 6.25, 190
1421, 13.0153, 6.25, 195
1422, 13.0153, 6.25, 200
1423, 13.0153, 6.25, 205
1424, 13.0153, 6.25, 210
1425, 13.0153, 6.25, 215
1426, 13.0153, 6.25, 220
1427, 13.0153, 6.25, 225
1428, 13.0153, 6.25, 230
1429, 13.0153, 6.25, 235
1430, 13.0987, 6, 240
1431, 13.182, 5.75, 245
1432, 13.2653, 5.5, 250
1433, 13.3487, 5.25, 255
1434, 13.432, 5, 260
1435, 13.5153, 4.75, 265
1436, 13.5987, 4.5, 270
1437, 13.682, 4.25, 275
1438, 13.7653, 4, 280
1439, 13.8487, 3.75, 285
1440, 13.932, 3.5, 290
1441, 14.0153, 3.25, 295
1442, 14.0987, 3, 300
1443, 14.182, 2.75, 305
1444, 14.2653, 2.5, 310
1445, 14.3487, 2.25, 315
1446, 14.432, 2, 320
1447, 14.5153, 1.75, 325
1448, 14.5987, 1.5, 330
1449, 14.682, 1.25, 335
1450, 14.7653, 1, 340
1451, 14.8487, 0.75, 345
1452, 14.932, 0.5, 350
1453, 15.0153, 0.25, 355
1454, 15.0987, -5.42011e-008, 360
1455, 15.0987, -5.42011e-008, 365
1456, 15.0987, -5.42011e-008, 370
1457, 15.0987, -5.42011e-008, 375
1458, 15.0987, -5.42011e-008, 380
1459, 15.0987, -5.42011e-008, 385
1460, 15.0987, -5.42011e-008, 390
1461, 15.0987, -5.42011e-008, 395
1462, 15.0987, -5.42011e-008, 400
1463, 15.0987, -5.42011e-008, 405
1464, 15.0987, -5.42011e-008, 410
1465, 15.0987, -5.42011e-008, 415
1466, 20.1316, -4.51676e-008, 5
1467, 20.1316, -4.51676e-008, 10
1468, 20.1316, -4.51676e-008, 15
1469, 20.1316, -4.51676e-008, 20
1470, 20.1316, -4.51676e-008, 25
1471, 20.1316, -4.51676e-008, 30
1472, 20.1316, -4.51676e-008, 35
1473, 20.1316, -4.51676e-008, 40
1474, 20.1316, -4.51676e-008, 45
1475, 20.1316, -4.51676e-008, 50
1476, 20.1316, -4.51676e-008, 55
1477, 20.1316, -4.51676e-008, 60
1478, 20.0204, 0.25, 65
1479, 19.9093, 0.5, 70
1480, 19.7982, 0.75, 75
1481, 19.6871, 1, 80
1482, 19.576, 1.25, 85
1483, 19.4649, 1.5, 90
1484, 19.3538, 1.75, 95
1485, 19.2427, 2, 100
1486, 19.1316, 2.25, 105
1487, 19.0204, 2.5, 110
1488, 18.9093, 2.75, 115
1489, 18.7982, 3, 120
1490, 18.6871, 3.25, 125
1491, 18.576, 3.5, 130
1492, 18.4649, 3.75, 135
1493, 18.3538, 4, 140
1494, 18.2427, 4.25, 145
1495, 18.1316, 4.5, 150
1496, 18.0204, 4.75, 155
1497, 17.9093, 5, 160
1498, 17.7982, 5.25, 165
1499, 17.6871, 5.5, 170
1500, 17.576, 5.75, 175
1501, 17.4649, 6, 180
1502, 17.3538, 6.25, 185
1503, 17.3538, 6.25, 190
1504, 17.3538, 6.25, 195
1505, 17.3538, 6.25, 200
1506, 17.3538, 6.25, 205
1507, 17.3538, 6.25, 210
1508, 17.3538, 6.25, 215
1509, 17.3538, 6.25, 220
1510, 17.3538, 6.25, 225
1511, 17.3538, 6.25, 230
1512, 17.3538, 6.25, 235
1513, 17.4649, 6, 240
1514, 17.576, 5.75, 245
1515, 17.6871, 5.5, 250
1516, 17.7982, 5.25, 255
1517, 17.9093, 5, 260
1518, 18.0204, 4.75, 265
1519, 18.1316, 4.5, 270
1520, 18.2427, 4.25, 275
1521, 18.3538, 4, 280
1522, 18.4649, 3.75, 285
1523, 18.576, 3.5, 290
1524, 18.6871, 3.25, 295
1525, 18.7982, 3, 300
1526, 18.9093, 2.75, 305
1527, 19.0204, 2.5, 310
1528, 19.1316, 2.25, 315
1529, 19.2427, 2, 320
1530, 19.3538, 1.75, 325
1531, 19.4649, 1.5, 330
1532, 19.576, 1.25, 335
1533, 19.6871, 1, 340
1534, 19.7982, 0.75, 345
1535, 19.9093, 0.5, 350
1536, 20.0204, 0.25, 355
1537, 20.1316, -4.51676e-008, 360
1538, 20.1316, -4.51676e-008, 365
1539, 20.1316, -4.51676e-008, 370
1540, 20.1316, -4.51676e-008, 375
1541, 20.1316, -4.51676e-008, 380
1542, 20.1316, -4.51676e-008, 385
1543, 20.1316, -4.51676e-008, 390
1544, 20.1316, -4.51676e-008, 395
1545, 20.1316, -4.51676e-008, 400
1546, 20.1316, -4.51676e-008, 405
1547, 20.1316, -4.51676e-008, 410
1548, 20.1316, -4.51676e-008, 415
1549, 25.1644, -3.61341e-008, 5
1550, 25.1644, -3.61341e-008, 10
1551, 25.1644, -3.61341e-008, 15
1552, 25.1644, -3.61341e-008, 20
1553, 25.1644, -3.61341e-008, 25
1554, 25.1644, -3.61341e-008, 30
1555, 25.1644, -3.61341e-008, 35
1556, 25.1644, -3.61341e-008, 40
1557, 25.1644, -3.61341e-008, 45
1558, 25.1644, -3.61341e-008, 50
1559, 25.1644, -3.61341e-008, 55
1560, 25.1644, -3.61341e-008, 60
1561, 25.0256, 0.25, 65
1562, 24.8867, 0.5, 70
1563, 24.7478, 0.75, 75
1564, 24.6089, 1, 80
1565, 24.47, 1.25, 85
1566, 24.3311, 1.5, 90
1567, 24.1922, 1.75, 95
1568, 24.0533, 2, 100
1569, 23.9144, 2.25, 105
1570, 23.7756, 2.5, 110
1571, 23.6367, 2.75, 115
1572, 23.4978, 3, 120
1573, 23.3589, 3.25, 125
1574, 23.22, 3.5, 130
1575, 23.0811, 3.75, 135
1576, 22.9422, 4, 140
1577, 22.8033, 4.25, 145
1578, 22.6644, 4.5, 150
1579, 22.5256, 4.75, 155
1580, 22.3867, 5, 160
1581, 22.2478, 5.25, 165
1582, 22.1089, 5.5, 170
1583, 21.97, 5.75, 175
1584, 21.8311, 6, 180
1585, 21.6922, 6.25, 185
1586, 21.6922, 6.25, 190
1587, 21.6922, 6.25, 195
1588, 21.6922, 6.25, 200
1589, 21.6922, 6.25, 205
1590, 21.6922, 6.25, 210
1591, 21.6922, 6.25, 215
1592, 21.6922, 6.25, 220
1593, 21.6922, 6.25, 225
1594, 21.6922, 6.25, 230
1595, 21.6922, 6.25, 235
1596, 21.8311, 6, 240
1597, 21.97, 5.75, 245
1598, 22.1089, 5.5, 250
1599, 22.2478, 5.25, 255
1600, 22.3867, 5, 260
1601, 22.5256, 4.75, 265
1602, 22.6644, 4.5, 270
1603, 22.8033, 4.25, 275
1604, 22.9422, 4, 280
1605, 23.0811, 3.75, 285
1606, 23.22, 3.5, 290
1607, 23.3589, 3.25, 295
1608, 23.4978, 3, 300
1609, 23.6367, 2.75, 305
1610, 23.7756, 2.5, 310
1611, 23.9144, 2.25, 315
1612, 24.0533, 2, 320
1613, 24.1922, 1.75, 325
1614, 24.3311, 1.5, 330
1615, 24.47, 1.25, 335
1616, 24.6089, 1, 340
1617, 24.7478, 0.75, 345
1618, 24.8867, 0.5, 350
1619, 25.0256, 0.25, 355
1620, 25.1644, -3.61341e-008, 360
1621, 25.1644, -3.61341e-008, 365
1622, 25.1644, -3.61341e-008, 370
1623, 25.1644, -3.61341e-008, 375
1624, 25.1644, -3.61341e-008, 380
1625, 25.1644, -3.61341e-008, 385
1626, 25.1644, -3.61341e-008, 390
1627, 25.1644, -3.61341e-008, 395
1628, 25.1644, -3.61341e-008, 400
1629, 25.1644, -3.61341e-008, 405
1630, 25.1644, -3.61341e-008, 410
1631, 25.1644, -3.61341e-008, 415
1632, 30.1973, -2.71005e-008, 5
1633, 30.1973, -2.71005e-008, 10
1634, 30.1973, -2.71005e-008, 15
1635, 30.1973, -2.71005e-008, 20
1636, 30.1973, -2.71005e-008, 25
1637, 30.1973, -2.71005e-008, 30
1638, 30.1973, -2.71005e-008, 35
1639, 30.1973, -2.71005e-008, 40
1640, 30.1973, -2.71005e-008, 45
1641, 30.1973, -2.71005e-008, 50
1642, 30.1973, -2.71005e-008, 55
1643, 30.1973, -2.71005e-008, 60
1644, 30.0307, 0.25, 65
1645, 29.864, 0.5, 70
1646, 29.6973, 0.75, 75
1647, 29.5307, 1, 80
1648, 29.364, 1.25, 85
1649, 29.1973, 1.5, 90
1650, 29.0307, 1.75, 95
1651, 28.864, 2, 100
1652, 28.6973, 2.25, 105
1653, 28.5307, 2.5, 110
1654, 28.364, 2.75, 115
1655, 28.1973, 3, 120
1656, 28.0307, 3.25, 125
1657, 27.864, 3.5, 130
1658, 27.6973, 3.75, 135
1659, 27.5307, 4, 140
1660, 27.364, 4.25, 145
1661, 27.1973, 4.5, 150
1662, 27.0307, 4.75, 155
1663, 26.864, 5, 160
1664, 26.6973, 5.25, 165
1665, 26.5307, 5.5, 170
1666, 26.364, 5.75, 175
1667, 26.1973, 6, 180
1668, 26.0307, 6.25, 185
1669, 26.0307, 6.25, 190
1670, 26.0307, 6.25, 195
1671, 26.0307, 6.25, 200
1672, 26.0307, 6.25, 205
1673, 26.0307, 6.25, 210
1674, 26.0307, 6.25, 215
1675, 26.0307, 6.25, 220
1676, 26.0307, 6.25, 225
1677, 26.0307, 6.25, 230
1678, 26.0307, 6.25, 235
1679, 26.1973, 6, 240
1680, 26.364, 5.75, 245
1681, 26.5307, 5.5, 250
1682, 26.6973, 5.25, 255
1683, 26.864, 5, 260
1684, 27.0307, 4.75, 265
1685, 27.1973, 4.5, 270
1686, 27.364, 4.25, 275
1687, 27.5307, 4, 280
1688, 27.6973, 3.75, 285
1689, 27.864, 3.5, 290
1690, 28.0307, 3.25, 295
1691, 28.1973, 3, 300
1692, 28.364, 2.75, 305
1693, 28.5307, 2.5, 310
1694, 28.6973, 2.25, 315
1695, 28.864, 2, 320
1696, 29.0307, 1.75, 325
1697, 29.1973, 1.5, 330
1698, 29.364, 1.25, 335
1699, 29.5307, 1, 340
1700, 29.6973, 0.75, 345
1701, 29.864, 0.5, 350
1702, 30.0307, 0.25, 355
1703, 30.1973, -2.71005e-008, 360
1704, 30.1973, -2.71005e-008, 365
1705, 30.1973, -2.71005e-008, 370
1706, 30.1973, -2.71005e-008, 375
1707, 30.1973, -2.71005e-008, 380
1708, 30.1973, -2.71005e-008, 385
1709, 30.1973, -2.71005e-008, 390
1710, 30.1973, -2.71005e-008, 395
1711, 30.1973, -2.71005e-008, 400
1712, 30.1973, -2.71005e-008, 405
1713, 30.1973, -2.71005e-008, 410
1714, 30.1973, -2.71005e-008, 415
1715, 35.2302, -1.8067e-008, 5
1716, 35.2302, -1.8067e-008, 10
1717, 35.2302, -1.8067e-008, 15
1718, 35.2302, -1.8067e-008, 20
1719, 35.2302, -1.8067e-008, 25
1720, 35.2302, -1.8067e-008, 30
1721, 35.2302, -1.8067e-008, 35
1722, 35.2302, -1.8067e-008, 40
1723, 35.2302, -1.8067e-008, 45
1724, 35.2302, -1.8067e-008, 50
1725, 35.2302, -1.8067e-008, 55
1726, 35.2302, -1.8067e-008, 60
1727, 35.0358, 0.25, 65
1728, 34.8413, 0.5, 70
1729, 34.6469, 0.75, 75
1730, 34.4524, 1, 80
1731, 34.258, 1.25, 85
1732, 34.0636, 1.5, 90
1733, 33.8691, 1.75, 95
1734, 33.6747, 2, 100
1735, 33.4802, 2.25, 105
1736, 33.2858, 2.5, 110
1737, 33.0913, 2.75, 115
1738, 32.8969, 3, 120
1739, 32.7024, 3.25, 125
1740, 32.508, 3.5, 130
1741, 32.3136, 3.75, 135
1742, 32.1191, 4, 140
1743, 31.9247, 4.25, 145
1744, 31.7302, 4.5, 150
1745, 31.5358, 4.75, 155
1746, 31.3413, 5, 160
1747, 31.1469, 5.25, 165
1748, 30.9524, 5.5, 170
1749, 30.758, 5.75, 175
1750, 30.5636, 6, 180
1751, 30.3691, 6.25, 185
1752, 30.3691, 6.25, 190
1753, 30.3691, 6.25, 195
1754, 30.3691, 6.25, 200
1755, 30.3691, 6.25, 205
1756, 30.3691, 6.25, 210
1757, 30.3691, 6.25, 215
1758, 30.3691, 6.25, 220
1759, 30.3691, 6.25, 225
1760, 30.3691, 6.25, 230
1761, 30.3691, 6.25, 235
1762, 30.5636, 6, 240
1763, 30.758, 5.75, 245
1764, 30.9524, 5.5, 250
1765, 31.1469, 5.25, 255
1766, 31.3413, 5, 260
1767, 31.5358, 4.75, 265
1768, 31.7302, 4.5, 270
1769, 31.9247, 4.25, 275
1770, 32.1191, 4, 280
1771, 32.3136, 3.75, 285
1772, 32.508, 3.5, 290
1773, 32.7024, 3.25, 295
1774, 32.8969, 3, 300
1775, 33.0913, 2.75, 305
1776, 33.2858, 2.5, 310
1777, 33.4802, 2.25, 315
1778, 33.6747, 2, 320
1779, 33.8691, 1.75, 325
1780, 34.0636, 1.5, 330
1781, 34.258, 1.25, 335
1782, 34.4524, 1, 340
1783, 34.6469, 0.75, 345
1784, 34.8413, 0.5, 350
1785, 35.0358, 0.25, 355
1786, 35.2302, -1.8067e-008, 360
1787, 35.2302, -1.8067e-008, 365
1788, 35.2302, -1.8067e-008, 370
1789, 35.2302, -1.8067e-008, 375
1790, 35.2302, -1.8067e-008, 380
1791, 35.2302, -1.8067e-008, 385
1792, 35.2302, -1.8067e-008, 390
1793, 35.2302, -1.8067e-008, 395
1794, 35.2302, -1.8067e-008, 400
1795, 35.2302, -1.8067e-008, 405
1796, 35.2302, -1.8067e-008, 410
1797, 35.2302, -1.8067e-008, 415
1798, 40.2631, -9.03351e-009, 5
1799, 40.2631, -9.03351e-009, 10
1800, 40.2631, -9.03351e-009, 15
1801, 40.2631, -9.03351e-009, 20
1802, 40.2631, -9.03351e-009, 25
1803, 40.2631, -9.03351e-009, 30
1804, 40.2631, -9.03351e-009, 35
1805, 40.2631, -9.03351e-009, 40
1806, 40.2631, -9.03351e-009, 45
1807, 40.2631, -9.03351e-009, 50
1808, 40.2631, -9.03351e-009, 55
1809, 40.2631, -9.03351e-009, 60
1810, 40.0409, 0.25, 65
1811, 39.8187, 0.5, 70
1812, 39.5964, 0.75, 75
1813, 39.3742, 1, 80
1814, 39.152, 1.25, 85
1815, 38.9298, 1.5, 90
1816, 38.7076, 1.75, 95
1817, 38.4853, 2, 100
1818, 38.2631, 2.25, 105
1819, 38.0409, 2.5, 110
1820, 37.8187, 2.75, 115
1821, 37.5964, 3, 120
1822, 37.3742, 3.25, 125
1823, 37.152, 3.5, 130
1824, 36.9298, 3.75, 135
1825, 36.7076, 4, 140
1826, 36.4853, 4.25, 145
1827, 36.2631, 4.5, 150
1828, 36.0409, 4.75, 155
1829, 35.8187, 5, 160
1830, 35.5964, 5.25, 165
1831, 35.3742, 5.5, 170
1832, 35.152, 5.75, 175
1833, 34.9298, 6, 180
1834, 34.7076, 6.25, 185
1835, 34.7076, 6.25, 190
1836, 34.7076, 6.25, 195
1837, 34.7076, 6.25, 200
1838, 34.7076, 6.25, 205
1839, 34.7076, 6.25, 210
1840, 34.7076, 6.25, 215
1841, 34.7076, 6.25, 220
1842, 34.7076, 6.25, 225
1843, 34.7076, 6.25, 230
1844, 34.7076, 6.25, 235
1845, 34.9298, 6, 240
1846, 35.152, 5.75, 245
1847, 35.3742, 5.5, 250
1848, 35.5964, 5.25, 255
1849, 35.8187, 5, 260
1850, 36.0409, 4.75, 265
1851, 36.2631, 4.5, 270
1852, 36.4853, 4.25, 275
1853, 36.7076, 4, 280
1854, 36.9298, 3.75, 285
1855, 37.152, 3.5, 290
1856, 37.3742, 3.25, 295
1857, 37.5964, 3, 300
1858, 37.8187, 2.75, 305
1859, 38.0409, 2.5, 310
1860, 38.2631, 2.25, 315
1861, 38.4853, 2, 320
1862, 38.7076, 1.75, 325
1863, 38.9298, 1.5, 330
1864, 39.152, 1.25, 335
1865, 39.3742, 1, 340
1866, 39.5964, 0.75, 345
1867, 39.8187, 0.5, 350
1868, 40.0409, 0.25, 355
1869, 40.2631, -9.03351e-009, 360
1870, 40.2631, -9.03351e-009, 365
1871, 40.2631, -9.03351e-009, 370
1872, 40.2631, -9.03351e-009, 375
1873, 40.2631, -9.03351e-009, 380
1874, 40.2631, -9.03351e-009, 385
1875, 40.2631, -9.03351e-009, 390
1876, 40.2631, -9.03351e-009, 395
1877, 40.2631, -9.03351e-009, 400
1878, 40.2631, -9.03351e-009, 405
1879, 40.2631, -9.03351e-009, 410
1880, 40.2631, -9.03351e-009, 415
1881, 5.03289, -4.704, 5
1882, 5.03289, -4.704, 10
1883, 5.03289, -4.704, 15
1884, 5.03289, -4.704, 20
1885, 5.03289, -4.704, 25
1886, 5.03289, -4.704, 30
1887, 5.03289, -4.704, 35
1888, 5.03289, -4.704, 40
1889, 5.03289, -4.704, 45
1890, 5.03289, -4.704, 50
1891, 5.03289, -4.704, 55
1892, 5.03289, -4.704, 60
1893, 5.00511, -4.454, 65
1894, 4.97733, -4.204, 70
1895, 4.94956, -3.954, 75
1896, 4.92178, -3.704, 80
1897, 4.894, -3.454, 85
1898, 4.86622, -3.204, 90
1899, 4.83844, -2.954, 95
1900, 4.81067, -2.704, 100
1901, 4.78289, -2.454, 105
1902, 4.75511, -2.204, 110
1903, 4.72733, -1.954, 115
1904, 4.69956, -1.704, 120
1905, 4.67178, -1.454, 125
1906, 4.644, -1.204, 130
1907, 4.61622, -0.954, 135
1908, 4.58844, -0.704, 140
1909, 4.56067, -0.454, 145
1910, 4.53289, -0.204, 150
1911, 4.50511, 0.0459999, 155
1912, 4.47733, 0.296, 160
1913, 4.44956, 0.546, 165
1914, 4.42178, 0.796, 170
1915, 4.394, 1.046, 175
1916, 4.36622, 1.296, 180
1917, 4.33844, 1.546, 185
1918, 4.33844, 1.546, 190
1919, 4.33844, 1.546, 195
1920, 4.33844, 1.546, 200
1921, 4.33844, 1.546, 205
1922, 4.33844, 1.546, 210
1923, 4.33844, 1.546, 215
1924, 4.33844, 1.546, 220
1925, 4.33844, 1.546, 225
1926, 4.33844, 1.546, 230
1927, 4.33844, 1.546, 235
1928, 4.36622, 1.296, 240
1929, 4.394, 1.046, 245
1930, 4.42178, 0.796, 250
1931, 4.44956, 0.546, 255
1932, 4.47733, 0.296, 260
1933, 4.50511, 0.0459999, 265
1934, 4.53289, -0.204, 270
1935, 4.56067, -0.454, 275
1936, 4.58844, -0.704, 280
1937, 4.61622, -0.954, 285
1938, 4.644, -1.204, 290
1939, 4.67178, -1.454, 295
1940, 4.69956, -1.704, 300
1941, 4.72733, -1.954, 305
1942, 4.75511, -2.204, 310
1943, 4.78289, -2.454, 315
1944, 4.81067, -2.704, 320
1945, 4.83844, -2.954, 325
1946, 4.86622, -3.204, 330
1947, 4.894, -3.454, 335
1948, 4.92178, -3.704, 340
1949, 4.94956, -3.954, 345
1950, 4.97733, -4.204, 350
1951, 5.00511, -4.454, 355
1952, 5.03289, -4.704, 360
1953, 5.03289, -4.704, 365
1954, 5.03289, -4.704, 370
1955, 5.03289, -4.704, 375
1956, 5.03289, -4.704, 380
1957, 5.03289, -4.704, 385
1958, 5.03289, -4.704, 390
1959, 5.03289, -4.704, 395
1960, 5.03289, -4.704, 400
1961, 5.03289, -4.704, 405
1962, 5.03289, -4.704, 410
1963, 5.03289, -4.704, 415
1964, 10.0658, -4.704, 5
1965, 10.0658, -4.704, 10
1966, 10.0658, -4.704, 15
1967, 10.0658, -4.704, 20
1968, 10.0658, -4.704, 25
1969, 10.0658, -4.704, 30
1970, 10.0658, -4.704, 35
1971, 10.0658, -4.704, 40
1972, 10.0658, -4.704, 45
1973, 10.0658, -4.704, 50
1974, 10.0658, -4.704, 55
1975, 10.0658, -4.704, 60
1976, 10.0102, -4.454, 65
1977, 9.95467, -4.204, 70
1978, 9.89911, -3.954, 75
1979, 9.84356, -3.704, 80
1980, 9.788, -3.454, 85
1981, 9.73244, -3.204, 90
1982, 9.67689, -2.954, 95
1983, 9.62133, -2.704, 100
1984, 9.56578, -2.454, 105
1985, 9.51022, -2.204, 110
1986, 9.45467, -1.954, 115
1987, 9.39911, -1.704, 120
1988, 9.34356, -1.454, 125
1989, 9.288, -1.204, 130
1990, 9.23244, -0.954, 135
1991, 9.17689, -0.704, 140
1992, 9.12133, -0.454, 145
1993, 9.06578, -0.204, 150
1994, 9.01022, 0.0459999, 155
1995, 8.95467, 0.296, 160
1996, 8.89911, 0.546, 165
1997, 8.84356, 0.796, 170
1998, 8.788, 1.046, 175
1999, 8.73244, 1.296, 180
2000, 8.67689, 1.546, 185
2001, 8.67689, 1.546, 190
2002, 8.67689, 1.546, 195
2003, 8.67689, 1.546, 200
2004, 8.67689, 1.546, 205
2005, 8.67689, 1.546, 210
2006, 8.67689, 1.546, 215
2007, 8.67689, 1.546, 220
2008, 8.67689, 1.546, 225
2009, 8.67689, 1.546, 230
2010, 8.67689, 1.546, 235
2011, 8.73244, 1.296, 240
2012, 8.788, 1.046, 245
2013, 8.84356, 0.796, 250
2014, 8.89911, 0.546, 255
2015, 8.95467, 0.296, 260
2016, 9.01022, 0.0459999, 265
2017, 9.06578, -0.204, 270
2018, 9.12133, -0.454, 275
2019, 9.17689, -0.704, 280
2020, 9.23244, -0.954, 285
2021, 9.288, -1.204, 290
2022, 9.34356, -1.454, 295
2023, 9.39911, -1.704, 300
2024, 9.45467, -1.954, 305
2025, 9.51022, -2.204, 310
2026, 9.56578, -2.454, 315
2027, 9.62133, -2.704, 320
2028, 9.67689, -2.954, 325
2029, 9.73244, -3.204, 330
2030, 9.788, -3.454, 335
2031, 9.84356, -3.704, 340
2032, 9.89911, -3.954, 345
2033, 9.95467, -4.204, 350
2034, 10.0102, -4.454, 355
2035, 10.0658, -4.704, 360
2036, 10.0658, -4.704, 365
2037, 10.0658, -4.704, 370
2038, 10.0658, -4.704, 375
2039, 10.0658, -4.704, 380
2040, 10.0658, -4.704, 385
2041, 10.0658, -4.704, 390
2042, 10.0658, -4.704, 395
2043, 10.0658, -4.704, 400
2044, 10.0658, -4.704, 405
2045, 10.0658, -4.704, 410
2046, 10.0658, -4.704, 415
2047, 15.0987, -4.704, 5
2048, 15.0987, -4.704, 10
2049, 15.0987, -4.704, 15
2050, 15.0987, -4.704, 20
2051, 15.0987, -4.704, 25
2052, 15.0987, -4.704, 30
2053, 15.0987, -4.704, 35
2054, 15.0987, -4.704, 40
2055, 15.0987, -4.704, 45
2056, 15.0987, -4.704, 50
2057, 15.0987, -4.704, 55
2058, 15.0987, -4.704, 60
2059, 15.0153, -4.454, 65
2060, 14.932, -4.204, 70
2061, 14.8487, -3.954, 75
2062, 14.7653, -3.704, 80
2063, 14.682, -3.454, 85
2064, 14.5987, -3.204, 90
2065, 14.5153, -2.954, 95
2066, 14.432, -2.704, 100
2067, 14.3487, -2.454, 105
2068, 14.2653, -2.204, 110
2069, 14.182, -1.954, 115
2070, 14.0987, -1.704, 120
2071, 14.0153, -1.454, 125
2072, 13.932, -1.204, 130
2073, 13.8487, -0.954, 135
2074, 13.7653, -0.704, 140
2075, 13.682, -0.454, 145
2076, 13.5987, -0.204, 150
2077, 13.5153, 0.0459999, 155
2078, 13.432, 0.296, 160
2079, 13.3487, 0.546, 165
2080, 13.2653, 0.796, 170
2081, 13.182, 1.046, 175
2082, 13.0987, 1.296, 180
2083, 13.0153, 1.546, 185
2084, 13.0153, 1.546, 190
2085, 13.0153, 1.546, 195
2086, 13.0153, 1.546, 200
2087, 13.0153, 1.546, 205
2088, 13.0153, 1.546, 210
2089, 13.0153, 1.546, 215
2090, 13.0153, 1.546, 220
2091, 13.0153, 1.546, 225
2092, 13.0153, 1.546, 230
2093, 13.0153, 1.546, 235
2094, 13.0987, 1.296, 240
2095, 13.182, 1.046, 245
2096, 13.2653, 0.796, 250
2097, 13.3487, 0.546, 255
2098, 13.432, 0.296, 260
2099, 13.5153, 0.0459999, 265
2100, 13.5987, -0.204, 270
2101, 13.682, -0.454, 275
2102, 13.7653, -0.704, 280
2103, 13.8487, -0.954, 285
2104, 13.932, -1.204, 290
2105, 14.0153, -1.454, 295
2106, 14.0987, -1.704, 300
2107, 14.182, -1.954, 305
2108, 14.2653, -2.204, 310
2109, 14.3487, -2.454, 315
2110, 14.432, -2.704, 320
2111, 14.5153, -2.954, 325
2112, 14.5987, -3.204, 330
2113, 14.682, -3.454, 335
2114, 14.7653, -3.704, 340
2115, 14.8487, -3.954, 345
2116, 14.932, -4.204, 350
2117, 15.0153, -4.454, 355
2118, 15.0987, -4.704, 360
2119, 15.0987, -4.704, 365
2120, 15.0987, -4.704, 370
2121, 15.0987, -4.704, 375
2122, 15.0987, -4.704, 380
2123, 15.0987, -4.704, 385
2124, 15.0987, -4.704, 390
2125, 15.0987, -4.704, 395
2126, 15.0987, -4.704, 400
2127, 15.0987, -4.704, 405
2128, 15.0987, -4.704, 410
2129, 15.0987, -4.704, 415
2130, 20.1316, -4.704, 5
2131, 20.1316, -4.704, 10
2132, 20.1316, -4.704, 15
2133, 20.1316, -4.704, 20
2134, 20.1316, -4.704, 25
2135, 20.1316, -4.704, 30
2136, 20.1316, -4.704, 35
2137, 20.1316, -4.704, 40
2138, 20.1316, -4.704, 45
2139, 20.1316, -4.704, 50
2140, 20.1316, -4.704, 55
2141, 20.1316, -4.704, 60
2142, 20.0204, -4.454, 65
2143, 19.9093, -4.204, 70
2144, 19.7982, -3.954, 75
2145, 19.6871, -3.704, 80
2146, 19.576, -3.454, 85
2147, 19.4649, -3.204, 90
2148, 19.3538, -2.954, 95
2149, 19.2427, -2.704, 100
2150, 19.1316, -2.454, 105
2151, 19.0204, -2.204, 110
2152, 18.9093, -1.954, 115
2153, 18.7982, -1.704, 120
2154, 18.6871, -1.454, 125
2155, 18.576, -1.204, 130
2156, 18.4649, -0.954, 135
2157, 18.3538, -0.704, 140
2158, 18.2427, -0.454, 145
2159, 18.1316, -0.204, 150
2160, 18.0204, 0.046, 155
2161, 17.9093, 0.296, 160
2162, 17.7982, 0.546, 165
2163, 17.6871, 0.796, 170
2164, 17.576, 1.046, 175
2165, 17.4649, 1.296, 180
2166, 17.3538, 1.546, 185
2167, 17.3538, 1.546, 190
2168, 17.3538, 1.546, 195
2169, 17.3538, 1.546, 200
2170, 17.3538, 1.546, 205
2171, 17.3538, 1.546, 210
2172, 17.3538, 1.546, 215
2173, 17.3538, 1.546, 220
2174, 17.3538, 1.546, 225
2175, 17.3538, 1.546, 230
2176, 17.3538, 1.546, 235
2177, 17.4649, 1.296, 240
2178, 17.576, 1.046, 245
2179, 17.6871, 0.796, 250
2180, 17.7982, 0.546, 255
2181, 17.9093, 0.296, 260
2182, 18.0204, 0.046, 265
2183, 18.1316, -0.204, 270
2184, 18.2427, -0.454, 275
2185, 18.3538, -0.704, 280
2186, 18.4649, -0.954, 285
2187, 18.576, -1.204, 290
2188, 18.6871, -1.454, 295
2189, 18.7982, -1.704, 300
2190, 18.9093, -1.954, 305
2191, 19.0204, -2.204, 310
2192, 19.1316, -2.454, 315
2193, 19.2427, -2.704, 320
2194, 19.3538, -2.954, 325
2195, 19.4649, -3.204, 330
2196, 19.576, -3.454, 335
2197, 19.6871, -3.704, 340
2198, 19.7982, -3.954, 345
2199, 19.9093, -4.204, 350
2200, 20.0204, -4.454, 355
2201, 20.1316, -4.704, 360
2202, 20.1316, -4.704, 365
2203, 20.1316, -4.704, 370
2204, 20.1316, -4.704, 375
2205, 20.1316, -4.704, 380
2206, 20.1316, -4.704, 385
2207, 20.1316, -4.704, 390
2208, 20.1316, -4.704, 395
2209, 20.1316, -4.704, 400
2210, 20.1316, -4.704, 405
2211, 20.1316, -4.704, 410
2212, 20.1316, -4.704, 415
2213, 25.1644, -4.704, 5
2214, 25.1644, -4.704, 10
2215, 25.1644, -4.704, 15
2216, 25.1644, -4.704, 20
2217, 25.1644, -4.704, 25
2218, 25.1644, -4.704, 30
2219, 25.1644, -4.704, 35
2220, 25.1644, -4.704, 40
2221, 25.1644, -4.704, 45
2222, 25.1644, -4.704, 50
2223, 25.1644, -4.704, 55
2224, 25.1644, -4.704, 60
2225, 25.0256, -4.454, 65
2226, 24.8867, -4.204, 70
2227, 24.7478, -3.954, 75
2228, 24.6089, -3.704, 80
2229, 24.47, -3.454, 85
2230, 24.3311, -3.204, 90
2231, 24.1922, -2.954, 95
2232, 24.0533, -2.704, 100
2233, 23.9144, -2.454, 105
2234, 23.7756, -2.204, 110
2235, 23.6367, -1.954, 115
2236, 23.4978, -1.704, 120
2237, 23.3589, -1.454, 125
2238, 23.22, -1.204, 130
2239, 23.0811, -0.954, 135
2240, 22.9422, -0.704, 140
2241, 22.8033, -0.454, 145
2242, 22.6644, -0.204, 150
2243, 22.5256, 0.046, 155
2244, 22.3867, 0.296, 160
2245, 22.2478, 0.546, 165
2246, 22.1089, 0.796, 170
2247, 21.97, 1.046, 175
2248, 21.8311, 1.296, 180
2249, 21.6922, 1.546, 185
2250, 21.6922, 1.546, 190
2251, 21.6922, 1.546, 195
2252, 21.6922, 1.546, 200
2253, 21.6922, 1.546, 205
2254, 21.6922, 1.546, 210
2255, 21.6922, 1.546, 215
2256, 21.6922, 1.546, 220
2257, 21.6922, 1.546, 225
2258, 21.6922, 1.546, 230
2259, 21.6922, 1.546, 235
2260, 21.8311, 1.296, 240
2261, 21.97, 1.046, 245
2262, 22.1089, 0.796, 250
2263, 22.2478, 0.546, 255
2264, 22.3867, 0.296, 260
2265, 22.5256, 0.046, 265
2266, 22.6644, -0.204, 270
2267, 22.8033, -0.454, 275
2268, 22.9422, -0.704, 280
2269, 23.0811, -0.954, 285
2270, 23.22, -1.204, 290
2271, 23.3589, -1.454, 295
2272, 23.4978, -1.704, 300
2273, 23.6367, -1.954, 305
2274, 23.7756, -2.204, 310
2275, 23.9144, -2.454, 315
2276, 24.0533, -2.704, 320
2277, 24.1922, -2.954, 325
2278, 24.3311, -3.204, 330
2279, 24.47, -3.454, 335
2280, 24.6089, -3.704, 340
2281, 24.7478, -3.954, 345
2282, 24.8867, -4.204, 350
2283, 25.0256, -4.454, 355
2284, 25.1644, -4.704, 360
2285, 25.1644, -4.704, 365
2286, 25.1644, -4.704, 370
2287, 25.1644, -4.704, 375
2288, 25.1644, -4.704, 380
2289, 25.1644, -4.704, 385
2290, 25.1644, -4.704, 390
2291, 25.1644, -4.704, 395
2292, 25.1644, -4.704, 400
2293, 25.1644, -4.704, 405
2294, 25.1644, -4.704, 410
2295, 25.1644, -4.704, 415
2296, 30.1973, -4.704, 5
2297, 30.1973, -4.704, 10
2298, 30.1973, -4.704, 15
2299, 30.1973, -4.704, 20
2300, 30.1973, -4.704, 25
2301, 30.1973, -4.704, 30
2302, 30.1973, -4.704, 35
2303, 30.1973, -4.704, 40
2304, 30.1973, -4.704, 45
2305, 30.1973, -4.704, 50
2306, 30.1973, -4.704, 55
2307, 30.1973, -4.704, 60
2308, 30.0307, -4.454, 65
2309, 29.864, -4.204, 70
2310, 29.6973, -3.954, 75
2311, 29.5307, -3.704, 80
2312, 29.364, -3.454, 85
2313, 29.1973, -3.204, 90
2314, 29.0307, -2.954, 95
2315, 28.864, -2.704, 100
2316, 28.6973, -2.454, 105
2317, 28.5307, -2.204, 110
2318, 28.364, -1.954, 115
2319, 28.1973, -1.704, 120
2320, 28.0307, -1.454, 125
2321, 27.864, -1.204, 130
2322, 27.6973, -0.954, 135
2323, 27.5307, -0.704, 140
2324, 27.364, -0.454, 145
2325, 27.1973, -0.204, 150
2326, 27.0307, 0.046, 155
2327, 26.864, 0.296, 160
2328, 26.6973, 0.546, 165
2329, 26.5307, 0.796, 170
2330, 26.364, 1.046, 175
2331, 26.1973, 1.296, 180
2332, 26.0307, 1.546, 185
2333, 26.0307, 1.546, 190
2334, 26.0307, 1.546, 195
2335, 26.0307, 1.546, 200
2336, 26.0307, 1.546, 205
2337, 26.0307, 1.546, 210
2338, 26.0307, 1.546, 215
2339, 26.0307, 1.546, 220
2340, 26.0307, 1.546, 225
2341, 26.0307, 1.546, 230
2342, 26.0307, 1.546, 235
2343, 26.1973, 1.296, 240
2344, 26.364, 1.046, 245
2345, 26.5307, 0.796, 250
2346, 26.6973, 0.546, 255
2347, 26.864, 0.296, 260
2348, 27.0307, 0.046, 265
2349, 27.1973, -0.204, 270
2350, 27.364, -0.454, 275
2351, 27.5307, -0.704, 280
2352, 27.6973, -0.954, 285
2353, 27.864, -1.204, 290
2354, 28.0307, -1.454, 295
2355, 28.1973, -1.704, 300
2356, 28.364, -1.954, 305
2357, 28.5307, -2.204, 310
2358, 28.6973, -2.454, 315
2359, 28.864, -2.704, 320
2360, 29.0307, -2.954, 325
2361, 29.1973, -3.204, 330
2362, 29.364, -3.454, 335
2363, 29.5307, -3.704, 340
2364, 29.6973, -3.954, 345
2365, 29.864, -4.204, 350
2366, 30.0307, -4.454, 355
2367, 30.1973, -4.704, 360
2368, 30.1973, -4.704, 365
2369, 30.1973, -4.704, 370
2370, 30.1973, -4.704, 375
2371, 30.1973, -4.704, 380
2372, 30.1973, -4.704, 385
2373, 30.1973, -4.704, 390
2374, 30.1973, -4.704, 395
2375, 30.1973, -4.704, 400
2376, 30.1973, -4.704, 405
2377, 30.1973, -4.704, 410
2378, 30.1973, -4.704, 415
2379, 35.2302, -4.704, 5
2380, 35.2302, -4.704, 10
2381, 35.2302, -4.704, 15
2382, 35.2302, -4.704, 20
2383, 35.2302, -4.704, 25
2384, 35.2302, -4.704, 30
2385, 35.2302, -4.704, 35
2386, 35.2302, -4.704, 40
2387, 35.2302, -4.704, 45
2388, 35.2302, -4.704, 50
2389, 35.2302, -4.704, 55
2390, 35.2302, -4.704, 60
2391, 35.0358, -4.454, 65
2392, 34.8413, -4.204, 70
2393, 34.6469, -3.954, 75
2394, 34.4524, -3.704, 80
2395, 34.258, -3.454, 85
2396, 34.0636, -3.204, 90
2397, 33.8691, -2.954, 95
2398, 33.6747, -2.704, 100
2399, 33.4802, -2.454, 105
2400, 33.2858, -2.204, 110
2401, 33.0913, -1.954, 115
2402, 32.8969, -1.704, 120
2403, 32.7024, -1.454, 125
2404, 32.508, -1.204, 130
2405, 32.3136, -0.954, 135
2406, 32.1191, -0.704, 140
2407, 31.9247, -0.454, 145
2408, 31.7302, -0.204, 150
2409, 31.5358, 0.046, 155
2410, 31.3413, 0.296, 160
2411, 31.1469, 0.546, 165
2412, 30.9524, 0.796, 170
2413, 30.758, 1.046, 175
2414, 30.5636, 1.296, 180
2415, 30.3691, 1.546, 185
2416, 30.3691, 1.546, 190
2417, 30.3691, 1.546, 195
2418, 30.3691, 1.546, 200
2419, 30.3691, 1.546, 205
2420, 30.3691, 1.546, 210
2421, 30.3691, 1.546, 215
2422, 30.3691, 1.546, 220
2423, 30.3691, 1.546, 225
2424, 30.3691, 1.546, 230
2425, 30.3691, 1.546, 235
2426, 30.5636, 1.296, 240
2427, 30.758, 1.046, 245
2428, 30.9524, 0.796, 250
2429, 31.1469, 0.546, 255
2430, 31.3413, 0.296, 260
2431, 31.5358, 0.046, 265
2432, 31.7302, -0.204, 270
2433, 31.9247, -0.454, 275
2434, 32.1191, -0.704, 280
2435, 32.3136, -0.954, 285
2436, 32.508, -1.204, 290
2437, 32.7024, -1.454, 295
2438, 32.8969, -1.704, 300
2439, 33.0913, -1.954, 305
2440, 33.2858, -2.204, 310
2441, 33.4802, -2.454, 315
2442, 33.6747, -2.704, 320
2443, 33.8691, -2.954, 325
2444, 34.0636, -3.204, 330
2445, 34.258, -3.454, 335
2446, 34.4524, -3.704, 340
2447, 34.6469, -3.954, 345
2448, 34.8413, -4.204, 350
2449, 35.0358, -4.454, 355
2450, 35.2302, -4.704, 360
2451, 35.2302, -4.704, 365
2452, 35.2302, -4.704, 370
2453, 35.2302, -4.704, 375
2454, 35.2302, -4.704, 380
2455, 35.2302, -4.704, 385
2456, 35.2302, -4.704, 390
2457, 35.2302, -4.704, 395
2458, 35.2302, -4.704, 400
2459, 35.2302, -4.704, 405
2460, 35.2302, -4.704, 410
2461, 35.2302, -4.704, 415
2462, 40.2631, -4.704, 5
2463, 40.2631, -4.704, 10
2464, 40.2631, -4.704, 15
2465, 40.2631, -4.704, 20
2466, 40.2631, -4.704, 25
2467, 40.2631, -4.704, 30
2468, 40.2631, -4.704, 35
2469, 40.2631, -4.704, 40
2470, 40.2631, -4.704, 45
2471, 40.2631, -4.704, 50
2472, 40.2631, -4.704, 55
2473, 40.2631, -4.704, 60
2474, 40.0409, -4.454, 65
2475, 39.8187, -4.204, 70
2476, 39.5964, -3.954, 75
2477, 39.3742, -3.704, 80
2478, 39.152, -3.454, 85
2479, 38.9298, -3.204, 90
2480, 38.7076, -2.954, 95
2481, 38.4853, -2.704, 100
2482, 38.2631, -2.454, 105
2483, 38.0409, -2.204, 110
2484, 37.8187, -1.954, 115
2485, 37.5964, -1.704, 120
2486, 37.3742, -1.454, 125
2487, 37.152, -1.204, 130
2488, 36.9298, -0.954, 135
2489, 36.7076, -0.704, 140
2490, 36.4853, -0.454, 145
2491, 36.2631, -0.204, 150
2492, 36.0409, 0.046, 155
2493, 35.8187, 0.296, 160
2494, 35.5964, 0.546, 165
2495, 35.3742, 0.796, 170
2496, 35.152, 1.046, 175
2497, 34.9298, 1.296, 180
2498, 34.7076, 1.546, 185
2499, 34.7076, 1.546, 190
2500, 34.7076, 1.546, 195
2501, 34.7076, 1.546, 200
2502, 34.7076, 1.546, 205
2503, 34.7076, 1.546, 210
2504, 34.7076, 1.546, 215
2505, 34.7076, 1.546, 220
2506, 34.7076, 1.546, 225
2507, 34.7076, 1.546, 230
2508, 34.7076, 1.546, 235
2509, 34.9298, 1.296, 240
2510, 35.152, 1.046, 245
2511, 35.3742, 0.796, 250
2512, 35.5964, 0.546, 255
2513, 35.8187, 0.296, 260
2514, 36.0409, 0.046, 265
2515, 36.2631, -0.204, 270
2516, 36.4853, -0.454, 275
2517, 36.7076, -0.704, 280
2518, 36.9298, -0.954, 285
2519, 37.152, -1.204, 290
2520, 37.3742, -1.454, 295
2521, 37.5964, -1.704, 300
2522, 37.8187, -1.954, 305
2523, 38.0409, -2.204, 310
2524, 38.2631, -2.454, 315
2525, 38.4853, -2.704, 320
2526, 38.7076, -2.954, 325
2527, 38.9298, -3.204, 330
2528, 39.152, -3.454, 335
2529, 39.3742, -3.704, 340
2530, 39.5964, -3.954, 345
2531, 39.8187, -4.204, 350
2532, 40.0409, -4.454, 355
2533, 40.2631, -4.704, 360
2534, 40.2631, -4.704, 365
2535, 40.2631, -4.704, 370
2536, 40.2631, -4.704, 375
2537, 40.2631, -4.704, 380
2538, 40.2631, -4.704, 385
2539, 40.2631, -4.704, 390
2540, 40.2631, -4.704, 395
2541, 40.2631, -4.704, 400
2542, 40.2631, -4.704, 405
2543, 40.2631, -4.704, 410
2544, 40.2631, -4.704, 415
2545, 47.206, 0.427758, 5
2546, 47.206, 0.427758, 10
2547, 47.206, 0.427758, 15
2548, 47.206, 0.427758, 20
2549, 47.206, 0.427758, 25
2550, 47.206, 0.427758, 30
2551, 47.206, 0.427758, 35
2552, 47.206, 0.427758, 40
2553, 47.206, 0.427758, 45
2554, 47.206, 0.427758, 50
2555, 47.206, 0.427758, 55
2556, 47.206, 0.427758, 60
2557, 46.956, 0.677758, 65
2558, 46.706, 0.927758, 70
2559, 46.456, 1.17776, 75
2560, 46.206, 1.42776, 80
2561, 45.956, 1.67776, 85
2562, 45.706, 1.92776, 90
2563, 45.456, 2.17776, 95
2564, 45.206, 2.42776, 100
2565, 44.956, 2.67776, 105
2566, 44.706, 2.92776, 110
2567, 44.456, 3.17776, 115
2568, 44.206, 3.42776, 120
2569, 43.956, 3.67776, 125
2570, 43.706, 3.92776, 130
2571, 43.456, 4.17776, 135
2572, 43.206, 4.42776, 140
2573, 42.956, 4.67776, 145
2574, 42.706, 4.92776, 150
2575, 42.456, 5.17776, 155
2576, 42.206, 5.42776, 160
2577, 41.956, 5.67776, 165
2578, 41.706, 5.92776, 170
2579, 41.456, 6.17776, 175
2580, 41.206, 6.42776, 180
2581, 40.956, 6.67776, 185
2582, 40.956, 6.67776, 190
2583, 40.956, 6.67776, 195
2584, 40.956, 6.67776, 200
2585, 40.956, 6.67776, 205
2586, 40.956, 6.67776, 210
2587, 40.956, 6.67776, 215
2588, 40.956, 6.67776, 220
2589, 40.956, 6.67776, 225
2590, 40.956, 6.67776, 230
2591, 40.956, 6.67776, 235
2592, 41.206, 6.42776, 240
2593, 41.456, 6.17776, 245
2594, 41.706, 5.92776, 250
2595, 41.956, 5.67776, 255
2596, 42.206, 5.42776, 260
2597, 42.456, 5.17776, 265
2598, 42.706, 4.92776, 270
2599, 42.956, 4.67776, 275
2600, 43.206, 4.42776, 280
2601, 43.456, 4.17776, 285
2602, 43.706, 3.92776, 290
2603, 43.956, 3.67776, 295
2604, 44.206, 3.42776, 300
2605, 44.456, 3.17776, 305
2606, 44.706, 2.92776, 310
2607, 44.956, 2.67776, 315
2608, 45.206, 2.42776, 320
2609, 45.456, 2.17776, 325
2610, 45.706, 1.92776, 330
2611, 45.956, 1.67776, 335
2612, 46.206, 1.42776, 340
2613, 46.456, 1.17776, 345
2614, 46.706, 0.927758, 350
2615, 46.956, 0.677758, 355
2616, 47.206, 0.427758, 360
2617, 47.206, 0.427758, 365
2618, 47.206, 0.427758, 370
2619, 47.206, 0.427758, 375
2620, 47.206, 0.427758, 380
2621, 47.206, 0.427758, 385
2622, 47.206, 0.427758, 390
2623, 47.206, 0.427758, 395
2624, 47.206, 0.427758, 400
2625, 47.206, 0.427758, 405
2626, 47.206, 0.427758, 410
2627, 47.206, 0.427758, 415
2628, 48.8341, 1.46193, 5
2629, 48.8341, 1.46193, 10
2630, 48.8341, 1.46193, 15
2631, 48.8341, 1.46193, 20
2632, 48.8341, 1.46193, 25
2633, 48.8341, 1.46193, 30
2634, 48.8341, 1.46193, 35
2635, 48.8341, 1.46193, 40
2636, 48.8341, 1.46193, 45
2637, 48.8341, 1.46193, 50
2638, 48.8341, 1.46193, 55
2639, 48.8341, 1.46193, 60
2640, 48.5841, 1.71193, 65
2641, 48.3341, 1.96193, 70
2642, 48.0841, 2.21193, 75
2643, 47.8341, 2.46193, 80
2644, 47.5841, 2.71193, 85
2645, 47.3341, 2.96193, 90
2646, 47.0841, 3.21193, 95
2647, 46.8341, 3.46193, 100
2648, 46.5841, 3.71193, 105
2649, 46.3341, 3.96193, 110
2650, 46.0841, 4.21193, 115
2651, 45.8341, 4.46193, 120
2652, 45.5841, 4.71193, 125
2653, 45.3341, 4.96193, 130
2654, 45.0841, 5.21193, 135
2655, 44.8341, 5.46193, 140
2656, 44.5841, 5.71193, 145
2657, 44.3341, 5.96193, 150
2658, 44.0841, 6.21193, 155
2659, 43.8341, 6.46193, 160
2660, 43.5841, 6.71193, 165
2661, 43.3341, 6.96193, 170
2662, 43.0841, 7.21193, 175
2663, 42.8341, 7.46193, 180
2664, 42.5841, 7.71193, 185
2665, 42.5841, 7.71193, 190
2666, 42.5841, 7.71193, 195
2667, 42.5841, 7.71193, 200
2668, 42.5841, 7.71193, 205
2669, 42.5841, 7.71193, 210
2670, 42.5841, 7.71193, 215
2671, 42.5841, 7.71193, 220
2672, 42.5841, 7.71193, 225
2673, 42.5841, 7.71193, 230
2674, 42.5841, 7.71193, 235
2675, 42.8341, 7.46193, 240
2676, 43.0841, 7.21193, 245
2677, 43.3341, 6.96193, 250
2678, 43.5841, 6.71193, 255
2679, 43.8341, 6.46193, 260
2680, 44.0841, 6.21193, 265
2681, 44.3341, 5.96193, 270
2682, 44.5841, 5.71193, 275
2683, 44.8341, 5.46193, 280
2684, 45.0841, 5.21193, 285
2685, 45.3341, 4.96193, 290
2686, 45.5841, 4.71193, 295
2687, 45.8341, 4.46193, 300
2688, 46.0841, 4.21193, 305
2689, 46.3341, 3.96193, 310
2690, 46.5841, 3.71193, 315
2691, 46.8341, 3.46193, 320
2692, 47.0841, 3.21193, 325
2693, 47.3341, 2.96193, 330
2694, 47.5841, 2.71193, 335
2695, 47.8341, 2.46193, 340
2696, 48.0841, 2.21193, 345
2697, 48.3341, 1.96193, 350
2698, 48.5841, 1.71193, 355
2699, 48.8341, 1.46193, 360
2700, 48.8341, 1.46193, 365
2701, 48.8341, 1.46193, 370
2702, 48.8341, 1.46193, 375
2703, 48.8341, 1.46193, 380
2704, 48.8341, 1.46193, 385
2705, 48.8341, 1.46193, 390
2706, 48.8341, 1.46193, 395
2707, 48.8341, 1.46193, 400
2708, 48.8341, 1.46193, 405
2709, 48.8341, 1.46193, 410
2710, 48.8341, 1.46193, 415
2711, 49.8682, 3.09001, 5
2712, 49.8682, 3.09001, 10
2713, 49.8682, 3.09001, 15
2714, 49.8682, 3.09001, 20
2715, 49.8682, 3.09001, 25
2716, 49.8682, 3.09001, 30
2717, 49.8682, 3.09001, 35
2718, 49.8682, 3.09001, 40
2719, 49.8682, 3.09001, 45
2720, 49.8682, 3.09001, 50
2721, 49.8682, 3.09001, 55
2722, 49.8682, 3.09001, 60
2723, 49.6182, 3.34001, 65
2724, 49.3682, 3.59001, 70
2725, 49.1182, 3.84001, 75
2726, 48.8682, 4.09001, 80
2727, 48.6182, 4.34001, 85
2728, 48.3682, 4.59001, 90
2729, 48.1182, 4.84001, 95
2730, 47.8682, 5.09001, 100
2731, 47.6182, 5.34001, 105
2732, 47.3682, 5.59001, 110
2733, 47.1182, 5.84001, 115
2734, 46.8682, 6.09001, 120
2735, 46.6182, 6.34001, 125
2736, 46.3682, 6.59001, 130
2737, 46.1182, 6.84001, 135
2738, 45.8682, 7.09001, 140
2739, 45.6182, 7.34001, 145
2740, 45.3682, 7.59001, 150
2741, 45.1182, 7.84001, 155
2742, 44.8682, 8.09001, 160
2743, 44.6182, 8.34001, 165
2744, 44.3682, 8.59001, 170
2745, 44.1182, 8.84001, 175
2746, 43.8682, 9.09001, 180
2747, 43.6182, 9.34001, 185
2748, 43.6182, 9.34001, 190
2749, 43.6182, 9.34001, 195
2750, 43.6182, 9.34001, 200
2751, 43.6182, 9.34001, 205
2752, 43.6182, 9.34001, 210
2753, 43.6182, 9.34001, 215
2754, 43.6182, 9.34001, 220
2755, 43.6182, 9.34001, 225
2756, 43.6182, 9.34001, 230
2757, 43.6182, 9.34001, 235
2758, 43.8682, 9.09001, 240
2759, 44.1182, 8.84001, 245
2760, 44.3682, 8.59001, 250
2761, 44.6182, 8.34001, 255
2762, 44.8682, 8.09001, 260
2763, 45.1182, 7.84001, 265
2764, 45.3682, 7.59001, 270
2765, 45.6182, 7.34001, 275
2766, 45.8682, 7.09001, 280
2767, 46.1182, 6.84001, 285
2768, 46.3682, 6.59001, 290
2769, 46.6182, 6.34001, 295
2770, 46.8682, 6.09001, 300
2771, 47.1182, 5.84001, 305
2772, 47.3682, 5.59001, 310
2773, 47.6182, 5.34001, 315
2774, 47.8682, 5.09001, 320
2775, 48.1182, 4.84001, 325
2776, 48.3682, 4.59001, 330
2777, 48.6182, 4.34001, 335
2778, 48.8682, 4.09001, 340
2779, 49.1182, 3.84001, 345
2780, 49.3682, 3.59001, 350
2781, 49.6182, 3.34001, 355
2782, 49.8682, 3.09001, 360
2783, 49.8682, 3.09001, 365
2784, 49.8682, 3.09001, 370
2785, 49.8682, 3.09001, 375
2786, 49.8682, 3.09001, 380
2787, 49.8682, 3.09001, 385
2788, 49.8682, 3.09001, 390
2789, 49.8682, 3.09001, 395
2790, 49.8682, 3.09001, 400
2791, 49.8682, 3.09001, 405
2792, 49.8682, 3.09001, 410
2793, 49.8682, 3.09001, 415
2794, 49.0029, -3.87381, 5
2795, 49.0029, -3.87381, 10
2796, 49.0029, -3.87381, 15
2797, 49.0029, -3.87381, 20
2798, 49.0029, -3.87381, 25
2799, 49.0029, -3.87381, 30
2800, 49.0029, -3.87381, 35
2801, 49.0029, -3.87381, 40
2802, 49.0029, -3.87381, 45
2803, 49.0029, -3.87381, 50
2804, 49.0029, -3.87381, 55
2805, 49.0029, -3.87381, 60
2806, 48.7529, -3.62381, 65
2807, 48.5029, -3.37381, 70
2808, 48.2529, -3.12381, 75
2809, 48.0029, -2.87381, 80
2810, 47.7529, -2.62381, 85
2811, 47.5029, -2.37381, 90
2812, 47.2529, -2.12381, 95
2813, 47.0029, -1.87381, 100
2814, 46.7529, -1.62381, 105
2815, 46.5029, -1.37381, 110
2816, 46.2529, -1.12381, 115
2817, 46.0029, -0.873807, 120
2818, 45.7529, -0.623807, 125
2819, 45.5029, -0.373807, 130
2820, 45.2529, -0.123807, 135
2821, 45.0029, 0.126193, 140
2822, 44.7529, 0.376193, 145
2823, 44.5029, 0.626193, 150
2824, 44.2529, 0.876193, 155
2825, 44.0029, 1.12619, 160
2826, 43.7529, 1.37619, 165
2827, 43.5029, 1.62619, 170
2828, 43.2529, 1.87619, 175
2829, 43.0029, 2.12619, 180
2830, 42.7529, 2.37619, 185
2831, 42.7529, 2.37619, 190
2832, 42.7529, 2.37619, 195
2833, 42.7529, 2.37619, 200
2834, 42.7529, 2.37619, 205
2835, 42.7529, 2.37619, 210
2836, 42.7529, 2.37619, 215
2837, 42.7529, 2.37619, 220
2838, 42.7529, 2.37619, 225
2839, 42.7529, 2.37619, 230
2840, 42.7529, 2.37619, 235
2841, 43.0029, 2.12619, 240
2842, 43.2529, 1.87619, 245
2843, 43.5029, 1.62619, 250
2844, 43.7529, 1.37619, 255
2845, 44.0029, 1.12619, 260
2846, 44.2529, 0.876193, 265
2847, 44.5029, 0.626193, 270
2848, 44.7529, 0.376193, 275
2849, 45.0029, 0.126193, 280
2850, 45.2529, -0.123807, 285
2851, 45.5029, -0.373807, 290
2852, 45.7529, -0.623807, 295
2853, 46.0029, -0.873807, 300
2854, 46.2529, -1.12381, 305
2855, 46.5029, -1.37381, 310
2856, 46.7529, -1.62381, 315
2857, 47.0029, -1.87381, 320
2858, 47.2529, -2.12381, 325
2859, 47.5029, -2.37381, 330
2860, 47.7529, -2.62381, 335
2861, 48.0029, -2.87381, 340
2862, 48.2529, -3.12381, 345
2863, 48.5029, -3.37381, 350
2864, 48.7529, -3.62381, 355
2865, 49.0029, -3.87381, 360
2866, 49.0029, -3.87381, 365
2867, 49.0029, -3.87381, 370
2868, 49.0029, -3.87381, 375
2869, 49.0029, -3.87381, 380
2870, 49.0029, -3.87381, 385
2871, 49.0029, -3.87381, 390
2872, 49.0029, -3.87381, 395
2873, 49.0029, -3.87381, 400
2874, 49.0029, -3.87381, 405
2875, 49.0029, -3.87381, 410
2876, 49.0029, -3.87381, 415
2877, 52.1627, -1.86669, 5
2878, 52.1627, -1.86669, 10
2879, 52.1627, -1.86669, 15
2880, 52.1627, -1.86669, 20
2881, 52.1627, -1.86669, 25
2882, 52.1627, -1.86669, 30
2883, 52.1627, -1.86669, 35
2884, 52.1627, -1.86669, 40
2885, 52.1627, -1.86669, 45
2886, 52.1627, -1.86669, 50
2887, 52.1627, -1.86669, 55
2888, 52.1627, -1.86669, 60
2889, 51.9127, -1.61669, 65
2890, 51.6627, -1.36669, 70
2891, 51.4127, -1.11669, 75
2892, 51.1627, -0.866689, 80
2893, 50.9127, -0.616689, 85
2894, 50.6627, -0.366689, 90
2895, 50.4127, -0.116689, 95
2896, 50.1627, 0.133311, 100
2897, 49.9127, 0.383311, 105
2898, 49.6627, 0.633311, 110
2899, 49.4127, 0.883311, 115
2900, 49.1627, 1.13331, 120
2901, 48.9127, 1.38331, 125
2902, 48.6627, 1.63331, 130
2903, 48.4127, 1.88331, 135
2904, 48.1627, 2.13331, 140
2905, 47.9127, 2.38331, 145
2906, 47.6627, 2.63331, 150
2907, 47.4127, 2.88331, 155
2908, 47.1627, 3.13331, 160
2909, 46.9127, 3.38331, 165
2910, 46.6627, 3.63331, 170
2911, 46.4127, 3.88331, 175
2912, 46.1627, 4.13331, 180
2913, 45.9127, 4.38331, 185
2914, 45.9127, 4.38331, 190
2915, 45.9127, 4.38331, 195
2916, 45.9127, 4.38331, 200
2917, 45.9127, 4.38331, 205
2918, 45.9127, 4.38331, 210
2919, 45.9127, 4.38331, 215
2920, 45.9127, 4.38331, 220
2921, 45.9127, 4.38331, 225
2922, 45.9127, 4.38331, 230
2923, 45.9127, 4.38331, 235
2924, 46.1627, 4.13331, 240
2925, 46.4127, 3.88331, 245
2926, 46.6627, 3.63331, 250
2927, 46.9127, 3.38331, 255
2928, 47.1627, 3.13331, 260
2929, 47.4127, 2.88331, 265
2930, 47.6627, 2.63331, 270
2931, 47.9127, 2.38331, 275
2932, 48.1627, 2.13331, 280
2933, 48.4127, 1.88331, 285
2934, 48.6627, 1.63331, 290
2935, 48.9127, 1.38331, 295
2936, 49.1627, 1.13331, 300
2937, 49.4127, 0.883311, 305
2938, 49.6627, 0.633311, 310
2939, 49.9127, 0.383311, 315
2940, 50.1627, 0.133311, 320
2941, 50.4127, -0.116689, 325
2942, 50.6627, -0.366689, 330
2943, 50.9127, -0.616689, 335
2944, 51.1627, -0.866689, 340
2945, 51.4127, -1.11669, 345
2946, 51.6627, -1.36669, 350
2947, 51.9127, -1.61669, 355
2948, 52.1627, -1.86669, 360
2949, 52.1627, -1.86669, 365
2950, 52.1627, -1.86669, 370
2951, 52.1627, -1.86669, 375
2952, 52.1627, -1.86669, 380
2953, 52.1627, -1.86669, 385
2954, 52.1627, -1.86669, 390
2955, 52.1627, -1.86669, 395
2956, 52.1627, -1.86669, 400
2957, 52.1627, -1.86669, 405
2958, 52.1627, -1.86669, 410
2959, 52.1627, -1.86669, 415
2960, 54.1698, 1.29309, 5
2961, 54.1698, 1.29309, 10
2962, 54.1698, 1.29309, 15
2963, 54.1698, 1.29309, 20
2964, 54.1698, 1.29309, 25
2965, 54.1698, 1.29309, 30
2966, 54.1698, 1.29309, 35
2967, 54.1698, 1.29309, 40
2968, 54.1698, 1.29309, 45
2969, 54.1698, 1.29309, 50
2970, 54.1698, 1.29309, 55
2971, 54.1698, 1.29309, 60
2972, 53.9198, 1.54309, 65
2973, 53.6698, 1.79309, 70
2974, 53.4198, 2.04309, 75
2975, 53.1698, 2.29309, 80
2976, 52.9198, 2.54309, 85
2977, 52.6698, 2.79309, 90
2978, 52.4198, 3.04309, 95
2979, 52.1698, 3.29309, 100
2980, 51.9198, 3.54309, 105
2981, 51.6698, 3.79309, 110
2982, 51.4198, 4.04309, 115
2983, 51.1698, 4.29309, 120
2984, 50.9198, 4.54309, 125
2985, 50.6698, 4.79309, 130
2986, 50.4198, 5.04309, 135
2987, 50.1698, 5.29309, 140
2988, 49.9198, 5.54309, 145
2989, 49.6698, 5.79309, 150
2990, 49.4198, 6.04309, 155
2991, 49.1698, 6.29309, 160
2992, 48.9198, 6.54309, 165
2993, 48.6698, 6.79309, 170
2994, 48.4198, 7.04309, 175
2995, 48.1698, 7.29309, 180
2996, 47.9198, 7.54309, 185
2997, 47.9198, 7.54309, 190
2998, 47.9198, 7.54309, 195
2999, 47.9198, 7.54309, 200
3000, 47.9198, 7.54309, 205
3001, 47.9198, 7.54309, 210
3002, 47.9198, 7.54309, 215
3003, 47.9198, 7.54309, 220
3004, 47.9198, 7.54309, 225
3005, 47.9198, 7.54309, 230
3006, 47.9198, 7.54309, 235
3007, 48.1698, 7.29309, 240
3008, 48.4198, 7.04309, 245
3009, 48.6698, 6.79309, 250
3010, 48.9198, 6.54309, 255
3011, 49.1698, 6.29309, 260
3012, 49.4198, 6.04309, 265
3013, 49.6698, 5.79309, 270
3014, 49.9198, 5.54309, 275
3015, 50.1698, 5.29309, 280
3016, 50.4198, 5.04309, 285
3017, 50.6698, 4.79309, 290
3018, 50.9198, 4.54309, 295
3019, 51.1698, 4.29309, 300
3020, 51.4198, 4.04309, 305
3021, 51.6698, 3.79309, 310
3022, 51.9198, 3.54309, 315
3023, 52.1698, 3.29309, 320
3024, 52.4198, 3.04309, 325
3025, 52.6698, 2.79309, 330
3026, 52.9198, 2.54309, 335
3027, 53.1698, 2.29309, 340
3028, 53.4198, 2.04309, 345
3029, 53.6698, 1.79309, 350
3030, 53.9198, 1.54309, 355
3031, 54.1698, 1.29309, 360
3032, 54.1698, 1.29309, 365
3033, 54.1698, 1.29309, 370
3034, 54.1698, 1.29309, 375
3035, 54.1698, 1.29309, 380
3036, 54.1698, 1.29309, 385
3037, 54.1698, 1.29309, 390
3038, 54.1698, 1.29309, 395
3039, 54.1698, 1.29309, 400
3040, 54.1698, 1.29309, 405
3041, 54.1698, 1.29309, 410
3042, 54.1698, 1.29309, 415
3043, 50.296, 10, 5
3044, 50.296, 10, 10
3045, 50.296, 10, 15
3046, 50.296, 10, 20
3047, 50.296, 10, 25
3048, 50.296, 10, 30
3049, 50.296, 10, 35
3050, 50.296, 10, 40
3051, 50.296, 10, 45
3052, 50.296, 10, 50
3053, 50.296, 10, 55
3054, 50.296, 10, 60
3055, 50.046, 10.2321, 65
3056, 49.796, 10.4643, 70
3057, 49.546, 10.6964, 75
3058, 49.296, 10.9286, 80
3059, 49.046, 11.1607, 85
3060, 48.796, 11.3929, 90
3061, 48.546, 11.625, 95
3062, 48.296, 11.8571, 100
3063, 48.046, 12.0893, 105
3064, 47.796, 12.3214, 110
3065, 47.546, 12.5536, 115
3066, 47.296, 12.7857, 120
3067, 47.046, 13.0179, 125
3068, 46.796, 13.25, 130
3069, 46.546, 13.4821, 135
3070, 46.296, 13.7143, 140
3071, 46.046, 13.9464, 145
3072, 45.796, 14.1786, 150
3073, 45.546, 14.4107, 155
3074, 45.296, 14.6429, 160
3075, 45.046, 14.875, 165
3076, 44.796, 15.1071, 170
3077, 44.546, 15.3393, 175
3078, 44.296, 15.5714, 180
3079, 44.046, 15.8036, 185
3080, 44.046, 15.8036, 190
3081, 44.046, 15.8036, 195
3082, 44.046, 15.8036, 200
3083, 44.046, 15.8036, 205
3084, 44.046, 15.8036, 210
3085, 44.046, 15.8036, 215
3086, 44.046, 15.8036, 220
3087, 44.046, 15.8036, 225
3088, 44.046, 15.8036, 230
3089, 44.046, 15.8036, 235
3090, 44.296, 15.5714, 240
3091, 44.546, 15.3393, 245
3092, 44.796, 15.1071, 250
3093, 45.046, 14.875, 255
3094, 45.296, 14.6429, 260
3095, 45.546, 14.4107, 265
3096, 45.796, 14.1786, 270
3097, 46.046, 13.9464, 275
3098, 46.296, 13.7143, 280
3099, 46.546, 13.4821, 285
3100, 46.796, 13.25, 290
3101, 47.046, 13.0179, 295
3102, 47.296, 12.7857, 300
3103, 47.546, 12.5536, 305
3104, 47.796, 12.3214, 310
3105, 48.046, 12.0893, 315
3106, 48.296, 11.8571, 320
3107, 48.546, 11.625, 325
3108, 48.796, 11.3929, 330
3109, 49.046, 11.1607, 335
3110, 49.296, 10.9286, 340
3111, 49.546, 10.6964, 345
3112, 49.796, 10.4643, 350
3113, 50.046, 10.2321, 355
3114, 50.296, 10, 360
3115, 50.296, 10, 365
3116, 50.296, 10, 370
3117, 50.296, 10, 375
3118, 50.296, 10, 380
3119, 50.296, 10, 385
3120, 50.296, 10, 390
3121, 50.296, 10, 395
3122, 50.296, 10, 400
3123, 50.296, 10, 405
3124, 50.296, 10, 410
3125, 50.296, 10, 415
3126, 50.296, 15, 5
3127, 50.296, 15, 10
3128, 50.296, 15, 15
3129, 50.296, 15, 20
3130, 50.296, 15, 25
3131, 50.296, 15, 30
3132, 50.296, 15, 35
3133, 50.296, 15, 40
3134, 50.296, 15, 45
3135, 50.296, 15, 50
3136, 50.296, 15, 55
3137, 50.296, 15, 60
3138, 50.046, 15.2143, 65
3139, 49.796, 15.4286, 70
3140, 49.546, 15.6429, 75
3141, 49.296, 15.8571, 80
3142, 49.046, 16.0714, 85
3143, 48.796, 16.2857, 90
3144, 48.546, 16.5, 95
3145, 48.296, 16.7143, 100
3146, 48.046, 16.9286, 105
3147, 47.796, 17.1429, 110
3148, 47.546, 17.3571, 115
3149, 47.296, 17.5714, 120
3150, 47.046, 17.7857, 125
3151, 46.796, 18, 130
3152, 46.546, 18.2143, 135
3153, 46.296, 18.4286, 140
3154, 46.046, 18.6429, 145
3155, 45.796, 18.8571, 150
3156, 45.546, 19.0714, 155
3157, 45.296, 19.2857, 160
3158, 45.046, 19.5, 165
3159, 44.796, 19.7143, 170
3160, 44.546, 19.9286, 175
3161, 44.296, 20.1429, 180
3162, 44.046, 20.3571, 185
3163, 44.046, 20.3571, 190
3164, 44.046, 20.3571, 195
3165, 44.046, 20.3571, 200
3166, 44.046, 20.3571, 205
3167, 44.046, 20.3571, 210
3168, 44.046, 20.3571, 215
3169, 44.046, 20.3571, 220
3170, 44.046, 20.3571, 225
3171, 44.046, 20.3571, 230
3172, 44.046, 20.3571, 235
3173, 44.296, 20.1429, 240
3174, 44.546, 19.9286, 245
3175, 44.796, 19.7143, 250
3176, 45.046, 19.5, 255
3177, 45.296, 19.2857, 260
3178, 45.546, 19.0714, 265
3179, 45.796, 18.8571, 270
3180, 46.046, 18.6429, 275
3181, 46.296, 18.4286, 280
3182, 46.546, 18.2143, 285
3183, 46.796, 18, 290
3184, 47.046, 17.7857, 295
3185, 47.296, 17.5714, 300
3186, 47.546, 17.3571, 305
3187, 47.796, 17.1429, 310
3188, 48.046, 16.9286, 315
3189, 48.296, 16.7143, 320
3190, 48.546, 16.5, 325
3191, 48.796, 16.2857, 330
3192, 49.046, 16.0714, 335
3193, 49.296, 15.8571, 340
3194, 49.546, 15.6429, 345
3195, 49.796, 15.4286, 350
3196, 50.046, 15.2143, 355
3197, 50.296, 15, 360
3198, 50.296, 15, 365
3199, 50.296, 15, 370
3200, 50.296, 15, 375
3201, 50.296, 15, 380
3202, 50.296, 15, 385
3203, 50.296, 15, 390
3204, 50.296, 15, 395
3205, 50.296, 15, 400
3206, 50.296, 15, 405
3207, 50.296, 15, 410
3208, 50.296, 15, 415
3209, 50.296, 20, 5
3210, 50.296, 20, 10
3211, 50.296, 20, 15
3212, 50.296, 20, 20
3213, 50.296, 20, 25
3214, 50.296, 20, 30
3215, 50.296, 20, 35
3216, 50.296, 20, 40
3217, 50.296, 20, 45
3218, 50.296, 20, 50
3219, 50.296, 20, 55
3220, 50.296, 20, 60
3221, 50.046, 20.1964, 65
3222, 49.796, 20.3929, 70
3223, 49.546, 20.5893, 75
3224, 49.296, 20.7857, 80
3225, 49.046, 20.9821, 85
3226, 48.796, 21.1786, 90
3227, 48.546, 21.375, 95
3228, 48.296, 21.5714, 100
3229, 48.046, 21.7679, 105
3230, 47.796, 21.9643, 110
3231, 47.546, 22.1607, 115
3232, 47.296, 22.3571, 120
3233, 47.046, 22.5536, 125
3234, 46.796, 22.75, 130
3235, 46.546, 22.9464, 135
3236, 46.296, 23.1429, 140
3237, 46.046, 23.3393, 145
3238, 45.796, 23.5357, 150
3239, 45.546, 23.7321, 155
3240, 45.296, 23.9286, 160
3241, 45.046, 24.125, 165
3242, 44.796, 24.3214, 170
3243, 44.546, 24.5179, 175
3244, 44.296, 24.7143, 180
3245, 44.046, 24.9107, 185
3246, 44.046, 24.9107, 190
3247, 44.046, 24.9107, 195
3248, 44.046, 24.9107, 200
3249, 44.046, 24.9107, 205
3250, 44.046, 24.9107, 210
3251, 44.046, 24.9107, 215
3252, 44.046, 24.9107, 220
3253, 44.046, 24.9107, 225
3254, 44.046, 24.9107, 230
3255, 44.046, 24.9107, 235
3256, 44.296, 24.7143, 240
3257, 44.546, 24.5179, 245
3258, 44.796, 24.3214, 250
3259, 45.046, 24.125, 255
3260, 45.296, 23.9286, 260
3261, 45.546, 23.7321, 265
3262, 45.796, 23.5357, 270
3263, 46.046, 23.3393, 275
3264, 46.296, 23.1429, 280
3265, 46.546, 22.9464, 285
3266, 46.796, 22.75, 290
3267, 47.046, 22.5536, 295
3268, 47.296, 22.3571, 300
3269, 47.546, 22.1607, 305
3270, 47.796, 21.9643, 310
3271, 48.046, 21.7679, 315
3272, 48.296, 21.5714, 320
3273, 48.546, 21.375, 325
3274, 48.796, 21.1786, 330
3275, 49.046, 20.9821, 335
3276, 49.296, 20.7857, 340
3277, 49.546, 20.5893, 345
3278, 49.796, 20.3929, 350
3279, 50.046, 20.1964, 355
3280, 50.296, 20, 360
3281, 50.296, 20, 365
3282, 50.296, 20, 370
3283, 50.296, 20, 375
3284, 50.296, 20, 380
3285, 50.296, 20, 385
3286, 50.296, 20, 390
3287, 50.296, 20, 395
3288, 50.296, 20, 400
3289, 50.296, 20, 405
3290, 50.296, 20, 410
3291, 50.296, 20, 415
3292, 50.296, 25, 5
3293, 50.296, 25, 10
3294, 50.296, 25, 15
3295, 50.296, 25, 20
3296, 50.296, 25, 25
3297, 50.296, 25, 30
3298, 50.296, 25, 35
3299, 50.296, 25, 40
3300, 50.296, 25, 45
3301, 50.296, 25, 50
3302, 50.296, 25, 55
3303, 50.296, 25, 60
3304, 50.046, 25.1786, 65
3305, 49.796, 25.3571, 70
3306, 49.546, 25.5357, 75
3307, 49.296, 25.7143, 80
3308, 49.046, 25.8929, 85
3309, 48.796, 26.0714, 90
3310, 48.546, 26.25, 95
3311, 48.296, 26.4286, 100
3312, 48.046, 26.6071, 105
3313, 47.796, 26.7857, 110
3314, 47.546, 26.9643, 115
3315, 47.296, 27.1429, 120
3316, 47.046, 27.3214, 125
3317, 46.796, 27.5, 130
3318, 46.546, 27.6786, 135
3319, 46.296, 27.8571, 140
3320, 46.046, 28.0357, 145
3321, 45.796, 28.2143, 150
3322, 45.546, 28.3929, 155
3323, 45.296, 28.5714, 160
3324, 45.046, 28.75, 165
3325, 44.796, 28.9286, 170
3326, 44.546, 29.1071, 175
3327, 44.296, 29.2857, 180
3328, 44.046, 29.4643, 185
3329, 44.046, 29.4643, 190
3330, 44.046, 29.4643, 195
3331, 44.046, 29.4643, 200
3332, 44.046, 29.4643, 205
3333, 44.046, 29.4643, 210
3334, 44.046, 29.4643, 215
3335, 44.046, 29.4643, 220
3336, 44.046, 29.4643, 225
3337, 44.046, 29.4643, 230
3338, 44.046, 29.4643, 235
3339, 44.296, 29.2857, 240
3340, 44.546, 29.1071, 245
3341, 44.796, 28.9286, 250
3342, 45.046, 28.75, 255
3343, 45.296, 28.5714, 260
3344, 45.546, 28.3929, 265
3345, 45.796, 28.2143, 270
3346, 46.046, 28.0357, 275
3347, 46.296, 27.8571, 280
3348, 46.546, 27.6786, 285
3349, 46.796, 27.5, 290
3350, 47.046, 27.3214, 295
3351, 47.296, 27.1429, 300
3352, 47.546, 26.9643, 305
3353, 47.796, 26.7857, 310
3354, 48.046, 26.6071, 315
3355, 48.296, 26.4286, 320
3356, 48.546, 26.25, 325
3357, 48.796, 26.0714, 330
3358, 49.046, 25.8929, 335
3359, 49.296, 25.7143, 340
3360, 49.546, 25.5357, 345
3361, 49.796, 25.3571, 350
3362, 50.046, 25.1786, 355
3363, 50.296, 25, 360
3364, 50.296, 25, 365
3365, 50.296, 25, 370
3366, 50.296, 25, 375
3367, 50.296, 25, 380
3368, 50.296, 25, 385
3369, 50.296, 25, 390
3370, 50.296, 25, 395
3371, 50.296, 25, 400
3372, 50.296, 25, 405
3373, 50.296, 25, 410
3374, 50.296, 25, 415
3375, 50.296, 30, 5
3376, 50.296, 30, 10
3377, 50.296, 30, 15
3378, 50.296, 30, 20
3379, 50.296, 30, 25
3380, 50.296, 30, 30
3381, 50.296, 30, 35
3382, 50.296, 30, 40
3383, 50.296, 30, 45
3384, 50.296, 30, 50
3385, 50.296, 30, 55
3386, 50.296, 30, 60
3387, 50.046, 30.1607, 65
3388, 49.796, 30.3214, 70
3389, 49.546, 30.4821, 75
3390, 49.296, 30.6429, 80
3391, 49.046, 30.8036, 85
3392, 48.796, 30.9643, 90
3393, 48.546, 31.125, 95
3394, 48.296, 31.2857, 100
3395, 48.046, 31.4464, 105
3396, 47.796, 31.6071, 110
3397, 47.546, 31.7679, 115
3398, 47.296, 31.9286, 120
3399, 47.046, 32.0893, 125
3400, 46.796, 32.25, 130
3401, 46.546, 32.4107, 135
3402, 46.296, 32.5714, 140
3403, 46.046, 32.7321, 145
3404, 45.796, 32.8929, 150
3405, 45.546, 33.0536, 155
3406, 45.296, 33.2143, 160
3407, 45.046, 33.375, 165
3408, 44.796, 33.5357, 170
3409, 44.546, 33.6964, 175
3410, 44.296, 33.8571, 180
3411, 44.046, 34.0179, 185
3412, 44.046, 34.0179, 190
3413, 44.046, 34.0179, 195
3414, 44.046, 34.0179, 200
3415, 44.046, 34.0179, 205
3416, 44.046, 34.0179, 210
3417, 44.046, 34.0179, 215
3418, 44.046, 34.0179, 220
3419, 44.046, 34.0179, 225
3420, 44.046, 34.0179, 230
3421, 44.046, 34.0179, 235
3422, 44.296, 33.8571, 240
3423, 44.546, 33.6964, 245
3424, 44.796, 33.5357, 250
3425, 45.046, 33.375, 255
3426, 45.296, 33.2143, 260
3427, 45.546, 33.0536, 265
3428, 45.796, 32.8929, 270
3429, 46.046, 32.7321, 275
3430, 46.296, 32.5714, 280
3431, 46.546, 32.4107, 285
3432, 46.796, 32.25, 290
3433, 47.046, 32.0893, 295
3434, 47.296, 31.9286, 300
3435, 47.546, 31.7679, 305
3436, 47.796, 31.6071, 310
3437, 48.046, 31.4464, 315
3438, 48.296, 31.2857, 320
3439, 48.546, 31.125, 325
3440, 48.796, 30.9643, 330
3441, 49.046, 30.8036, 335
3442, 49.296, 30.6429, 340
3443, 49.546, 30.4821, 345
3444, 49.796, 30.3214, 350
3445, 50.046, 30.1607, 355
3446, 50.296, 30, 360
3447, 50.296, 30, 365
3448, 50.296, 30, 370
3449, 50.296, 30, 375
3450, 50.296, 30, 380
3451, 50.296, 30, 385
3452, 50.296, 30, 390
3453, 50.296, 30, 395
3454, 50.296, 30, 400
3455, 50.296, 30, 405
3456, 50.296, 30, 410
3457, 50.296, 30, 415
3458, 50.296, 35, 5
3459, 50.296, 35, 10
3460, 50.296, 35, 15
3461, 50.296, 35, 20
3462, 50.296, 35, 25
3463, 50.296, 35, 30
3464, 50.296, 35, 35
3465, 50.296, 35, 40
3466, 50.296, 35, 45
3467, 50.296, 35, 50
3468, 50.296, 35, 55
3469, 50.296, 35, 60
3470, 50.046, 35.1429, 65
3471, 49.796, 35.2857, 70
3472, 49.546, 35.4286, 75
3473, 49.296, 35.5714, 80
3474, 49.046, 35.7143, 85
3475, 48.796, 35.8571, 90
3476, 48.546, 36, 95
3477, 48.296, 36.1429, 100
3478, 48.046, 36.2857, 105
3479, 47.796, 36.4286, 110
3480, 47.546, 36.5714, 115
3481, 47.296, 36.7143, 120
3482, 47.046, 36.8571, 125
3483, 46.796, 37, 130
3484, 46.546, 37.1429, 135
3485, 46.296, 37.2857, 140
3486, 46.046, 37.4286, 145
3487, 45.796, 37.5714, 150
3488, 45.546, 37.7143, 155
3489, 45.296, 37.8571, 160
3490, 45.046, 38, 165
3491, 44.796, 38.1429, 170
3492, 44.546, 38.2857, 175
3493, 44.296, 38.4286, 180
3494, 44.046, 38.5714, 185
3495, 44.046, 38.5714, 190
3496, 44.046, 38.5714, 195
3497, 44.046, 38.5714, 200
3498, 44.046, 38.5714, 205
3499, 44.046, 38.5714, 210
3500, 44.046, 38.5714, 215
3501, 44.046, 38.5714, 220
3502, 44.046, 38.5714, 225
3503, 44.046, 38.5714, 230
3504, 44.046, 38.5714, 235
3505, 44.296, 38.4286, 240
3506, 44.546, 38.2857, 245
3507, 44.796, 38.1429, 250
3508, 45.046, 38, 255
3509, 45.296, 37.8571, 260
3510, 45.546, 37.7143, 265
3511, 45.796, 37.5714, 270
3512, 46.046, 37.4286, 275
3513, 46.296, 37.2857, 280
3514, 46.546, 37.1429, 285
3515, 46.796, 37, 290
3516, 47.046, 36.8571, 295
3517, 47.296, 36.7143, 300
3518, 47.546, 36.5714, 305
3519, 47.796, 36.4286, 310
3520, 48.046, 36.2857, 315
3521, 48.296, 36.1429, 320
3522, 48.546, 36, 325
3523, 48.796, 35.8571, 330
3524, 49.046, 35.7143, 335
3525, 49.296, 35.5714, 340
3526, 49.546, 35.4286, 345
3527, 49.796, 35.2857, 350
3528, 50.046, 35.1429, 355
3529, 50.296, 35, 360
3530, 50.296, 35, 365
3531, 50.296, 35, 370
3532, 50.296, 35, 375
3533, 50.296, 35, 380
3534, 50.296, 35, 385
3535, 50.296, 35, 390
3536, 50.296, 35, 395
3537, 50.296, 35, 400
3538, 50.296, 35, 405
3539, 50.296, 35, 410
3540, 50.296, 35, 415
3541, 50.296, 40, 5
3542, 50.296, 40, 10
3543, 50.296, 40, 15
3544, 50.296, 40, 20
3545, 50.296, 40, 25
3546, 50.296, 40, 30
3547, 50.296, 40, 35
3548, 50.296, 40, 40
3549, 50.296, 40, 45
3550, 50.296, 40, 50
3551, 50.296, 40, 55
3552, 50.296, 40, 60
3553, 50.046, 40.125, 65
3554, 49.796, 40.25, 70
3555, 49.546, 40.375, 75
3556, 49.296, 40.5, 80
3557, 49.046, 40.625, 85
3558, 48.796, 40.75, 90
3559, 48.546, 40.875, 95
3560, 48.296, 41, 100
3561, 48.046, 41.125, 105
3562, 47.796, 41.25, 110
3563, 47.546, 41.375, 115
3564, 47.296, 41.5, 120
3565, 47.046, 41.625, 125
3566, 46.796, 41.75, 130
3567, 46.546, 41.875, 135
3568, 46.296, 42, 140
3569, 46.046, 42.125, 145
3570, 45.796, 42.25, 150
3571, 45.546, 42.375, 155
3572, 45.296, 42.5, 160
3573, 45.046, 42.625, 165
3574, 44.796, 42.75, 170
3575, 44.546, 42.875, 175
3576, 44.296, 43, 180
3577, 44.046, 43.125, 185
3578, 44.046, 43.125, 190
3579, 44.046, 43.125, 195
3580, 44.046, 43.125, 200
3581, 44.046, 43.125, 205
3582, 44.046, 43.125, 210
3583, 44.046, 43.125, 215
3584, 44.046, 43.125, 220
3585, 44.046, 43.125, 225
3586, 44.046, 43.125, 230
3587, 44.046, 43.125, 235
3588, 44.296, 43, 240
3589, 44.546, 42.875, 245
3590, 44.796, 42.75, 250
3591, 45.046, 42.625, 255
3592, 45.296, 42.5, 260
3593, 45.546, 42.375, 265
3594, 45.796, 42.25, 270
3595, 46.046, 42.125, 275
3596, 46.296, 42, 280
3597, 46.546, 41.875, 285
3598, 46.796, 41.75, 290
3599, 47.046, 41.625, 295
3600, 47.296, 41.5, 300
3601, 47.546, 41.375, 305
3602, 47.796, 41.25, 310
3603, 48.046, 41.125, 315
3604, 48.296, 41, 320
3605, 48.546, 40.875, 325
3606, 48.796, 40.75, 330
3607, 49.046, 40.625, 335
3608, 49.296, 40.5, 340
3609, 49.546, 40.375, 345
3610, 49.796, 40.25, 350
3611, 50.046, 40.125, 355
3612, 50.296, 40, 360
3613, 50.296, 40, 365
3614, 50.296, 40, 370
3615, 50.296, 40, 375
3616, 50.296, 40, 380
3617, 50.296, 40, 385
3618, 50.296, 40, 390
3619, 50.296, 40, 395
3620, 50.296, 40, 400
3621, 50.296, 40, 405
3622, 50.296, 40, 410
3623, 50.296, 40, 415
3624, 50.296, 45, 5
3625, 50.296, 45, 10
3626, 50.296, 45, 15
3627, 50.296, 45, 20
3628, 50.296, 45, 25
3629, 50.296, 45, 30
3630, 50.296, 45, 35
3631, 50.296, 45, 40
3632, 50.296, 45, 45
3633, 50.296, 45, 50
3634, 50.296, 45, 55
3635, 50.296, 45, 60
3636, 50.046, 45.1071, 65
3637, 49.796, 45.2143, 70
3638, 49.546, 45.3214, 75
3639, 49.296, 45.4286, 80
3640, 49.046, 45.5357, 85
3641, 48.796, 45.6429, 90
3642, 48.546, 45.75, 95
3643, 48.296, 45.8571, 100
3644, 48.046, 45.9643, 105
3645, 47.796, 46.0714, 110
3646, 47.546, 46.1786, 115
3647, 47.296, 46.2857, 120
3648, 47.046, 46.3929, 125
3649, 46.796, 46.5, 130
3650, 46.546, 46.6071, 135
3651, 46.296, 46.7143, 140
3652, 46.046, 46.8214, 145
3653, 45.796, 46.9286, 150
3654, 45.546, 47.0357, 155
3655, 45.296, 47.1429, 160
3656, 45.046, 47.25, 165
3657, 44.796, 47.3571, 170
3658, 44.546, 47.4643, 175
3659, 44.296, 47.5714, 180
3660, 44.046, 47.6786, 185
3661, 44.046, 47.6786, 190
3662, 44.046, 47.6786, 195
3663, 44.046, 47.6786, 200
3664, 44.046, 47.6786, 205
3665, 44.046, 47.6786, 210
3666, 44.046, 47.6786, 215
3667, 44.046, 47.6786, 220
3668, 44.046, 47.6786, 225
3669, 44.046, 47.6786, 230
3670, 44.046, 47.6786, 235
3671, 44.296, 47.5714, 240
3672, 44.546, 47.4643, 245
3673, 44.796, 47.3571, 250
3674, 45.046, 47.25, 255
3675, 45.296, 47.1429, 260
3676, 45.546, 47.0357, 265
3677, 45.796, 46.9286, 270
3678, 46.046, 46.8214, 275
3679, 46.296, 46.7143, 280
3680, 46.546, 46.6071, 285
3681, 46.796, 46.5, 290
3682, 47.046, 46.3929, 295
3683, 47.296, 46.2857, 300
3684, 47.546, 46.1786, 305
3685, 47.796, 46.0714, 310
3686, 48.046, 45.9643, 315
3687, 48.296, 45.8571, 320
3688, 48.546, 45.75, 325
3689, 48.796, 45.6429, 330
3690, 49.046, 45.5357, 335
3691, 49.296, 45.4286, 340
3692, 49.546, 45.3214, 345
3693, 49.796, 45.2143, 350
3694, 50.046, 45.1071, 355
3695, 50.296, 45, 360
3696, 50.296, 45, 365
3697, 50.296, 45, 370
3698, 50.296, 45, 375
3699, 50.296, 45, 380
3700, 50.296, 45, 385
3701, 50.296, 45, 390
3702, 50.296, 45, 395
3703, 50.296, 45, 400
3704, 50.296, 45, 405
3705, 50.296, 45, 410
3706, 50.296, 45, 415
3707, 50.296, 50, 5
3708, 50.296, 50, 10
3709, 50.296, 50, 15
3710, 50.296, 50, 20
3711, 50.296, 50, 25
3712, 50.296, 50, 30
3713, 50.296, 50, 35
3714, 50.296, 50, 40
3715, 50.296, 50, 45
3716, 50.296, 50, 50
3717, 50.296, 50, 55
3718, 50.296, 50, 60
3719, 50.046, 50.0893, 65
3720, 49.796, 50.1786, 70
3721, 49.546, 50.2679, 75
3722, 49.296, 50.3571, 80
3723, 49.046, 50.4464, 85
3724, 48.796, 50.5357, 90
3725, 48.546, 50.625, 95
3726, 48.296, 50.7143, 100
3727, 48.046, 50.8036, 105
3728, 47.796, 50.8929, 110
3729, 47.546, 50.9821, 115
3730, 47.296, 51.0714, 120
3731, 47.046, 51.1607, 125
3732, 46.796, 51.25, 130
3733, 46.546, 51.3393, 135
3734, 46.296, 51.4286, 140
3735, 46.046, 51.5179, 145
3736, 45.796, 51.6071, 150
3737, 45.546, 51.6964, 155
3738, 45.296, 51.7857, 160
3739, 45.046, 51.875, 165
3740, 44.796, 51.9643, 170
3741, 44.546, 52.0536, 175
3742, 44.296, 52.1429, 180
3743, 44.046, 52.2321, 185
3744, 44.046, 52.2321, 190
3745, 44.046, 52.2321, 195
3746, 44.046, 52.2321, 200
3747, 44.046, 52.2321, 205
3748, 44.046, 52.2321, 210
3749, 44.046, 52.2321, 215
3750, 44.046, 52.2321, 220
3751, 44.046, 52.2321, 225
3752, 44.046, 52.2321, 230
3753, 44.046, 52.2321, 235
3754, 44.296, 52.1429, 240
3755, 44.546, 52.0536, 245
3756, 44.796, 51.9643, 250
3757, 45.046, 51.875, 255
3758, 45.296, 51.7857, 260
3759, 45.546, 51.6964, 265
3760, 45.796, 51.6071, 270
3761, 46.046, 51.5179, 275
3762, 46.296, 51.4286, 280
3763, 46.546, 51.3393, 285
3764, 46.796, 51.25, 290
3765, 47.046, 51.1607, 295
3766, 47.296, 51.0714, 300
3767, 47.546, 50.9821, 305
3768, 47.796, 50.8929, 310
3769, 48.046, 50.8036, 315
3770, 48.296, 50.7143, 320
3771, 48.546, 50.625, 325
3772, 48.796, 50.5357, 330
3773, 49.046, 50.4464, 335
3774, 49.296, 50.3571, 340
3775, 49.546, 50.2679, 345
3776, 49.796, 50.1786, 350
3777, 50.046, 50.0893, 355
3778, 50.296, 50, 360
3779, 50.296, 50, 365
3780, 50.296, 50, 370
3781, 50.296, 50, 375
3782, 50.296, 50, 380
3783, 50.296, 50, 385
3784, 50.296, 50, 390
3785, 50.296, 50, 395
3786, 50.296, 50, 400
3787, 50.296, 50, 405
3788, 50.296, 50, 410
3789, 50.296, 50, 415
3790, 50.296, 55, 5
3791, 50.296, 55, 10
3792, 50.296, 55, 15
3793, 50.296, 55, 20
3794, 50.296, 55, 25
3795, 50.296, 55, 30
3796, 50.296, 55, 35
3797, 50.296, 55, 40
3798, 50.296, 55, 45
3799, 50.296, 55, 50
3800, 50.296, 55, 55
3801, 50.296, 55, 60
3802, 50.046, 55.0714, 65
3803, 49.796, 55.1429, 70
3804, 49.546, 55.2143, 75
3805, 49.296, 55.2857, 80
3806, 49.046, 55.3571, 85
3807, 48.796, 55.4286, 90
3808, 48.546, 55.5, 95
3809, 48.296, 55.5714, 100
3810, 48.046, 55.6429, 105
3811, 47.796, 55.7143, 110
3812, 47.546, 55.7857, 115
3813, 47.296, 55.8571, 120
3814, 47.046, 55.9286, 125
3815, 46.796, 56, 130
3816, 46.546, 56.0714, 135
3817, 46.296, 56.1429, 140
3818, 46.046, 56.2143, 145
3819, 45.796, 56.2857, 150
3820, 45.546, 56.3571, 155
3821, 45.296, 56.4286, 160
3822, 45.046, 56.5, 165
3823, 44.796, 56.5714, 170
3824, 44.546, 56.6429, 175
3825, 44.296, 56.7143, 180
3826, 44.046, 56.7857, 185
3827, 44.046, 56.7857, 190
3828, 44.046, 56.7857, 195
3829, 44.046, 56.7857, 200
3830, 44.046, 56.7857, 205
3831, 44.046, 56.7857, 210
3832, 44.046, 56.7857, 215
3833, 44.046, 56.7857, 220
3834, 44.046, 56.7857, 225
3835, 44.046, 56.7857, 230
3836, 44.046, 56.7857, 235
3837, 44.296, 56.7143, 240
3838, 44.546, 56.6429, 245
3839, 44.796, 56.5714, 250
3840, 45.046, 56.5, 255
3841, 45.296, 56.4286, 260
3842, 45.546, 56.3571, 265
3843, 45.796, 56.2857, 270
3844, 46.046, 56.2143, 275
3845, 46.296, 56.1429, 280
3846, 46.546, 56.0714, 285
3847, 46.796, 56, 290
3848, 47.046, 55.9286, 295
3849, 47.296, 55.8571, 300
3850, 47.546, 55.7857, 305
3851, 47.796, 55.7143, 310
3852, 48.046, 55.6429, 315
3853, 48.296, 55.5714, 320
3854, 48.546, 55.5, 325
3855, 48.796, 55.4286, 330
3856, 49.046, 55.3571, 335
3857, 49.296, 55.2857, 340
3858, 49.546, 55.2143, 345
3859, 49.796, 55.1429, 350
3860, 50.046, 55.0714, 355
3861, 50.296, 55, 360
3862, 50.296, 55, 365
3863, 50.296, 55, 370
3864, 50.296, 55, 375
3865, 50.296, 55, 380
3866, 50.296, 55, 385
3867, 50.296, 55, 390
3868, 50.296, 55, 395
3869, 50.296, 55, 400
3870, 50.296, 55, 405
3871, 50.296, 55, 410
3872, 50.296, 55, 415
3873, 50.296, 60, 5
3874, 50.296, 60, 10
3875, 50.296, 60, 15
3876, 50.296, 60, 20
3877, 50.296, 60, 25
3878, 50.296, 60, 30
3879, 50.296, 60, 35
3880, 50.296, 60, 40
3881, 50.296, 60, 45
3882, 50.296, 60, 50
3883, 50.296, 60, 55
3884, 50.296, 60, 60
3885, 50.046, 60.0536, 65
3886, 49.796, 60.1071, 70
3887, 49.546, 60.1607, 75
3888, 49.296, 60.2143, 80
3889, 49.046, 60.2679, 85
3890, 48.796, 60.3214, 90
3891, 48.546, 60.375, 95
3892, 48.296, 60.4286, 100
3893, 48.046, 60.4821, 105
3894, 47.796, 60.5357, 110
3895, 47.546, 60.5893, 115
3896, 47.296, 60.6429, 120
3897, 47.046, 60.6964, 125
3898, 46.796, 60.75, 130
3899, 46.546, 60.8036, 135
3900, 46.296, 60.8571, 140
3901, 46.046, 60.9107, 145
3902, 45.796, 60.9643, 150
3903, 45.546, 61.0179, 155
3904, 45.296, 61.0714, 160
3905, 45.046, 61.125, 165
3906, 44.796, 61.1786, 170
3907, 44.546, 61.2321, 175
3908, 44.296, 61.2857, 180
3909, 44.046, 61.3393, 185
3910, 44.046, 61.3393, 190
3911, 44.046, 61.3393, 195
3912, 44.046, 61.3393, 200
3913, 44.046, 61.3393, 205
3914, 44.046, 61.3393, 210
3915, 44.046, 61.3393, 215
3916, 44.046, 61.3393, 220
3917, 44.046, 61.3393, 225
3918, 44.046, 61.3393, 230
3919, 44.046, 61.3393, 235
3920, 44.296, 61.2857, 240
3921, 44.546, 61.2321, 245
3922, 44.796, 61.1786, 250
3923, 45.046, 61.125, 255
3924, 45.296, 61.0714, 260
3925, 45.546, 61.0179, 265
3926, 45.796, 60.9643, 270
3927, 46.046, 60.9107, 275
3928, 46.296, 60.8571, 280
3929, 46.546, 60.8036, 285
3930, 46.796, 60.75, 290
3931, 47.046, 60.6964, 295
3932, 47.296, 60.6429, 300
3933, 47.546, 60.5893, 305
3934, 47.796, 60.5357, 310
3935, 48.046, 60.4821, 315
3936, 48.296, 60.4286, 320
3937, 48.546, 60.375, 325
3938, 48.796, 60.3214, 330
3939, 49.046, 60.2679, 335
3940, 49.296, 60.2143, 340
3941, 49.546, 60.1607, 345
3942, 49.796, 60.1071, 350
3943, 50.046, 60.0536, 355
3944, 50.296, 60, 360
3945, 50.296, 60, 365
3946, 50.296, 60, 370
3947, 50.296, 60, 375
3948, 50.296, 60, 380
3949, 50.296, 60, 385
3950, 50.296, 60, 390
3951, 50.296, 60, 395
3952, 50.296, 60, 400
3953, 50.296, 60, 405
3954, 50.296, 60, 410
3955, 50.296, 60, 415
3956, 50.296, 65, 5
3957, 50.296, 65, 10
3958, 50.296, 65, 15
3959, 50.296, 65, 20
3960, 50.296, 65, 25
3961, 50.296, 65, 30
3962, 50.296, 65, 35
3963, 50.296, 65, 40
3964, 50.296, 65, 45
3965, 50.296, 65, 50
3966, 50.296, 65, 55
3967, 50.296, 65, 60
3968, 50.046, 65.0357, 65
3969, 49.796, 65.0714, 70
3970, 49.546, 65.1071, 75
3971, 49.296, 65.1429, 80
3972, 49.046, 65.1786, 85
3973, 48.796, 65.2143, 90
3974, 48.546, 65.25, 95
3975, 48.296, 65.2857, 100
3976, 48.046, 65.3214, 105
3977, 47.796, 65.3571, 110
3978, 47.546, 65.3929, 115
3979, 47.296, 65.4286, 120
3980, 47.046, 65.4643, 125
3981, 46.796, 65.5, 130
3982, 46.546, 65.5357, 135
3983, 46.296, 65.5714, 140
3984, 46.046, 65.6071, 145
3985, 45.796, 65.6429, 150
3986, 45.546, 65.6786, 155
3987, 45.296, 65.7143, 160
3988, 45.046, 65.75, 165
3989, 44.796, 65.7857, 170
3990, 44.546, 65.8214, 175
3991, 44.296, 65.8571, 180
3992, 44.046, 65.8929, 185
3993, 44.046, 65.8929, 190
3994, 44.046, 65.8929, 195
3995, 44.046, 65.8929, 200
3996, 44.046, 65.8929, 205
3997, 44.046, 65.8929, 210
3998, 44.046, 65.8929, 215
3999, 44.046, 65.8929, 220
4000, 44.046, 65.8929, 225
4001, 44.046, 65.8929, 230
4002, 44.046, 65.8929, 235
4003, 44.296, 65.8571, 240
4004, 44.546, 65.8214, 245
4005, 44.796, 65.7857, 250
4006, 45.046, 65.75, 255
4007, 45.296, 65.7143, 260
4008, 45.546, 65.6786, 265
4009, 45.796, 65.6429, 270
4010, 46.046, 65.6071, 275
4011, 46.296, 65.5714, 280
4012, 46.546, 65.5357, 285
4013, 46.796, 65.5, 290
4014, 47.046, 65.4643, 295
4015, 47.296, 65.4286, 300
4016, 47.546, 65.3929, 305
4017, 47.796, 65.3571, 310
4018, 48.046, 65.3214, 315
4019, 48.296, 65.2857, 320
4020, 48.546, 65.25, 325
4021, 48.796, 65.2143, 330
4022, 49.046, 65.1786, 335
4023, 49.296, 65.1429, 340
4024, 49.546, 65.1071, 345
4025, 49.796, 65.0714, 350
4026, 50.046, 65.0357, 355
4027, 50.296, 65, 360
4028, 50.296, 65, 365
4029, 50.296, 65, 370
4030, 50.296, 65, 375
4031, 50.296, 65, 380
4032, 50.296, 65, 385
4033, 50.296, 65, 390
4034, 50.296, 65, 395
4035, 50.296, 65, 400
4036, 50.296, 65, 405
4037, 50.296, 65, 410
4038, 50.296, 65, 415
4039, 50.296, 70, 5
4040, 50.296, 70, 10
4041, 50.296, 70, 15
4042, 50.296, 70, 20
4043, 50.296, 70, 25
4044, 50.296, 70, 30
4045, 50.296, 70, 35
4046, 50.296, 70, 40
4047, 50.296, 70, 45
4048, 50.296, 70, 50
4049, 50.296, 70, 55
4050, 50.296, 70, 60
4051, 50.046, 70.0179, 65
4052, 49.796, 70.0357, 70
4053, 49.546, 70.0536, 75
4054, 49.296, 70.0714, 80
4055, 49.046, 70.0893, 85
4056, 48.796, 70.1071, 90
4057, 48.546, 70.125, 95
4058, 48.296, 70.1429, 100
4059, 48.046, 70.1607, 105
4060, 47.796, 70.1786, 110
4061, 47.546, 70.1964, 115
4062, 47.296, 70.2143, 120
4063, 47.046, 70.2321, 125
4064, 46.796, 70.25, 130
4065, 46.546, 70.2679, 135
4066, 46.296, 70.2857, 140
4067, 46.046, 70.3036, 145
4068, 45.796, 70.3214, 150
4069, 45.546, 70.3393, 155
4070, 45.296, 70.3571, 160
4071, 45.046, 70.375, 165
4072, 44.796, 70.3929, 170
4073, 44.546, 70.4107, 175
4074, 44.296, 70.4286, 180
4075, 44.046, 70.4464, 185
4076, 44.046, 70.4464, 190
4077, 44.046, 70.4464, 195
4078, 44.046, 70.4464, 200
4079, 44.046, 70.4464, 205
4080, 44.046, 70.4464, 210
4081, 44.046, 70.4464, 215
4082, 44.046, 70.4464, 220
4083, 44.046, 70.4464, 225
4084, 44.046, 70.4464, 230
4085, 44.046, 70.4464, 235
4086, 44.296, 70.4286, 240
4087, 44.546, 70.4107, 245
4088, 44.796, 70.3929, 250
4089, 45.046, 70.375, 255
4090, 45.296, 70.3571, 260
4091, 45.546, 70.3393, 265
4092, 45.796, 70.3214, 270
4093, 46.046, 70.3036, 275
4094, 46.296, 70.2857, 280
4095, 46.546, 70.2679, 285
4096, 46.796, 70.25, 290
4097, 47.046, 70.2321, 295
4098, 47.296, 70.2143, 300
4099, 47.546, 70.1964, 305
4100, 47.796, 70.1786, 310
4101, 48.046, 70.1607, 315
4102, 48.296, 70.1429, 320
4103, 48.546, 70.125, 325
4104, 48.796, 70.1071, 330
4105, 49.046, 70.0893, 335
4106, 49.296, 70.0714, 340
4107, 49.546, 70.0536, 345
4108, 49.796, 70.0357, 350
4109, 50.046, 70.0179, 355
4110, 50.296, 70, 360
4111, 50.296, 70, 365
4112, 50.296, 70, 370
4113, 50.296, 70, 375
4114, 50.296, 70, 380
4115, 50.296, 70, 385
4116, 50.296, 70, 390
4117, 50.296, 70, 395
4118, 50.296, 70, 400
4119, 50.296, 70, 405
4120, 50.296, 70, 410
4121, 50.296, 70, 415
4122, 50.296, 75, 5
4123, 50.296, 75, 10
4124, 50.296, 75, 15
4125, 50.296, 75, 20
4126, 50.296, 75, 25
4127, 50.296, 75, 30
4128, 50.296, 75, 35
4129, 50.296, 75, 40
4130, 50.296, 75, 45
4131, 50.296, 75, 50
4132, 50.296, 75, 55
4133, 50.296, 75, 60
4134, 50.046, 75, 65
4135, 49.796, 75, 70
4136, 49.546, 75, 75
4137, 49.296, 75, 80
4138, 49.046, 75, 85
4139, 48.796, 75, 90
4140, 48.546, 75, 95
4141, 48.296, 75, 100
4142, 48.046, 75, 105
4143, 47.796, 75, 110
4144, 47.546, 75, 115
4145, 47.296, 75, 120
4146, 47.046, 75, 125
4147, 46.796, 75, 130
4148, 46.546, 75, 135
4149, 46.296, 75, 140
4150, 46.046, 75, 145
4151, 45.796, 75, 150
4152, 45.546, 75, 155
4153, 45.296, 75, 160
4154, 45.046, 75, 165
4155, 44.796, 75, 170
4156, 44.546, 75, 175
4157, 44.296, 75, 180
4158, 44.046, 75, 185
4159, 44.046, 75, 190
4160, 44.046, 75, 195
4161, 44.046, 75, 200
4162, 44.046, 75, 205
4163, 44.046, 75, 210
4164, 44.046, 75, 215
4165, 44.046, 75, 220
4166, 44.046, 75, 225
4167, 44.046, 75, 230
4168, 44.046, 75, 235
4169, 44.296, 75, 240
4170, 44.546, 75, 245
4171, 44.796, 75, 250
4172, 45.046, 75, 255
4173, 45.296, 75, 260
4174, 45.546, 75, 265
4175, 45.796, 75, 270
4176, 46.046, 75, 275
4177, 46.296, 75, 280
4178, 46.546, 75, 285
4179, 46.796, 75, 290
4180, 47.046, 75, 295
4181, 47.296, 75, 300
4182, 47.546, 75, 305
4183, 47.796, 75, 310
4184, 48.046, 75, 315
4185, 48.296, 75, 320
4186, 48.546, 75, 325
4187, 48.796, 75, 330
4188, 49.046, 75, 335
4189, 49.296, 75, 340
4190, 49.546, 75, 345
4191, 49.796, 75, 350
4192, 50.046, 75, 355
4193, 50.296, 75, 360
4194, 50.296, 75, 365
4195, 50.296, 75, 370
4196, 50.296, 75, 375
4197, 50.296, 75, 380
4198, 50.296, 75, 385
4199, 50.296, 75, 390
4200, 50.296, 75, 395
4201, 50.296, 75, 400
4202, 50.296, 75, 405
4203, 50.296, 75, 410
4204, 50.296, 75, 415
4205, 50.296, 80, 5
4206, 50.296, 80, 10
4207, 50.296, 80, 15
4208, 50.296, 80, 20
4209, 50.296, 80, 25
4210, 50.296, 80, 30
4211, 50.296, 80, 35
4212, 50.296, 80, 40
4213, 50.296, 80, 45
4214, 50.296, 80, 50
4215, 50.296, 80, 55
4216, 50.296, 80, 60
4217, 50.046, 79.9821, 65
4218, 49.796, 79.9643, 70
4219, 49.546, 79.9464, 75
4220, 49.296, 79.9286, 80
4221, 49.046, 79.9107, 85
4222, 48.796, 79.8929, 90
4223, 48.546, 79.875, 95
4224, 48.296, 79.8571, 100
4225, 48.046, 79.8393, 105
4226, 47.796, 79.8214, 110
4227, 47.546, 79.8036, 115
4228, 47.296, 79.7857, 120
4229, 47.046, 79.7679, 125
4230, 46.796, 79.75, 130
4231, 46.546, 79.7321, 135
4232, 46.296, 79.7143, 140
4233, 46.046, 79.6964, 145
4234, 45.796, 79.6786, 150
4235, 45.546, 79.6607, 155
4236, 45.296, 79.6429, 160
4237, 45.046, 79.625, 165
4238, 44.796, 79.6071, 170
4239, 44.546, 79.5893, 175
4240, 44.296, 79.5714, 180
4241, 44.046, 79.5536, 185
4242, 44.046, 79.5536, 190
4243, 44.046, 79.5536, 195
4244, 44.046, 79.5536, 200
4245, 44.046, 79.5536, 205
4246, 44.046, 79.5536, 210
4247, 44.046, 79.5536, 215
4248, 44.046, 79.5536, 220
4249, 44.046, 79.5536, 225
4250, 44.046, 79.5536, 230
4251, 44.046, 79.5536, 235
4252, 44.296, 79.5714, 240
4253, 44.546, 79.5893, 245
4254, 44.796, 79.6071, 250
4255, 45.046, 79.625, 255
4256, 45.296, 79.6429, 260
4257, 45.546, 79.6607, 265
4258, 45.796, 79.6786, 270
4259, 46.046, 79.6964, 275
4260, 46.296, 79.7143, 280
4261, 46.546, 79.7321, 285
4262, 46.796, 79.75, 290
4263, 47.046, 79.7679, 295
4264, 47.296, 79.7857, 300
4265, 47.546, 79.8036, 305
4266, 47.796, 79.8214, 310
4267, 48.046, 79.8393, 315
4268, 48.296, 79.8571, 320
4269, 48.546, 79.875, 325
4270, 48.796, 79.8929, 330
4271, 49.046, 79.9107, 335
4272, 49.296, 79.9286, 340
4273, 49.546, 79.9464, 345
4274, 49.796, 79.9643, 350
4275, 50.046, 79.9821, 355
4276, 50.296, 80, 360
4277, 50.296, 80, 365
4278, 50.296, 80, 370
4279, 50.296, 80, 375
4280, 50.296, 80, 380
4281, 50.296, 80, 385
4282, 50.296, 80, 390
4283, 50.296, 80, 395
4284, 50.296, 80, 400
4285, 50.296, 80, 405
4286, 50.296, 80, 410
4287, 50.296, 80, 415
4288, 50.296, 85, 5
4289, 50.296, 85, 10
4290, 50.296, 85, 15
4291, 50.296, 85, 20
4292, 50.296, 85, 25
4293, 50.296, 85, 30
4294, 50.296, 85, 35
4295, 50.296, 85, 40
4296, 50.296, 85, 45
4297, 50.296, 85, 50
4298, 50.296, 85, 55
4299, 50.296, 85, 60
4300, 50.046, 84.9643, 65
4301, 49.796, 84.9286, 70
4302, 49.546, 84.8929, 75
4303, 49.296, 84.8571, 80
4304, 49.046, 84.8214, 85
4305, 48.796, 84.7857, 90
4306, 48.546, 84.75, 95
4307, 48.296, 84.7143, 100
4308, 48.046, 84.6786, 105
4309, 47.796, 84.6429, 110
4310, 47.546, 84.6071, 115
4311, 47.296, 84.5714, 120
4312, 47.046, 84.5357, 125
4313, 46.796, 84.5, 130
4314, 46.546, 84.4643, 135
4315, 46.296, 84.4286, 140
4316, 46.046, 84.3929, 145
4317, 45.796, 84.3571, 150
4318, 45.546, 84.3214, 155
4319, 45.296, 84.2857, 160
4320, 45.046, 84.25, 165
4321, 44.796, 84.2143, 170
4322, 44.546, 84.1786, 175
4323, 44.296, 84.1429, 180
4324, 44.046, 84.1071, 185
4325, 44.046, 84.1071, 190
4326, 44.046, 84.1071, 195
4327, 44.046, 84.1071, 200
4328, 44.046, 84.1071, 205
4329, 44.046, 84.1071, 210
4330, 44.046, 84.1071, 215
4331, 44.046, 84.1071, 220
4332, 44.046, 84.1071, 225
4333, 44.046, 84.1071, 230
4334, 44.046, 84.1071, 235
4335, 44.296, 84.1429, 240
4336, 44.546, 84.1786, 245
4337, 44.796, 84.2143, 250
4338, 45.046, 84.25, 255
4339, 45.296, 84.2857, 260
4340, 45.546, 84.3214, 265
4341, 45.796, 84.3571, 270
4342, 46.046, 84.3929, 275
4343, 46.296, 84.4286, 280
4344, 46.546, 84.4643, 285
4345, 46.796, 84.5, 290
4346, 47.046, 84.5357, 295
4347, 47.296, 84.5714, 300
4348, 47.546, 84.6071, 305
4349, 47.796, 84.6429, 310
4350, 48.046, 84.6786, 315
4351, 48.296, 84.7143, 320
4352, 48.546, 84.75, 325
4353, 48.796, 84.7857, 330
4354, 49.046, 84.8214, 335
4355, 49.296, 84.8571, 340
4356, 49.546, 84.8929, 345
4357, 49.796, 84.9286, 350
4358, 50.046, 84.9643, 355
4359, 50.296, 85, 360
4360, 50.296, 85, 365
4361, 50.296, 85, 370
4362, 50.296, 85, 375
4363, 50.296, 85, 380
4364, 50.296, 85, 385
4365, 50.296, 85, 390
4366, 50.296, 85, 395
4367, 50.296, 85, 400
4368, 50.296, 85, 405
4369, 50.296, 85, 410
4370, 50.296, 85, 415
4371, 50.296, 90, 5
4372, 50.296, 90, 10
4373, 50.296, 90, 15
4374, 50.296, 90, 20
4375, 50.296, 90, 25
4376, 50.296, 90, 30
4377, 50.296, 90, 35
4378, 50.296, 90, 40
4379, 50.296, 90, 45
4380, 50.296, 90, 50
4381, 50.296, 90, 55
4382, 50.296, 90, 60
4383, 50.046, 89.9464, 65
4384, 49.796, 89.8929, 70
4385, 49.546, 89.8393, 75
4386, 49.296, 89.7857, 80
4387, 49.046, 89.7321, 85
4388, 48.796, 89.6786, 90
4389, 48.546, 89.625, 95
4390, 48.296, 89.5714, 100
4391, 48.046, 89.5179, 105
4392, 47.796, 89.4643, 110
4393, 47.546, 89.4107, 115
4394, 47.296, 89.3571, 120
4395, 47.046, 89.3036, 125
4396, 46.796, 89.25, 130
4397, 46.546, 89.1964, 135
4398, 46.296, 89.1429, 140
4399, 46.046, 89.0893, 145
4400, 45.796, 89.0357, 150
4401, 45.546, 88.9821, 155
4402, 45.296, 88.9286, 160
4403, 45.046, 88.875, 165
4404, 44.796, 88.8214, 170
4405, 44.546, 88.7679, 175
4406, 44.296, 88.7143, 180
4407, 44.046, 88.6607, 185
4408, 44.046, 88.6607, 190
4409, 44.046, 88.6607, 195
4410, 44.046, 88.6607, 200
4411, 44.046, 88.6607, 205
4412, 44.046, 88.6607, 210
4413, 44.046, 88.6607, 215
4414, 44.046, 88.6607, 220
4415, 44.046, 88.6607, 225
4416, 44.046, 88.6607, 230
4417, 44.046, 88.6607, 235
4418, 44.296, 88.7143, 240
4419, 44.546, 88.7679, 245
4420, 44.796, 88.8214, 250
4421, 45.046, 88.875, 255
4422, 45.296, 88.9286, 260
4423, 45.546, 88.9821, 265
4424, 45.796, 89.0357, 270
4425, 46.046, 89.0893, 275
4426, 46.296, 89.1429, 280
4427, 46.546, 89.1964, 285
4428, 46.796, 89.25, 290
4429, 47.046, 89.3036, 295
4430, 47.296, 89.3571, 300
4431, 47.546, 89.4107, 305
4432, 47.796, 89.4643, 310
4433, 48.046, 89.5179, 315
4434, 48.296, 89.5714, 320
4435, 48.546, 89.625, 325
4436, 48.796, 89.6786, 330
4437, 49.046, 89.7321, 335
4438, 49.296, 89.7857, 340
4439, 49.546, 89.8393, 345
4440, 49.796, 89.8929, 350
4441, 50.046, 89.9464, 355
4442, 50.296, 90, 360
4443, 50.296, 90, 365
4444, 50.296, 90, 370
4445, 50.296, 90, 375
4446, 50.296, 90, 380
4447, 50.296, 90, 385
4448, 50.296, 90, 390
4449, 50.296, 90, 395
4450, 50.296, 90, 400
4451, 50.296, 90, 405
4452, 50.296, 90, 410
4453, 50.296, 90, 415
4454, 50.296, 95, 5
4455, 50.296, 95, 10
4456, 50.296, 95, 15
4457, 50.296, 95, 20
4458, 50.296, 95, 25
4459, 50.296, 95, 30
4460, 50.296, 95, 35
4461, 50.296, 95, 40
4462, 50.296, 95, 45
4463, 50.296, 95, 50
4464, 50.296, 95, 55
4465, 50.296, 95, 60
4466, 50.046, 94.9286, 65
4467, 49.796, 94.8571, 70
4468, 49.546, 94.7857, 75
4469, 49.296, 94.7143, 80
4470, 49.046, 94.6429, 85
4471, 48.796, 94.5714, 90
4472, 48.546, 94.5, 95
4473, 48.296, 94.4286, 100
4474, 48.046, 94.3571, 105
4475, 47.796, 94.2857, 110
4476, 47.546, 94.2143, 115
4477, 47.296, 94.1429, 120
4478, 47.046, 94.0714, 125
4479, 46.796, 94, 130
4480, 46.546, 93.9286, 135
4481, 46.296, 93.8571, 140
4482, 46.046, 93.7857, 145
4483, 45.796, 93.7143, 150
4484, 45.546, 93.6429, 155
4485, 45.296, 93.5714, 160
4486, 45.046, 93.5, 165
4487, 44.796, 93.4286, 170
4488, 44.546, 93.3571, 175
4489, 44.296, 93.2857, 180
4490, 44.046, 93.2143, 185
4491, 44.046, 93.2143, 190
4492, 44.046, 93.2143, 195
4493, 44.046, 93.2143, 200
4494, 44.046, 93.2143, 205
4495, 44.046, 93.2143, 210
4496, 44.046, 93.2143, 215
4497, 44.046, 93.2143, 220
4498, 44.046, 93.2143, 225
4499, 44.046, 93.2143, 230
4500, 44.046, 93.2143, 235
4501, 44.296, 93.2857, 240
4502, 44.546, 93.3571, 245
4503, 44.796, 93.4286, 250
4504, 45.046, 93.5, 255
4505, 45.296, 93.5714, 260
4506, 45.546, 93.6429, 265
4507, 45.796, 93.7143, 270
4508, 46.046, 93.7857, 275
4509, 46.296, 93.8571, 280
4510, 46.546, 93.9286, 285
4511, 46.796, 94, 290
4512, 47.046, 94.0714, 295
4513, 47.296, 94.1429, 300
4514, 47.546, 94.2143, 305
4515, 47.796, 94.2857, 310
4516, 48.046, 94.3571, 315
4517, 48.296, 94.4286, 320
4518, 48.546, 94.5, 325
4519, 48.796, 94.5714, 330
4520, 49.046, 94.6429, 335
4521, 49.296, 94.7143, 340
4522, 49.546, 94.7857, 345
4523, 49.796, 94.8571, 350
4524, 50.046, 94.9286, 355
4525, 50.296, 95, 360
4526, 50.296, 95, 365
4527, 50.296, 95, 370
4528, 50.296, 95, 375
4529, 50.296, 95, 380
4530, 50.296, 95, 385
4531, 50.296, 95, 390
4532, 50.296, 95, 395
4533, 50.296, 95, 400
4534, 50.296, 95, 405
4535, 50.296, 95, 410
4536, 50.296, 95, 415
4537, 50.296, 100, 5
4538, 50.296, 100, 10
4539, 50.296, 100, 15
4540, 50.296, 100, 20
4541, 50.296, 100, 25
4542, 50.296, 100, 30
4543, 50.296, 100, 35
4544, 50.296, 100, 40
4545, 50.296, 100, 45
4546, 50.296, 100, 50
4547, 50.296, 100, 55
4548, 50.296, 100, 60
4549, 50.046, 99.9107, 65
4550, 49.796, 99.8214, 70
4551, 49.546, 99.7321, 75
4552, 49.296, 99.6429, 80
4553, 49.046, 99.5536, 85
4554, 48.796, 99.4643, 90
4555, 48.546, 99.375, 95
4556, 48.296, 99.2857, 100
4557, 48.046, 99.1964, 105
4558, 47.796, 99.1071, 110
4559, 47.546, 99.0179, 115
4560, 47.296, 98.9286, 120
4561, 47.046, 98.8393, 125
4562, 46.796, 98.75, 130
4563, 46.546, 98.6607, 135
4564, 46.296, 98.5714, 140
4565, 46.046, 98.4821, 145
4566, 45.796, 98.3929, 150
4567, 45.546, 98.3036, 155
4568, 45.296, 98.2143, 160
4569, 45.046, 98.125, 165
4570, 44.796, 98.0357, 170
4571, 44.546, 97.9464, 175
4572, 44.296, 97.8571, 180
4573, 44.046, 97.7679, 185
4574, 44.046, 97.7679, 190
4575, 44.046, 97.7679, 195
4576, 44.046, 97.7679, 200
4577, 44.046, 97.7679, 205
4578, 44.046, 97.7679, 210
4579, 44.046, 97.7679, 215
4580, 44.046, 97.7679, 220
4581, 44.046, 97.7679, 225
4582, 44.046, 97.7679, 230
4583, 44.046, 97.7679, 235
4584, 44.296, 97.8571, 240
4585, 44.546, 97.9464, 245
4586, 44.796, 98.0357, 250
4587, 45.046, 98.125, 255
4588, 45.296, 98.2143, 260
4589, 45.546, 98.3036, 265
4590, 45.796, 98.3929, 270
4591, 46.046, 98.4821, 275
4592, 46.296, 98.5714, 280
4593, 46.546, 98.6607, 285
4594, 46.796, 98.75, 290
4595, 47.046, 98.8393, 295
4596, 47.296, 98.9286, 300
4597, 47.546, 99.0179, 305
4598, 47.796, 99.1071, 310
4599, 48.046, 99.1964, 315
4600, 48.296, 99.2857, 320
4601, 48.546, 99.375, 325
4602, 48.796, 99.4643, 330
4603, 49.046, 99.5536, 335
4604, 49.296, 99.6429, 340
4605, 49.546, 99.7321, 345
4606, 49.796, 99.8214, 350
4607, 50.046, 99.9107, 355
4608, 50.296, 100, 360
4609, 50.296, 100, 365
4610, 50.296, 100, 370
4611, 50.296, 100, 375
4612, 50.296, 100, 380
4613, 50.296, 100, 385
4614, 50.296, 100, 390
4615, 50.296, 100, 395
4616, 50.296, 100, 400
4617, 50.296, 100, 405
4618, 50.296, 100, 410
4619, 50.296, 100, 415
4620, 50.296, 105, 5
4621, 50.296, 105, 10
4622, 50.296, 105, 15
4623, 50.296, 105, 20
4624, 50.296, 105, 25
4625, 50.296, 105, 30
4626, 50.296, 105, 35
4627, 50.296, 105, 40
4628, 50.296, 105, 45
4629, 50.296, 105, 50
4630, 50.296, 105, 55
4631, 50.296, 105, 60
4632, 50.046, 104.893, 65
4633, 49.796, 104.786, 70
4634, 49.546, 104.679, 75
4635, 49.296, 104.571, 80
4636, 49.046, 104.464, 85
4637, 48.796, 104.357, 90
4638, 48.546, 104.25, 95
4639, 48.296, 104.143, 100
4640, 48.046, 104.036, 105
4641, 47.796, 103.929, 110
4642, 47.546, 103.821, 115
4643, 47.296, 103.714, 120
4644, 47.046, 103.607, 125
4645, 46.796, 103.5, 130
4646, 46.546, 103.393, 135
4647, 46.296, 103.286, 140
4648, 46.046, 103.179, 145
4649, 45.796, 103.071, 150
4650, 45.546, 102.964, 155
4651, 45.296, 102.857, 160
4652, 45.046, 102.75, 165
4653, 44.796, 102.643, 170
4654, 44.546, 102.536, 175
4655, 44.296, 102.429, 180
4656, 44.046, 102.321, 185
4657, 44.046, 102.321, 190
4658, 44.046, 102.321, 195
4659, 44.046, 102.321, 200
4660, 44.046, 102.321, 205
4661, 44.046, 102.321, 210
4662, 44.046, 102.321, 215
4663, 44.046, 102.321, 220
4664, 44.046, 102.321, 225
4665, 44.046, 102.321, 230
4666, 44.046, 102.321, 235
4667, 44.296, 102.429, 240
4668, 44.546, 102.536, 245
4669, 44.796, 102.643, 250
4670, 45.046, 102.75, 255
4671, 45.296, 102.857, 260
4672, 45.546, 102.964, 265
4673, 45.796, 103.071, 270
4674, 46.046, 103.179, 275
4675, 46.296, 103.286, 280
4676, 46.546, 103.393, 285
4677, 46.796, 103.5, 290
4678, 47.046, 103.607, 295
4679, 47.296, 103.714, 300
4680, 47.546, 103.821, 305
4681, 47.796, 103.929, 310
4682, 48.046, 104.036, 315
4683, 48.296, 104.143, 320
4684, 48.546, 104.25, 325
4685, 48.796, 104.357, 330
4686, 49.046, 104.464, 335
4687, 49.296, 104.571, 340
4688, 49.546, 104.679, 345
4689, 49.796, 104.786, 350
4690, 50.046, 104.893, 355
4691, 50.296, 105, 360
4692, 50.296, 105, 365
4693, 50.296, 105, 370
4694, 50.296, 105, 375
4695, 50.296, 105, 380
4696, 50.296, 105, 385
4697, 50.296, 105, 390
4698, 50.296, 105, 395
4699, 50.296, 105, 400
4700, 50.296, 105, 405
4701, 50.296, 105, 410
4702, 50.296, 105, 415
4703, 50.296, 110, 5
4704, 50.296, 110, 10
4705, 50.296, 110, 15
4706, 50.296, 110, 20
4707, 50.296, 110, 25
4708, 50.296, 110, 30
4709, 50.296, 110, 35
4710, 50.296, 110, 40
4711, 50.296, 110, 45
4712, 50.296, 110, 50
4713, 50.296, 110, 55
4714, 50.296, 110, 60
4715, 50.046, 109.875, 65
4716, 49.796, 109.75, 70
4717, 49.546, 109.625, 75
4718, 49.296, 109.5, 80
4719, 49.046, 109.375, 85
4720, 48.796, 109.25, 90
4721, 48.546, 109.125, 95
4722, 48.296, 109, 100
4723, 48.046, 108.875, 105
4724, 47.796, 108.75, 110
4725, 47.546, 108.625, 115
4726, 47.296, 108.5, 120
4727, 47.046, 108.375, 125
4728, 46.796, 108.25, 130
4729, 46.546, 108.125, 135
4730, 46.296, 108, 140
4731, 46.046, 107.875, 145
4732, 45.796, 107.75, 150
4733, 45.546, 107.625, 155
4734, 45.296, 107.5, 160
4735, 45.046, 107.375, 165
4736, 44.796, 107.25, 170
4737, 44.546, 107.125, 175
4738, 44.296, 107, 180
4739, 44.046, 106.875, 185
4740, 44.046, 106.875, 190
4741, 44.046, 106.875, 195
4742, 44.046, 106.875, 200
4743, 44.046, 106.875, 205
4744, 44.046, 106.875, 210
4745, 44.046, 106.875, 215
4746, 44.046, 106.875, 220
4747, 44.046, 106.875, 225
4748, 44.046, 106.875, 230
4749, 44.046, 106.875, 235
4750, 44.296, 107, 240
4751, 44.546, 107.125, 245
4752, 44.796, 107.25, 250
4753, 45.046, 107.375, 255
4754, 45.296, 107.5, 260
4755, 45.546, 107.625, 265
4756, 45.796, 107.75, 270
4757, 46.046, 107.875, 275
4758, 46.296, 108, 280
4759, 46.546, 108.125, 285
4760, 46.796, 108.25, 290
4761, 47.046, 108.375, 295
4762, 47.296, 108.5, 300
4763, 47.546, 108.625, 305
4764, 47.796, 108.75, 310
4765, 48.046, 108.875, 315
4766, 48.296, 109, 320
4767, 48.546, 109.125, 325
4768, 48.796, 109.25, 330
4769, 49.046, 109.375, 335
4770, 49.296, 109.5, 340
4771, 49.546, 109.625, 345
4772, 49.796, 109.75, 350
4773, 50.046, 109.875, 355
4774, 50.296, 110, 360
4775, 50.296, 110, 365
4776, 50.296, 110, 370
4777, 50.296, 110, 375
4778, 50.296, 110, 380
4779, 50.296, 110, 385
4780, 50.296, 110, 390
4781, 50.296, 110, 395
4782, 50.296, 110, 400
4783, 50.296, 110, 405
4784, 50.296, 110, 410
4785, 50.296, 110, 415
4786, 50.296, 115, 5
4787, 50.296, 115, 10
4788, 50.296, 115, 15
4789, 50.296, 115, 20
4790, 50.296, 115, 25
4791, 50.296, 115, 30
4792, 50.296, 115, 35
4793, 50.296, 115, 40
4794, 50.296, 115, 45
4795, 50.296, 115, 50
4796, 50.296, 115, 55
4797, 50.296, 115, 60
4798, 50.046, 114.857, 65
4799, 49.796, 114.714, 70
4800, 49.546, 114.571, 75
4801, 49.296, 114.429, 80
4802, 49.046, 114.286, 85
4803, 48.796, 114.143, 90
4804, 48.546, 114, 95
4805, 48.296, 113.857, 100
4806, 48.046, 113.714, 105
4807, 47.796, 113.571, 110
4808, 47.546, 113.429, 115
4809, 47.296, 113.286, 120
4810, 47.046, 113.143, 125
4811, 46.796, 113, 130
4812, 46.546, 112.857, 135
4813, 46.296, 112.714, 140
4814, 46.046, 112.571, 145
4815, 45.796, 112.429, 150
4816, 45.546, 112.286, 155
4817, 45.296, 112.143, 160
4818, 45.046, 112, 165
4819, 44.796, 111.857, 170
4820, 44.546, 111.714, 175
4821, 44.296, 111.571, 180
4822, 44.046, 111.429, 185
4823, 44.046, 111.429, 190
4824, 44.046, 111.429, 195
4825, 44.046, 111.429, 200
4826, 44.046, 111.429, 205
4827, 44.046, 111.429, 210
4828, 44.046, 111.429, 215
4829, 44.046, 111.429, 220
4830, 44.046, 111.429, 225
4831, 44.046, 111.429, 230
4832, 44.046, 111.429, 235
4833, 44.296, 111.571, 240
4834, 44.546, 111.714, 245
4835, 44.796, 111.857, 250
4836, 45.046, 112, 255
4837, 45.296, 112.143, 260
4838, 45.546, 112.286, 265
4839, 45.796, 112.429, 270
4840, 46.046, 112.571, 275
4841, 46.296, 112.714, 280
4842, 46.546, 112.857, 285
4843, 46.796, 113, 290
4844, 47.046, 113.143, 295
4845, 47.296, 113.286, 300
4846, 47.546, 113.429, 305
4847, 47.796, 113.571, 310
4848, 48.046, 113.714, 315
4849, 48.296, 113.857, 320
4850, 48.546, 114, 325
4851, 48.796, 114.143, 330
4852, 49.046, 114.286, 335
4853, 49.296, 114.429, 340
4854, 49.546, 114.571, 345
4855, 49.796, 114.714, 350
4856, 50.046, 114.857, 355
4857, 50.296, 115, 360
4858, 50.296, 115, 365
4859, 50.296, 115, 370
4860, 50.296, 115, 375
4861, 50.296, 115, 380
4862, 50.296, 115, 385
4863, 50.296, 115, 390
4864, 50.296, 115, 395
4865, 50.296, 115, 400
4866, 50.296, 115, 405
4867, 50.296, 115, 410
4868, 50.296, 115, 415
4869, 50.296, 120, 5
4870, 50.296, 120, 10
4871, 50.296, 120, 15
4872, 50.296, 120, 20
4873, 50.296, 120, 25
4874, 50.296, 120, 30
4875, 50.296, 120, 35
4876, 50.296, 120, 40
4877, 50.296, 120, 45
4878, 50.296, 120, 50
4879, 50.296, 120, 55
4880, 50.296, 120, 60
4881, 50.046, 119.839, 65
4882, 49.796, 119.679, 70
4883, 49.546, 119.518, 75
4884, 49.296, 119.357, 80
4885, 49.046, 119.196, 85
4886, 48.796, 119.036, 90
4887, 48.546, 118.875, 95
4888, 48.296, 118.714, 100
4889, 48.046, 118.554, 105
4890, 47.796, 118.393, 110
4891, 47.546, 118.232, 115
4892, 47.296, 118.071, 120
4893, 47.046, 117.911, 125
4894, 46.796, 117.75, 130
4895, 46.546, 117.589, 135
4896, 46.296, 117.429, 140
4897, 46.046, 117.268, 145
4898, 45.796, 117.107, 150
4899, 45.546, 116.946, 155
4900, 45.296, 116.786, 160
4901, 45.046, 116.625, 165
4902, 44.796, 116.464, 170
4903, 44.546, 116.304, 175
4904, 44.296, 116.143, 180
4905, 44.046, 115.982, 185
4906, 44.046, 115.982, 190
4907, 44.046, 115.982, 195
4908, 44.046, 115.982, 200
4909, 44.046, 115.982, 205
4910, 44.046, 115.982, 210
4911, 44.046, 115.982, 215
4912, 44.046, 115.982, 220
4913, 44.046, 115.982, 225
4914, 44.046, 115.982, 230
4915, 44.046, 115.982, 235
4916, 44.296, 116.143, 240
4917, 44.546, 116.304, 245
4918, 44.796, 116.464, 250
4919, 45.046, 116.625, 255
4920, 45.296, 116.786, 260
4921, 45.546, 116.946, 265
4922, 45.796, 117.107, 270
4923, 46.046, 117.268, 275
4924, 46.296, 117.429, 280
4925, 46.546, 117.589, 285
4926, 46.796, 117.75, 290
4927, 47.046, 117.911, 295
4928, 47.296, 118.071, 300
4929, 47.546, 118.232, 305
4930, 47.796, 118.393, 310
4931, 48.046, 118.554, 315
4932, 48.296, 118.714, 320
4933, 48.546, 118.875, 325
4934, 48.796, 119.036, 330
4935, 49.046, 119.196, 335
4936, 49.296, 119.357, 340
4937, 49.546, 119.518, 345
4938, 49.796, 119.679, 350
4939, 50.046, 119.839, 355
4940, 50.296, 120, 360
4941, 50.296, 120, 365
4942, 50.296, 120, 370
4943, 50.296, 120, 375
4944, 50.296, 120, 380
4945, 50.296, 120, 385
4946, 50.296, 120, 390
4947, 50.296, 120, 395
4948, 50.296, 120, 400
4949, 50.296, 120, 405
4950, 50.296, 120, 410
4951, 50.296, 120, 415
4952, 50.296, 125, 5
4953, 50.296, 125, 10
4954, 50.296, 125, 15
4955, 50.296, 125, 20
4956, 50.296, 125, 25
4957, 50.296, 125, 30
4958, 50.296, 125, 35
4959, 50.296, 125, 40
4960, 50.296, 125, 45
4961, 50.296, 125, 50
4962, 50.296, 125, 55
4963, 50.296, 125, 60
4964, 50.046, 124.821, 65
4965, 49.796, 124.643, 70
4966, 49.546, 124.464, 75
4967, 49.296, 124.286, 80
4968, 49.046, 124.107, 85
4969, 48.796, 123.929, 90
4970, 48.546, 123.75, 95
4971, 48.296, 123.571, 100
4972, 48.046, 123.393, 105
4973, 47.796, 123.214, 110
4974, 47.546, 123.036, 115
4975, 47.296, 122.857, 120
4976, 47.046, 122.679, 125
4977, 46.796, 122.5, 130
4978, 46.546, 122.321, 135
4979, 46.296, 122.143, 140
4980, 46.046, 121.964, 145
4981, 45.796, 121.786, 150
4982, 45.546, 121.607, 155
4983, 45.296, 121.429, 160
4984, 45.046, 121.25, 165
4985, 44.796, 121.071, 170
4986, 44.546, 120.893, 175
4987, 44.296, 120.714, 180
4988, 44.046, 120.536, 185
4989, 44.046, 120.536, 190
4990, 44.046, 120.536, 195
4991, 44.046, 120.536, 200
4992, 44.046, 120.536, 205
4993, 44.046, 120.536, 210
4994, 44.046, 120.536, 215
4995, 44.046, 120.536, 220
4996, 44.046, 120.536, 225
4997, 44.046, 120.536, 230
4998, 44.046, 120.536, 235
4999, 44.296, 120.714, 240
5000, 44.546, 120.893, 245
5001, 44.796, 121.071, 250
5002, 45.046, 121.25, 255
5003, 45.296, 121.429, 260
5004, 45.546, 121.607, 265
5005, 45.796, 121.786, 270
5006, 46.046, 121.964, 275
5007, 46.296, 122.143, 280
5008, 46.546, 122.321, 285
5009, 46.796, 122.5, 290
5010, 47.046, 122.679, 295
5011, 47.296, 122.857, 300
5012, 47.546, 123.036, 305
5013, 47.796, 123.214, 310
5014, 48.046, 123.393, 315
5015, 48.296, 123.571, 320
5016, 48.546, 123.75, 325
5017, 48.796, 123.929, 330
5018, 49.046, 124.107, 335
5019, 49.296, 124.286, 340
5020, 49.546, 124.464, 345
5021, 49.796, 124.643, 350
5022, 50.046, 124.821, 355
5023, 50.296, 125, 360
5024, 50.296, 125, 365
5025, 50.296, 125, 370
5026, 50.296, 125, 375
5027, 50.296, 125, 380
5028, 50.296, 125, 385
5029, 50.296, 125, 390
5030, 50.296, 125, 395
5031, 50.296, 125, 400
5032, 50.296, 125, 405
5033, 50.296, 125, 410
5034, 50.296, 125, 415
5035, 50.296, 130, 5
5036, 50.296, 130, 10
5037, 50.296, 130, 15
5038, 50.296, 130, 20
5039, 50.296, 130, 25
5040, 50.296, 130, 30
5041, 50.296, 130, 35
5042, 50.296, 130, 40
5043, 50.296, 130, 45
5044, 50.296, 130, 50
5045, 50.296, 130, 55
5046, 50.296, 130, 60
5047, 50.046, 129.804, 65
5048, 49.796, 129.607, 70
5049, 49.546, 129.411, 75
5050, 49.296, 129.214, 80
5051, 49.046, 129.018, 85
5052, 48.796, 128.821, 90
5053, 48.546, 128.625, 95
5054, 48.296, 128.429, 100
5055, 48.046, 128.232, 105
5056, 47.796, 128.036, 110
5057, 47.546, 127.839, 115
5058, 47.296, 127.643, 120
5059, 47.046, 127.446, 125
5060, 46.796, 127.25, 130
5061, 46.546, 127.054, 135
5062, 46.296, 126.857, 140
5063, 46.046, 126.661, 145
5064, 45.796, 126.464, 150
5065, 45.546, 126.268, 155
5066, 45.296, 126.071, 160
5067, 45.046, 125.875, 165
5068, 44.796, 125.679, 170
5069, 44.546, 125.482, 175
5070, 44.296, 125.286, 180
5071, 44.046, 125.089, 185
5072, 44.046, 125.089, 190
5073, 44.046, 125.089, 195
5074, 44.046, 125.089, 200
5075, 44.046, 125.089, 205
5076, 44.046, 125.089, 210
5077, 44.046, 125.089, 215
5078, 44.046, 125.089, 220
5079, 44.046, 125.089, 225
5080, 44.046, 125.089, 230
5081, 44.046, 125.089, 235
5082, 44.296, 125.286, 240
5083, 44.546, 125.482, 245
5084, 44.796, 125.679, 250
5085, 45.046, 125.875, 255
5086, 45.296, 126.071, 260
5087, 45.546, 126.268, 265
5088, 45.796, 126.464, 270
5089, 46.046, 126.661, 275
5090, 46.296, 126.857, 280
5091, 46.546, 127.054, 285
5092, 46.796, 127.25, 290
5093, 47.046, 127.446, 295
5094, 47.296, 127.643, 300
5095, 47.546, 127.839, 305
5096, 47.796, 128.036, 310
5097, 48.046, 128.232, 315
5098, 48.296, 128.429, 320
5099, 48.546, 128.625, 325
5100, 48.796, 128.821, 330
5101, 49.046, 129.018, 335
5102, 49.296, 129.214, 340
5103, 49.546, 129.411, 345
5104, 49.796, 129.607, 350
5105, 50.046, 129.804, 355
5106, 50.296, 130, 360
5107, 50.296, 130, 365
5108, 50.296, 130, 370
5109, 50.296, 130, 375
5110, 50.296, 130, 380
5111, 50.296, 130, 385
5112, 50.296, 130, 390
5113, 50.296, 130, 395
5114, 50.296, 130, 400
5115, 50.296, 130, 405
5116, 50.296, 130, 410
5117, 50.296, 130, 415
5118, 50.296, 135, 5
5119, 50.296, 135, 10
5120, 50.296, 135, 15
5121, 50.296, 135, 20
5122, 50.296, 135, 25
5123, 50.296, 135, 30
5124, 50.296, 135, 35
5125, 50.296, 135, 40
5126, 50.296, 135, 45
5127, 50.296, 135, 50
5128, 50.296, 135, 55
5129, 50.296, 135, 60
5130, 50.046, 134.786, 65
5131, 49.796, 134.571, 70
5132, 49.546, 134.357, 75
5133, 49.296, 134.143, 80
5134, 49.046, 133.929, 85
5135, 48.796, 133.714, 90
5136, 48.546, 133.5, 95
5137, 48.296, 133.286, 100
5138, 48.046, 133.071, 105
5139, 47.796, 132.857, 110
5140, 47.546, 132.643, 115
5141, 47.296, 132.429, 120
5142, 47.046, 132.214, 125
5143, 46.796, 132, 130
5144, 46.546, 131.786, 135
5145, 46.296, 131.571, 140
5146, 46.046, 131.357, 145
5147, 45.796, 131.143, 150
5148, 45.546, 130.929, 155
5149, 45.296, 130.714, 160
5150, 45.046, 130.5, 165
5151, 44.796, 130.286, 170
5152, 44.546, 130.071, 175
5153, 44.296, 129.857, 180
5154, 44.046, 129.643, 185
5155, 44.046, 129.643, 190
5156, 44.046, 129.643, 195
5157, 44.046, 129.643, 200
5158, 44.046, 129.643, 205
5159, 44.046, 129.643, 210
5160, 44.046, 129.643, 215
5161, 44.046, 129.643, 220
5162, 44.046, 129.643, 225
5163, 44.046, 129.643, 230
5164, 44.046, 129.643, 235
5165, 44.296, 129.857, 240
5166, 44.546, 130.071, 245
5167, 44.796, 130.286, 250
5168, 45.046, 130.5, 255
5169, 45.296, 130.714, 260
5170, 45.546, 130.929, 265
5171, 45.796, 131.143, 270
5172, 46.046, 131.357, 275
5173, 46.296, 131.571, 280
5174, 46.546, 131.786, 285
5175, 46.796, 132, 290
5176, 47.046, 132.214, 295
5177, 47.296, 132.429, 300
5178, 47.546, 132.643, 305
5179, 47.796, 132.857, 310
5180, 48.046, 133.071, 315
5181, 48.296, 133.286, 320
5182, 48.546, 133.5, 325
5183, 48.796, 133.714, 330
5184, 49.046, 133.929, 335
5185, 49.296, 134.143, 340
5186, 49.546, 134.357, 345
5187, 49.796, 134.571, 350
5188, 50.046, 134.786, 355
5189, 50.296, 135, 360
5190, 50.296, 135, 365
5191, 50.296, 135, 370
5192, 50.296, 135, 375
5193, 50.296, 135, 380
5194, 50.296, 135, 385
5195, 50.296, 135, 390
5196, 50.296, 135, 395
5197, 50.296, 135, 400
5198, 50.296, 135, 405
5199, 50.296, 135, 410
5200, 50.296, 135, 415
5201, 50.296, 140, 5
5202, 50.296, 140, 10
5203, 50.296, 140, 15
5204, 50.296, 140, 20
5205, 50.296, 140, 25
5206, 50.296, 140, 30
5207, 50.296, 140, 35
5208, 50.296, 140, 40
5209, 50.296, 140, 45
5210, 50.296, 140, 50
5211, 50.296, 140, 55
5212, 50.296, 140, 60
5213, 50.046, 139.768, 65
5214, 49.796, 139.536, 70
5215, 49.546, 139.304, 75
5216, 49.296, 139.071, 80
5217, 49.046, 138.839, 85
5218, 48.796, 138.607, 90
5219, 48.546, 138.375, 95
5220, 48.296, 138.143, 100
5221, 48.046, 137.911, 105
5222, 47.796, 137.679, 110
5223, 47.546, 137.446, 115
5224, 47.296, 137.214, 120
5225, 47.046, 136.982, 125
5226, 46.796, 136.75, 130
5227, 46.546, 136.518, 135
5228, 46.296, 136.286, 140
5229, 46.046, 136.054, 145
5230, 45.796, 135.821, 150
5231, 45.546, 135.589, 155
5232, 45.296, 135.357, 160
5233, 45.046, 135.125, 165
5234, 44.796, 134.893, 170
5235, 44.546, 134.661, 175
5236, 44.296, 134.429, 180
5237, 44.046, 134.196, 185
5238, 44.046, 134.196, 190
5239, 44.046, 134.196, 195
5240, 44.046, 134.196, 200
5241, 44.046, 134.196, 205
5242, 44.046, 134.196, 210
5243, 44.046, 134.196, 215
5244, 44.046, 134.196, 220
5245, 44.046, 134.196, 225
5246, 44.046, 134.196, 230
5247, 44.046, 134.196, 235
5248, 44.296, 134.429, 240
5249, 44.546, 134.661, 245
5250, 44.796, 134.893, 250
5251, 45.046, 135.125, 255
5252, 45.296, 135.357, 260
5253, 45.546, 135.589, 265
5254, 45.796, 135.821, 270
5255, 46.046, 136.054, 275
5256, 46.296, 136.286, 280
5257, 46.546, 136.518, 285
5258, 46.796, 136.75, 290
5259, 47.046, 136.982, 295
5260, 47.296, 137.214, 300
5261, 47.546, 137.446, 305
5262, 47.796, 137.679, 310
5263, 48.046, 137.911, 315
5264, 48.296, 138.143, 320
5265, 48.546, 138.375, 325
5266, 48.796, 138.607, 330
5267, 49.046, 138.839, 335
5268, 49.296, 139.071, 340
5269, 49.546, 139.304, 345
5270, 49.796, 139.536, 350
5271, 50.046, 139.768, 355
5272, 50.296, 140, 360
5273, 50.296, 140, 365
5274, 50.296, 140, 370
5275, 50.296, 140, 375
5276, 50.296, 140, 380
5277, 50.296, 140, 385
5278, 50.296, 140, 390
5279, 50.296, 140, 395
5280, 50.296, 140, 400
5281, 50.296, 140, 405
5282, 50.296, 140, 410
5283, 50.296, 140, 415
5284, 55, 10, 5
5285, 55, 10, 10
5286, 55, 10, 15
5287, 55, 10, 20
5288, 55, 10, 25
5289, 55, 10, 30
5290, 55, 10, 35
5291, 55, 10, 40
5292, 55, 10, 45
5293, 55, 10, 50
5294, 55, 10, 55
5295, 55, 10, 60
5296, 54.75, 10.2321, 65
5297, 54.5, 10.4643, 70
5298, 54.25, 10.6964, 75
5299, 54, 10.9286, 80
5300, 53.75, 11.1607, 85
5301, 53.5, 11.3929, 90
5302, 53.25, 11.625, 95
5303, 53, 11.8571, 100
5304, 52.75, 12.0893, 105
5305, 52.5, 12.3214, 110
5306, 52.25, 12.5536, 115
5307, 52, 12.7857, 120
5308, 51.75, 13.0179, 125
5309, 51.5, 13.25, 130
5310, 51.25, 13.4821, 135
5311, 51, 13.7143, 140
5312, 50.75, 13.9464, 145
5313, 50.5, 14.1786, 150
5314, 50.25, 14.4107, 155
5315, 50, 14.6429, 160
5316, 49.75, 14.875, 165
5317, 49.5, 15.1071, 170
5318, 49.25, 15.3393, 175
5319, 49, 15.5714, 180
5320, 48.75, 15.8036, 185
5321, 48.75, 15.8036, 190
5322, 48.75, 15.8036, 195
5323, 48.75, 15.8036, 200
5324, 48.75, 15.8036, 205
5325, 48.75, 15.8036, 210
5326, 48.75, 15.8036, 215
5327, 48.75, 15.8036, 220
5328, 48.75, 15.8036, 225
5329, 48.75, 15.8036, 230
5330, 48.75, 15.8036, 235
5331, 49, 15.5714, 240
5332, 49.25, 15.3393, 245
5333, 49.5, 15.1071, 250
5334, 49.75, 14.875, 255
5335, 50, 14.6429, 260
5336, 50.25, 14.4107, 265
5337, 50.5, 14.1786, 270
5338, 50.75, 13.9464, 275
5339, 51, 13.7143, 280
5340, 51.25, 13.4821, 285
5341, 51.5, 13.25, 290
5342, 51.75, 13.0179, 295
5343, 52, 12.7857, 300
5344, 52.25, 12.5536, 305
5345, 52.5, 12.3214, 310
5346, 52.75, 12.0893, 315
5347, 53, 11.8571, 320
5348, 53.25, 11.625, 325
5349, 53.5, 11.3929, 330
5350, 53.75, 11.1607, 335
5351, 54, 10.9286, 340
5352, 54.25, 10.6964, 345
5353, 54.5, 10.4643, 350
5354, 54.75, 10.2321, 355
5355, 55, 10, 360
5356, 55, 10, 365
5357, 55, 10, 370
5358, 55, 10, 375
5359, 55, 10, 380
5360, 55, 10, 385
5361, 55, 10, 390
5362, 55, 10, 395
5363, 55, 10, 400
5364, 55, 10, 405
5365, 55, 10, 410
5366, 55, 10, 415
5367, 55, 15, 5
5368, 55, 15, 10
5369, 55, 15, 15
5370, 55, 15, 20
5371, 55, 15, 25
5372, 55, 15, 30
5373, 55, 15, 35
5374, 55, 15, 40
5375, 55, 15, 45
5376, 55, 15, 50
5377, 55, 15, 55
5378, 55, 15, 60
5379, 54.75, 15.2143, 65
5380, 54.5, 15.4286, 70
5381, 54.25, 15.6429, 75
5382, 54, 15.8571, 80
5383, 53.75, 16.0714, 85
5384, 53.5, 16.2857, 90
5385, 53.25, 16.5, 95
5386, 53, 16.7143, 100
5387, 52.75, 16.9286, 105
5388, 52.5, 17.1429, 110
5389, 52.25, 17.3571, 115
5390, 52, 17.5714, 120
5391, 51.75, 17.7857, 125
5392, 51.5, 18, 130
5393, 51.25, 18.2143, 135
5394, 51, 18.4286, 140
5395, 50.75, 18.6429, 145
5396, 50.5, 18.8571, 150
5397, 50.25, 19.0714, 155
5398, 50, 19.2857, 160
5399, 49.75, 19.5, 165
5400, 49.5, 19.7143, 170
5401, 49.25, 19.9286, 175
5402, 49, 20.1429, 180
5403, 48.75, 20.3571, 185
5404, 48.75, 20.3571, 190
5405, 48.75, 20.3571, 195
5406, 48.75, 20.3571, 200
5407, 48.75, 20.3571, 205
5408, 48.75, 20.3571, 210
5409, 48.75, 20.3571, 215
5410, 48.75, 20.3571, 220
5411, 48.75, 20.3571, 225
5412, 48.75, 20.3571, 230
5413, 48.75, 20.3571, 235
5414, 49, 20.1429, 240
5415, 49.25, 19.9286, 245
5416, 49.5, 19.7143, 250
5417, 49.75, 19.5, 255
5418, 50, 19.2857, 260
5419, 50.25, 19.0714, 265
5420, 50.5, 18.8571, 270
5421, 50.75, 18.6429, 275
5422, 51, 18.4286, 280
5423, 51.25, 18.2143, 285
5424, 51.5, 18, 290
5425, 51.75, 17.7857, 295
5426, 52, 17.5714, 300
5427, 52.25, 17.3571, 305
5428, 52.5, 17.1429, 310
5429, 52.75, 16.9286, 315
5430, 53, 16.7143, 320
5431, 53.25, 16.5, 325
5432, 53.5, 16.2857, 330
5433, 53.75, 16.0714, 335
5434, 54, 15.8571, 340
5435, 54.25, 15.6429, 345
5436, 54.5, 15.4286, 350
5437, 54.75, 15.2143, 355
5438, 55, 15, 360
5439, 55, 15, 365
5440, 55, 15, 370
5441, 55, 15, 375
5442, 55, 15, 380
5443, 55, 15, 385
5444, 55, 15, 390
5445, 55, 15, 395
5446, 55, 15, 400
5447, 55, 15, 405
5448, 55, 15, 410
5449, 55, 15, 415
5450, 55, 20, 5
5451, 55, 20, 10
5452, 55, 20, 15
5453, 55, 20, 20
5454, 55, 20, 25
5455, 55, 20, 30
5456, 55, 20, 35
5457, 55, 20, 40
5458, 55, 20, 45
5459, 55, 20, 50
5460, 55, 20, 55
5461, 55, 20, 60
5462, 54.75, 20.1964, 65
5463, 54.5, 20.3929, 70
5464, 54.25, 20.5893, 75
5465, 54, 20.7857, 80
5466, 53.75, 20.9821, 85
5467, 53.5, 21.1786, 90
5468, 53.25, 21.375, 95
5469, 53, 21.5714, 100
5470, 52.75, 21.7679, 105
5471, 52.5, 21.9643, 110
5472, 52.25, 22.1607, 115
5473, 52, 22.3571, 120
5474, 51.75, 22.5536, 125
5475, 51.5, 22.75, 130
5476, 51.25, 22.9464, 135
5477, 51, 23.1429, 140
5478, 50.75, 23.3393, 145
5479, 50.5, 23.5357, 150
5480, 50.25, 23.7321, 155
5481, 50, 23.9286, 160
5482, 49.75, 24.125, 165
5483, 49.5, 24.3214, 170
5484, 49.25, 24.5179, 175
5485, 49, 24.7143, 180
5486, 48.75, 24.9107, 185
5487, 48.75, 24.9107, 190
5488, 48.75, 24.9107, 195
5489, 48.75, 24.9107, 200
5490, 48.75, 24.9107, 205
5491, 48.75, 24.9107, 210
5492, 48.75, 24.9107, 215
5493, 48.75, 24.9107, 220
5494, 48.75, 24.9107, 225
5495, 48.75, 24.9107, 230
5496, 48.75, 24.9107, 235
5497, 49, 24.7143, 240
5498, 49.25, 24.5179, 245
5499, 49.5, 24.3214, 250
5500, 49.75, 24.125, 255
5501, 50, 23.9286, 260
5502, 50.25, 23.7321, 265
5503, 50.5, 23.5357, 270
5504, 50.75, 23.3393, 275
5505, 51, 23.1429, 280
5506, 51.25, 22.9464, 285
5507, 51.5, 22.75, 290
5508, 51.75, 22.5536, 295
5509, 52, 22.3571, 300
5510, 52.25, 22.1607, 305
5511, 52.5, 21.9643, 310
5512, 52.75, 21.7679, 315
5513, 53, 21.5714, 320
5514, 53.25, 21.375, 325
5515, 53.5, 21.1786, 330
5516, 53.75, 20.9821, 335
5517, 54, 20.7857, 340
5518, 54.25, 20.5893, 345
5519, 54.5, 20.3929, 350
5520, 54.75, 20.1964, 355
5521, 55, 20, 360
5522, 55, 20, 365
5523, 55, 20, 370
5524, 55, 20, 375
5525, 55, 20, 380
5526, 55, 20, 385
5527, 55, 20, 390
5528, 55, 20, 395
5529, 55, 20, 400
5530, 55, 20, 405
5531, 55, 20, 410
5532, 55, 20, 415
5533, 55, 25, 5
5534, 55, 25, 10
5535, 55, 25, 15
5536, 55, 25, 20
5537, 55, 25, 25
5538, 55, 25, 30
5539, 55, 25, 35
5540, 55, 25, 40
5541, 55, 25, 45
5542, 55, 25, 50
5543, 55, 25, 55
5544, 55, 25, 60
5545, 54.75, 25.1786, 65
5546, 54.5, 25.3571, 70
5547, 54.25, 25.5357, 75
5548, 54, 25.7143, 80
5549, 53.75, 25.8929, 85
5550, 53.5, 26.0714, 90
5551, 53.25, 26.25, 95
5552, 53, 26.4286, 100
5553, 52.75, 26.6071, 105
5554, 52.5, 26.7857, 110
5555, 52.25, 26.9643, 115
5556, 52, 27.1429, 120
5557, 51.75, 27.3214, 125
5558, 51.5, 27.5, 130
5559, 51.25, 27.6786, 135
5560, 51, 27.8571, 140
5561, 50.75, 28.0357, 145
5562, 50.5, 28.2143, 150
5563, 50.25, 28.3929, 155
5564, 50, 28.5714, 160
5565, 49.75, 28.75, 165
5566, 49.5, 28.9286, 170
5567, 49.25, 29.1071, 175
5568, 49, 29.2857, 180
5569, 48.75, 29.4643, 185
5570, 48.75, 29.4643, 190
5571, 48.75, 29.4643, 195
5572, 48.75, 29.4643, 200
5573, 48.75, 29.4643, 205
5574, 48.75, 29.4643, 210
5575, 48.75, 29.4643, 215
5576, 48.75, 29.4643, 220
5577, 48.75, 29.4643, 225
5578, 48.75, 29.4643, 230
5579, 48.75, 29.4643, 235
5580, 49, 29.2857, 240
5581, 49.25, 29.1071, 245
5582, 49.5, 28.9286, 250
5583, 49.75, 28.75, 255
5584, 50, 28.5714, 260
5585, 50.25, 28.3929, 265
5586, 50.5, 28.2143, 270
5587, 50.75, 28.0357, 275
5588, 51, 27.8571, 280
5589, 51.25, 27.6786, 285
5590, 51.5, 27.5, 290
5591, 51.75, 27.3214, 295
5592, 52, 27.1429, 300
5593, 52.25, 26.9643, 305
5594, 52.5, 26.7857, 310
5595, 52.75, 26.6071, 315
5596, 53, 26.4286, 320
5597, 53.25, 26.25, 325
5598, 53.5, 26.0714, 330
5599, 53.75, 25.8929, 335
5600, 54, 25.7143, 340
5601, 54.25, 25.5357, 345
5602, 54.5, 25.3571, 350
5603, 54.75, 25.1786, 355
5604, 55, 25, 360
5605, 55, 25, 365
5606, 55, 25, 370
5607, 55, 25, 375
5608, 55, 25, 380
5609, 55, 25, 385
5610, 55, 25, 390
5611, 55, 25, 395
5612, 55, 25, 400
5613, 55, 25, 405
5614, 55, 25, 410
5615, 55, 25, 415
5616, 55, 30, 5
5617, 55, 30, 10
5618, 55, 30, 15
5619, 55, 30, 20
5620, 55, 30, 25
5621, 55, 30, 30
5622, 55, 30, 35
5623, 55, 30, 40
5624, 55, 30, 45
5625, 55, 30, 50
5626, 55, 30, 55
5627, 55, 30, 60
5628, 54.75, 30.1607, 65
5629, 54.5, 30.3214, 70
5630, 54.25, 30.4821, 75
5631, 54, 30.6429, 80
5632, 53.75, 30.8036, 85
5633, 53.5, 30.9643, 90
5634, 53.25, 31.125, 95
5635, 53, 31.2857, 100
5636, 52.75, 31.4464, 105
5637, 52.5, 31.6071, 110
5638, 52.25, 31.7679, 115
5639, 52, 31.9286, 120
5640, 51.75, 32.0893, 125
5641, 51.5, 32.25, 130
5642, 51.25, 32.4107, 135
5643, 51, 32.5714, 140
5644, 50.75, 32.7321, 145
5645, 50.5, 32.8929, 150
5646, 50.25, 33.0536, 155
5647, 50, 33.2143, 160
5648, 49.75, 33.375, 165
5649, 49.5, 33.5357, 170
5650, 49.25, 33.6964, 175
5651, 49, 33.8571, 180
5652, 48.75, 34.0179, 185
5653, 48.75, 34.0179, 190
5654, 48.75, 34.0179, 195
5655, 48.75, 34.0179, 200
5656, 48.75, 34.0179, 205
5657, 48.75, 34.0179, 210
5658, 48.75, 34.0179, 215
5659, 48.75, 34.0179, 220
5660, 48.75, 34.0179, 225
5661, 48.75, 34.0179, 230
5662, 48.75, 34.0179, 235
5663, 49, 33.8571, 240
5664, 49.25, 33.6964, 245
5665, 49.5, 33.5357, 250
5666, 49.75, 33.375, 255
5667, 50, 33.2143, 260
5668, 50.25, 33.0536, 265
5669, 50.5, 32.8929, 270
5670, 50.75, 32.7321, 275
5671, 51, 32.5714, 280
5672, 51.25, 32.4107, 285
5673, 51.5, 32.25, 290
5674, 51.75, 32.0893, 295
5675, 52, 31.9286, 300
5676, 52.25, 31.7679, 305
5677, 52.5, 31.6071, 310
5678, 52.75, 31.4464, 315
5679, 53, 31.2857, 320
5680, 53.25, 31.125, 325
5681, 53.5, 30.9643, 330
5682, 53.75, 30.8036, 335
5683, 54, 30.6429, 340
5684, 54.25, 30.4821, 345
5685, 54.5, 30.3214, 350
5686, 54.75, 30.1607, 355
5687, 55, 30, 360
5688, 55, 30, 365
5689, 55, 30, 370
5690, 55, 30, 375
5691, 55, 30, 380
5692, 55, 30, 385
5693, 55, 30, 390
5694, 55, 30, 395
5695, 55, 30, 400
5696, 55, 30, 405
5697, 55, 30, 410
5698, 55, 30, 415
5699, 55, 35, 5
5700, 55, 35, 10
5701, 55, 35, 15
5702, 55, 35, 20
5703, 55, 35, 25
5704, 55, 35, 30
5705, 55, 35, 35
5706, 55, 35, 40
5707, 55, 35, 45
5708, 55, 35, 50
5709, 55, 35, 55
5710, 55, 35, 60
5711, 54.75, 35.1429, 65
5712, 54.5, 35.2857, 70
5713, 54.25, 35.4286, 75
5714, 54, 35.5714, 80
5715, 53.75, 35.7143, 85
5716, 53.5, 35.8571, 90
5717, 53.25, 36, 95
5718, 53, 36.1429, 100
5719, 52.75, 36.2857, 105
5720, 52.5, 36.4286, 110
5721, 52.25, 36.5714, 115
5722, 52, 36.7143, 120
5723, 51.75, 36.8571, 125
5724, 51.5, 37, 130
5725, 51.25, 37.1429, 135
5726, 51, 37.2857, 140
5727, 50.75, 37.4286, 145
5728, 50.5, 37.5714, 150
5729, 50.25, 37.7143, 155
5730, 50, 37.8571, 160
5731, 49.75, 38, 165
5732, 49.5, 38.1429, 170
5733, 49.25, 38.2857, 175
5734, 49, 38.4286, 180
5735, 48.75, 38.5714, 185
5736, 48.75, 38.5714, 190
5737, 48.75, 38.5714, 195
5738, 48.75, 38.5714, 200
5739, 48.75, 38.5714, 205
5740, 48.75, 38.5714, 210
5741, 48.75, 38.5714, 215
5742, 48.75, 38.5714, 220
5743, 48.75, 38.5714, 225
5744, 48.75, 38.5714, 230
5745, 48.75, 38.5714, 235
5746, 49, 38.4286, 240
5747, 49.25, 38.2857, 245
5748, 49.5, 38.1429, 250
5749, 49.75, 38, 255
5750, 50, 37.8571, 260
5751, 50.25, 37.7143, 265
5752, 50.5, 37.5714, 270
5753, 50.75, 37.4286, 275
5754, 51, 37.2857, 280
5755, 51.25, 37.1429, 285
5756, 51.5, 37, 290
5757, 51.75, 36.8571, 295
5758, 52, 36.7143, 300
5759, 52.25, 36.5714, 305
5760, 52.5, 36.4286, 310
5761, 52.75, 36.2857, 315
5762, 53, 36.1429, 320
5763, 53.25, 36, 325
5764, 53.5, 35.8571, 330
5765, 53.75, 35.7143, 335
5766, 54, 35.5714, 340
5767, 54.25, 35.4286, 345
5768, 54.5, 35.2857, 350
5769, 54.75, 35.1429, 355
5770, 55, 35, 360
5771, 55, 35, 365
5772, 55, 35, 370
5773, 55, 35, 375
5774, 55, 35, 380
5775, 55, 35, 385
5776, 55, 35, 390
5777, 55, 35, 395
5778, 55, 35, 400
5779, 55, 35, 405
5780, 55, 35, 410
5781, 55, 35, 415
5782, 55, 40, 5
5783, 55, 40, 10
5784, 55, 40, 15
5785, 55, 40, 20
5786, 55, 40, 25
5787, 55, 40, 30
5788, 55, 40, 35
5789, 55, 40, 40
5790, 55, 40, 45
5791, 55, 40, 50
5792, 55, 40, 55
5793, 55, 40, 60
5794, 54.75, 40.125, 65
5795, 54.5, 40.25, 70
5796, 54.25, 40.375, 75
5797, 54, 40.5, 80
5798, 53.75, 40.625, 85
5799, 53.5, 40.75, 90
5800, 53.25, 40.875, 95
5801, 53, 41, 100
5802, 52.75, 41.125, 105
5803, 52.5, 41.25, 110
5804, 52.25, 41.375, 115
5805, 52, 41.5, 120
5806, 51.75, 41.625, 125
5807, 51.5, 41.75, 130
5808, 51.25, 41.875, 135
5809, 51, 42, 140
5810, 50.75, 42.125, 145
5811, 50.5, 42.25, 150
5812, 50.25, 42.375, 155
5813, 50, 42.5, 160
5814, 49.75, 42.625, 165
5815, 49.5, 42.75, 170
5816, 49.25, 42.875, 175
5817, 49, 43, 180
5818, 48.75, 43.125, 185
5819, 48.75, 43.125, 190
5820, 48.75, 43.125, 195
5821, 48.75, 43.125, 200
5822, 48.75, 43.125, 205
5823, 48.75, 43.125, 210
5824, 48.75, 43.125, 215
5825, 48.75, 43.125, 220
5826, 48.75, 43.125, 225
5827, 48.75, 43.125, 230
5828, 48.75, 43.125, 235
5829, 49, 43, 240
5830, 49.25, 42.875, 245
5831, 49.5, 42.75, 250
5832, 49.75, 42.625, 255
5833, 50, 42.5, 260
5834, 50.25, 42.375, 265
5835, 50.5, 42.25, 270
5836, 50.75, 42.125, 275
5837, 51, 42, 280
5838, 51.25, 41.875, 285
5839, 51.5, 41.75, 290
5840, 51.75, 41.625, 295
5841, 52, 41.5, 300
5842, 52.25, 41.375, 305
5843, 52.5, 41.25, 310
5844, 52.75, 41.125, 315
5845, 53, 41, 320
5846, 53.25, 40.875, 325
5847, 53.5, 40.75, 330
5848, 53.75, 40.625, 335
5849, 54, 40.5, 340
5850, 54.25, 40.375, 345
5851, 54.5, 40.25, 350
5852, 54.75, 40.125, 355
5853, 55, 40, 360
5854, 55, 40, 365
5855, 55, 40, 370
5856, 55, 40, 375
5857, 55, 40, 380
5858, 55, 40, 385
5859, 55, 40, 390
5860, 55, 40, 395
5861, 55, 40, 400
5862, 55, 40, 405
5863, 55, 40, 410
5864, 55, 40, 415
5865, 55, 45, 5
5866, 55, 45, 10
5867, 55, 45, 15
5868, 55, 45, 20
5869, 55, 45, 25
5870, 55, 45, 30
5871, 55, 45, 35
5872, 55, 45, 40
5873, 55, 45, 45
5874, 55, 45, 50
5875, 55, 45, 55
5876, 55, 45, 60
5877, 54.75, 45.1071, 65
5878, 54.5, 45.2143, 70
5879, 54.25, 45.3214, 75
5880, 54, 45.4286, 80
5881, 53.75, 45.5357, 85
5882, 53.5, 45.6429, 90
5883, 53.25, 45.75, 95
5884, 53, 45.8571, 100
5885, 52.75, 45.9643, 105
5886, 52.5, 46.0714, 110
5887, 52.25, 46.1786, 115
5888, 52, 46.2857, 120
5889, 51.75, 46.3929, 125
5890, 51.5, 46.5, 130
5891, 51.25, 46.6071, 135
5892, 51, 46.7143, 140
5893, 50.75, 46.8214, 145
5894, 50.5, 46.9286, 150
5895, 50.25, 47.0357, 155
5896, 50, 47.1429, 160
5897, 49.75, 47.25, 165
5898, 49.5, 47.3571, 170
5899, 49.25, 47.4643, 175
5900, 49, 47.5714, 180
5901, 48.75, 47.6786, 185
5902, 48.75, 47.6786, 190
5903, 48.75, 47.6786, 195
5904, 48.75, 47.6786, 200
5905, 48.75, 47.6786, 205
5906, 48.75, 47.6786, 210
5907, 48.75, 47.6786, 215
5908, 48.75, 47.6786, 220
5909, 48.75, 47.6786, 225
5910, 48.75, 47.6786, 230
5911, 48.75, 47.6786, 235
5912, 49, 47.5714, 240
5913, 49.25, 47.4643, 245
5914, 49.5, 47.3571, 250
5915, 49.75, 47.25, 255
5916, 50, 47.1429, 260
5917, 50.25, 47.0357, 265
5918, 50.5, 46.9286, 270
5919, 50.75, 46.8214, 275
5920, 51, 46.7143, 280
5921, 51.25, 46.6071, 285
5922, 51.5, 46.5, 290
5923, 51.75, 46.3929, 295
5924, 52, 46.2857, 300
5925, 52.25, 46.1786, 305
5926, 52.5, 46.0714, 310
5927, 52.75, 45.9643, 315
5928, 53, 45.8571, 320
5929, 53.25, 45.75, 325
5930, 53.5, 45.6429, 330
5931, 53.75, 45.5357, 335
5932, 54, 45.4286, 340
5933, 54.25, 45.3214, 345
5934, 54.5, 45.2143, 350
5935, 54.75, 45.1071, 355
5936, 55, 45, 360
5937, 55, 45, 365
5938, 55, 45, 370
5939, 55, 45, 375
5940, 55, 45, 380
5941, 55, 45, 385
5942, 55, 45, 390
5943, 55, 45, 395
5944, 55, 45, 400
5945, 55, 45, 405
5946, 55, 45, 410
5947, 55, 45, 415
5948, 55, 50, 5
5949, 55, 50, 10
5950, 55, 50, 15
5951, 55, 50, 20
5952, 55, 50, 25
5953, 55, 50, 30
5954, 55, 50, 35
5955, 55, 50, 40
5956, 55, 50, 45
5957, 55, 50, 50
5958, 55, 50, 55
5959, 55, 50, 60
5960, 54.75, 50.0893, 65
5961, 54.5, 50.1786, 70
5962, 54.25, 50.2679, 75
5963, 54, 50.3571, 80
5964, 53.75, 50.4464, 85
5965, 53.5, 50.5357, 90
5966, 53.25, 50.625, 95
5967, 53, 50.7143, 100
5968, 52.75, 50.8036, 105
5969, 52.5, 50.8929, 110
5970, 52.25, 50.9821, 115
5971, 52, 51.0714, 120
5972, 51.75, 51.1607, 125
5973, 51.5, 51.25, 130
5974, 51.25, 51.3393, 135
5975, 51, 51.4286, 140
5976, 50.75, 51.5179, 145
5977, 50.5, 51.6071, 150
5978, 50.25, 51.6964, 155
5979, 50, 51.7857, 160
5980, 49.75, 51.875, 165
5981, 49.5, 51.9643, 170
5982, 49.25, 52.0536, 175
5983, 49, 52.1429, 180
5984, 48.75, 52.2321, 185
5985, 48.75, 52.2321, 190
5986, 48.75, 52.2321, 195
5987, 48.75, 52.2321, 200
5988, 48.75, 52.2321, 205
5989, 48.75, 52.2321, 210
5990, 48.75, 52.2321, 215
5991, 48.75, 52.2321, 220
5992, 48.75, 52.2321, 225
5993, 48.75, 52.2321, 230
5994, 48.75, 52.2321, 235
5995, 49, 52.1429, 240
5996, 49.25, 52.0536, 245
5997, 49.5, 51.9643, 250
5998, 49.75, 51.875, 255
5999, 50, 51.7857, 260
6000, 50.25, 51.6964, 265
6001, 50.5, 51.6071, 270
6002, 50.75, 51.5179, 275
6003, 51, 51.4286, 280
6004, 51.25, 51.3393, 285
6005, 51.5, 51.25, 290
6006, 51.75, 51.1607, 295
6007, 52, 51.0714, 300
6008, 52.25, 50.9821, 305
6009, 52.5, 50.8929, 310
6010, 52.75, 50.8036, 315
6011, 53, 50.7143, 320
6012, 53.25, 50.625, 325
6013, 53.5, 50.5357, 330
6014, 53.75, 50.4464, 335
6015, 54, 50.3571, 340
6016, 54.25, 50.2679, 345
6017, 54.5, 50.1786, 350
6018, 54.75, 50.0893, 355
6019, 55, 50, 360
6020, 55, 50, 365
6021, 55, 50, 370
6022, 55, 50, 375
6023, 55, 50, 380
6024, 55, 50, 385
6025, 55, 50, 390
6026, 55, 50, 395
6027, 55, 50, 400
6028, 55, 50, 405
6029, 55, 50, 410
6030, 55, 50, 415
6031, 55, 55, 5
6032, 55, 55, 10
6033, 55, 55, 15
6034, 55, 55, 20
6035, 55, 55, 25
6036, 55, 55, 30
6037, 55, 55, 35
6038, 55, 55, 40
6039, 55, 55, 45
6040, 55, 55, 50
6041, 55, 55, 55
6042, 55, 55, 60
6043, 54.75, 55.0714, 65
6044, 54.5, 55.1429, 70
6045, 54.25, 55.2143, 75
6046, 54, 55.2857, 80
6047, 53.75, 55.3571, 85
6048, 53.5, 55.4286, 90
6049, 53.25, 55.5, 95
6050, 53, 55.5714, 100
6051, 52.75, 55.6429, 105
6052, 52.5, 55.7143, 110
6053, 52.25, 55.7857, 115
6054, 52, 55.8571, 120
6055, 51.75, 55.9286, 125
6056, 51.5, 56, 130
6057, 51.25, 56.0714, 135
6058, 51, 56.1429, 140
6059, 50.75, 56.2143, 145
6060, 50.5, 56.2857, 150
6061, 50.25, 56.3571, 155
6062, 50, 56.4286, 160
6063, 49.75, 56.5, 165
6064, 49.5, 56.5714, 170
6065, 49.25, 56.6429, 175
6066, 49, 56.7143, 180
6067, 48.75, 56.7857, 185
6068, 48.75, 56.7857, 190
6069, 48.75, 56.7857, 195
6070, 48.75, 56.7857, 200
6071, 48.75, 56.7857, 205
6072, 48.75, 56.7857, 210
6073, 48.75, 56.7857, 215
6074, 48.75, 56.7857, 220
6075, 48.75, 56.7857, 225
6076, 48.75, 56.7857, 230
6077, 48.75, 56.7857, 235
6078, 49, 56.7143, 240
6079, 49.25, 56.6429, 245
6080, 49.5, 56.5714, 250
6081, 49.75, 56.5, 255
6082, 50, 56.4286, 260
6083, 50.25, 56.3571, 265
6084, 50.5, 56.2857, 270
6085, 50.75, 56.2143, 275
6086, 51, 56.1429, 280
6087, 51.25, 56.0714, 285
6088, 51.5, 56, 290
6089, 51.75, 55.9286, 295
6090, 52, 55.8571, 300
6091, 52.25, 55.7857, 305
6092, 52.5, 55.7143, 310
6093, 52.75, 55.6429, 315
6094, 53, 55.5714, 320
6095, 53.25, 55.5, 325
6096, 53.5, 55.4286, 330
6097, 53.75, 55.3571, 335
6098, 54, 55.2857, 340
6099, 54.25, 55.2143, 345
6100, 54.5, 55.1429, 350
6101, 54.75, 55.0714, 355
6102, 55, 55, 360
6103, 55, 55, 365
6104, 55, 55, 370
6105, 55, 55, 375
6106, 55, 55, 380
6107, 55, 55, 385
6108, 55, 55, 390
6109, 55, 55, 395
6110, 55, 55, 400
6111, 55, 55, 405
6112, 55, 55, 410
6113, 55, 55, 415
6114, 55, 60, 5
6115, 55, 60, 10
6116, 55, 60, 15
6117, 55, 60, 20
6118, 55, 60, 25
6119, 55, 60, 30
6120, 55, 60, 35
6121, 55, 60, 40
6122, 55, 60, 45
6123, 55, 60, 50
6124, 55, 60, 55
6125, 55, 60, 60
6126, 54.75, 60.0536, 65
6127, 54.5, 60.1071, 70
6128, 54.25, 60.1607, 75
6129, 54, 60.2143, 80
6130, 53.75, 60.2679, 85
6131, 53.5, 60.3214, 90
6132, 53.25, 60.375, 95
6133, 53, 60.4286, 100
6134, 52.75, 60.4821, 105
6135, 52.5, 60.5357, 110
6136, 52.25, 60.5893, 115
6137, 52, 60.6429, 120
6138, 51.75, 60.6964, 125
6139, 51.5, 60.75, 130
6140, 51.25, 60.8036, 135
6141, 51, 60.8571, 140
6142, 50.75, 60.9107, 145
6143, 50.5, 60.9643, 150
6144, 50.25, 61.0179, 155
6145, 50, 61.0714, 160
6146, 49.75, 61.125, 165
6147, 49.5, 61.1786, 170
6148, 49.25, 61.2321, 175
6149, 49, 61.2857, 180
6150, 48.75, 61.3393, 185
6151, 48.75, 61.3393, 190
6152, 48.75, 61.3393, 195
6153, 48.75, 61.3393, 200
6154, 48.75, 61.3393, 205
6155, 48.75, 61.3393, 210
6156, 48.75, 61.3393, 215
6157, 48.75, 61.3393, 220
6158, 48.75, 61.3393, 225
6159, 48.75, 61.3393, 230
6160, 48.75, 61.3393, 235
6161, 49, 61.2857, 240
6162, 49.25, 61.2321, 245
6163, 49.5, 61.1786, 250
6164, 49.75, 61.125, 255
6165, 50, 61.0714, 260
6166, 50.25, 61.0179, 265
6167, 50.5, 60.9643, 270
6168, 50.75, 60.9107, 275
6169, 51, 60.8571, 280
6170, 51.25, 60.8036, 285
6171, 51.5, 60.75, 290
6172, 51.75, 60.6964, 295
6173, 52, 60.6429, 300
6174, 52.25, 60.5893, 305
6175, 52.5, 60.5357, 310
6176, 52.75, 60.4821, 315
6177, 53, 60.4286, 320
6178, 53.25, 60.375, 325
6179, 53.5, 60.3214, 330
6180, 53.75, 60.2679, 335
6181, 54, 60.2143, 340
6182, 54.25, 60.1607, 345
6183, 54.5, 60.1071, 350
6184, 54.75, 60.0536, 355
6185, 55, 60, 360
6186, 55, 60, 365
6187, 55, 60, 370
6188, 55, 60, 375
6189, 55, 60, 380
6190, 55, 60, 385
6191, 55, 60, 390
6192, 55, 60, 395
6193, 55, 60, 400
6194, 55, 60, 405
6195, 55, 60, 410
6196, 55, 60, 415
6197, 55, 65, 5
6198, 55, 65, 10
6199, 55, 65, 15
6200, 55, 65, 20
6201, 55, 65, 25
6202, 55, 65, 30
6203, 55, 65, 35
6204, 55, 65, 40
6205, 55, 65, 45
6206, 55, 65, 50
6207, 55, 65, 55
6208, 55, 65, 60
6209, 54.75, 65.0357, 65
6210, 54.5, 65.0714, 70
6211, 54.25, 65.1071, 75
6212, 54, 65.1429, 80
6213, 53.75, 65.1786, 85
6214, 53.5, 65.2143, 90
6215, 53.25, 65.25, 95
6216, 53, 65.2857, 100
6217, 52.75, 65.3214, 105
6218, 52.5, 65.3571, 110
6219, 52.25, 65.3929, 115
6220, 52, 65.4286, 120
6221, 51.75, 65.4643, 125
6222, 51.5, 65.5, 130
6223, 51.25, 65.5357, 135
6224, 51, 65.5714, 140
6225, 50.75, 65.6071, 145
6226, 50.5, 65.6429, 150
6227, 50.25, 65.6786, 155
6228, 50, 65.7143, 160
6229, 49.75, 65.75, 165
6230, 49.5, 65.7857, 170
6231, 49.25, 65.8214, 175
6232, 49, 65.8571, 180
6233, 48.75, 65.8929, 185
6234, 48.75, 65.8929, 190
6235, 48.75, 65.8929, 195
6236, 48.75, 65.8929, 200
6237, 48.75, 65.8929, 205
6238, 48.75, 65.8929, 210
6239, 48.75, 65.8929, 215
6240, 48.75, 65.8929, 220
6241, 48.75, 65.8929, 225
6242, 48.75, 65.8929, 230
6243, 48.75, 65.8929, 235
6244, 49, 65.8571, 240
6245, 49.25, 65.8214, 245
6246, 49.5, 65.7857, 250
6247, 49.75, 65.75, 255
6248, 50, 65.7143, 260
6249, 50.25, 65.6786, 265
6250, 50.5, 65.6429, 270
6251, 50.75, 65.6071, 275
6252, 51, 65.5714, 280
6253, 51.25, 65.5357, 285
6254, 51.5, 65.5, 290
6255, 51.75, 65.4643, 295
6256, 52, 65.4286, 300
6257, 52.25, 65.3929, 305
6258, 52.5, 65.3571, 310
6259, 52.75, 65.3214, 315
6260, 53, 65.2857, 320
6261, 53.25, 65.25, 325
6262, 53.5, 65.2143, 330
6263, 53.75, 65.1786, 335
6264, 54, 65.1429, 340
6265, 54.25, 65.1071, 345
6266, 54.5, 65.0714, 350
6267, 54.75, 65.0357, 355
6268, 55, 65, 360
6269, 55, 65, 365
6270, 55, 65, 370
6271, 55, 65, 375
6272, 55, 65, 380
6273, 55, 65, 385
6274, 55, 65, 390
6275, 55, 65, 395
6276, 55, 65, 400
6277, 55, 65, 405
6278, 55, 65, 410
6279, 55, 65, 415
6280, 55, 70, 5
6281, 55, 70, 10
6282, 55, 70, 15
6283, 55, 70, 20
6284, 55, 70, 25
6285, 55, 70, 30
6286, 55, 70, 35
6287, 55, 70, 40
6288, 55, 70, 45
6289, 55, 70, 50
6290, 55, 70, 55
6291, 55, 70, 60
6292, 54.75, 70.0179, 65
6293, 54.5, 70.0357, 70
6294, 54.25, 70.0536, 75
6295, 54, 70.0714, 80
6296, 53.75, 70.0893, 85
6297, 53.5, 70.1071, 90
6298, 53.25, 70.125, 95
6299, 53, 70.1429, 100
6300, 52.75, 70.1607, 105
6301, 52.5, 70.1786, 110
6302, 52.25, 70.1964, 115
6303, 52, 70.2143, 120
6304, 51.75, 70.2321, 125
6305, 51.5, 70.25, 130
6306, 51.25, 70.2679, 135
6307, 51, 70.2857, 140
6308, 50.75, 70.3036, 145
6309, 50.5, 70.3214, 150
6310, 50.25, 70.3393, 155
6311, 50, 70.3571, 160
6312, 49.75, 70.375, 165
6313, 49.5, 70.3929, 170
6314, 49.25, 70.4107, 175
6315, 49, 70.4286, 180
6316, 48.75, 70.4464, 185
6317, 48.75, 70.4464, 190
6318, 48.75, 70.4464, 195
6319, 48.75, 70.4464, 200
6320, 48.75, 70.4464, 205
6321, 48.75, 70.4464, 210
6322, 48.75, 70.4464, 215
6323, 48.75, 70.4464, 220
6324, 48.75, 70.4464, 225
6325, 48.75, 70.4464, 230
6326, 48.75, 70.4464, 235
6327, 49, 70.4286, 240
6328, 49.25, 70.4107, 245
6329, 49.5, 70.3929, 250
6330, 49.75, 70.375, 255
6331, 50, 70.3571, 260
6332, 50.25, 70.3393, 265
6333, 50.5, 70.3214, 270
6334, 50.75, 70.3036, 275
6335, 51, 70.2857, 280
6336, 51.25, 70.2679, 285
6337, 51.5, 70.25, 290
6338, 51.75, 70.2321, 295
6339, 52, 70.2143, 300
6340, 52.25, 70.1964, 305
6341, 52.5, 70.1786, 310
6342, 52.75, 70.1607, 315
6343, 53, 70.1429, 320
6344, 53.25, 70.125, 325
6345, 53.5, 70.1071, 330
6346, 53.75, 70.0893, 335
6347, 54, 70.0714, 340
6348, 54.25, 70.0536, 345
6349, 54.5, 70.0357, 350
6350, 54.75, 70.0179, 355
6351, 55, 70, 360
6352, 55, 70, 365
6353, 55, 70, 370
6354, 55, 70, 375
6355, 55, 70, 380
6356, 55, 70, 385
6357, 55, 70, 390
6358, 55, 70, 395
6359, 55, 70, 400
6360, 55, 70, 405
6361, 55, 70, 410
6362, 55, 70, 415
6363, 55, 75, 5
6364, 55, 75, 10
6365, 55, 75, 15
6366, 55, 75, 20
6367, 55, 75, 25
6368, 55, 75, 30
6369, 55, 75, 35
6370, 55, 75, 40
6371, 55, 75, 45
6372, 55, 75, 50
6373, 55, 75, 55
6374, 55, 75, 60
6375, 54.75, 75, 65
6376, 54.5, 75, 70
6377, 54.25, 75, 75
6378, 54, 75, 80
6379, 53.75, 75, 85
6380, 53.5, 75, 90
6381, 53.25, 75, 95
6382, 53, 75, 100
6383, 52.75, 75, 105
6384, 52.5, 75, 110
6385, 52.25, 75, 115
6386, 52, 75, 120
6387, 51.75, 75, 125
6388, 51.5, 75, 130
6389, 51.25, 75, 135
6390, 51, 75, 140
6391, 50.75, 75, 145
6392, 50.5, 75, 150
6393, 50.25, 75, 155
6394, 50, 75, 160
6395, 49.75, 75, 165
6396, 49.5, 75, 170
6397, 49.25, 75, 175
6398, 49, 75, 180
6399, 48.75, 75, 185
6400, 48.75, 75, 190
6401, 48.75, 75, 195
6402, 48.75, 75, 200
6403, 48.75, 75, 205
6404, 48.75, 75, 210
6405, 48.75, 75, 215
6406, 48.75, 75, 220
6407, 48.75, 75, 225
6408, 48.75, 75, 230
6409, 48.75, 75, 235
6410, 49, 75, 240
6411, 49.25, 75, 245
6412, 49.5, 75, 250
6413, 49.75, 75, 255
6414, 50, 75, 260
6415, 50.25, 75, 265
6416, 50.5, 75, 270
6417, 50.75, 75, 275
6418, 51, 75, 280
6419, 51.25, 75, 285
6420, 51.5, 75, 290
6421, 51.75, 75, 295
6422, 52, 75, 300
6423, 52.25, 75, 305
6424, 52.5, 75, 310
6425, 52.75, 75, 315
6426, 53, 75, 320
6427, 53.25, 75, 325
6428, 53.5, 75, 330
6429, 53.75, 75, 335
6430, 54, 75, 340
6431, 54.25, 75, 345
6432, 54.5, 75, 350
6433, 54.75, 75, 355
6434, 55, 75, 360
6435, 55, 75, 365
6436, 55, 75, 370
6437, 55, 75, 375
6438, 55, 75, 380
6439, 55, 75, 385
6440, 55, 75, 390
6441, 55, 75, 395
6442, 55, 75, 400
6443, 55, 75, 405
6444, 55, 75, 410
6445, 55, 75, 415
6446, 55, 80, 5
6447, 55, 80, 10
6448, 55, 80, 15
6449, 55, 80, 20
6450, 55, 80, 25
6451, 55, 80, 30
6452, 55, 80, 35
6453, 55, 80, 40
6454, 55, 80, 45
6455, 55, 80, 50
6456, 55, 80, 55
6457, 55, 80, 60
6458, 54.75, 79.9821, 65
6459, 54.5, 79.9643, 70
6460, 54.25, 79.9464, 75
6461, 54, 79.9286, 80
6462, 53.75, 79.9107, 85
6463, 53.5, 79.8929, 90
6464, 53.25, 79.875, 95
6465, 53, 79.8571, 100
6466, 52.75, 79.8393, 105
6467, 52.5, 79.8214, 110
6468, 52.25, 79.8036, 115
6469, 52, 79.7857, 120
6470, 51.75, 79.7679, 125
6471, 51.5, 79.75, 130
6472, 51.25, 79.7321, 135
6473, 51, 79.7143, 140
6474, 50.75, 79.6964, 145
6475, 50.5, 79.6786, 150
6476, 50.25, 79.6607, 155
6477, 50, 79.6429, 160
6478, 49.75, 79.625, 165
6479, 49.5, 79.6071, 170
6480, 49.25, 79.5893, 175
6481, 49, 79.5714, 180
6482, 48.75, 79.5536, 185
6483, 48.75, 79.5536, 190
6484, 48.75, 79.5536, 195
6485, 48.75, 79.5536, 200
6486, 48.75, 79.5536, 205
6487, 48.75, 79.5536, 210
6488, 48.75, 79.5536, 215
6489, 48.75, 79.5536, 220
6490, 48.75, 79.5536, 225
6491, 48.75, 79.5536, 230
6492, 48.75, 79.5536, 235
6493, 49, 79.5714, 240
6494, 49.25, 79.5893, 245
6495, 49.5, 79.6071, 250
6496, 49.75, 79.625, 255
6497, 50, 79.6429, 260
6498, 50.25, 79.6607, 265
6499, 50.5, 79.6786, 270
6500, 50.75, 79.6964, 275
6501, 51, 79.7143, 280
6502, 51.25, 79.7321, 285
6503, 51.5, 79.75, 290
6504, 51.75, 79.7679, 295
6505, 52, 79.7857, 300
6506, 52.25, 79.8036, 305
6507, 52.5, 79.8214, 310
6508, 52.75, 79.8393, 315
6509, 53, 79.8571, 320
6510, 53.25, 79.875, 325
6511, 53.5, 79.8929, 330
6512, 53.75, 79.9107, 335
6513, 54, 79.9286, 340
6514, 54.25, 79.9464, 345
6515, 54.5, 79.9643, 350
6516, 54.75, 79.9821, 355
6517, 55, 80, 360
6518, 55, 80, 365
6519, 55, 80, 370
6520, 55, 80, 375
6521, 55, 80, 380
6522, 55, 80, 385
6523, 55, 80, 390
6524, 55, 80, 395
6525, 55, 80, 400
6526, 55, 80, 405
6527, 55, 80, 410
6528, 55, 80, 415
6529, 55, 85, 5
6530, 55, 85, 10
6531, 55, 85, 15
6532, 55, 85, 20
6533, 55, 85, 25
6534, 55, 85, 30
6535, 55, 85, 35
6536, 55, 85, 40
6537, 55, 85, 45
6538, 55, 85, 50
6539, 55, 85, 55
6540, 55, 85, 60
6541, 54.75, 84.9643, 65
6542, 54.5, 84.9286, 70
6543, 54.25, 84.8929, 75
6544, 54, 84.8571, 80
6545, 53.75, 84.8214, 85
6546, 53.5, 84.7857, 90
6547, 53.25, 84.75, 95
6548, 53, 84.7143, 100
6549, 52.75, 84.6786, 105
6550, 52.5, 84.6429, 110
6551, 52.25, 84.6071, 115
6552, 52, 84.5714, 120
6553, 51.75, 84.5357, 125
6554, 51.5, 84.5, 130
6555, 51.25, 84.4643, 135
6556, 51, 84.4286, 140
6557, 50.75, 84.3929, 145
6558, 50.5, 84.3571, 150
6559, 50.25, 84.3214, 155
6560, 50, 84.2857, 160
6561, 49.75, 84.25, 165
6562, 49.5, 84.2143, 170
6563, 49.25, 84.1786, 175
6564, 49, 84.1429, 180
6565, 48.75, 84.1071, 185
6566, 48.75, 84.1071, 190
6567, 48.75, 84.1071, 195
6568, 48.75, 84.1071, 200
6569, 48.75, 84.1071, 205
6570, 48.75, 84.1071, 210
6571, 48.75, 84.1071, 215
6572, 48.75, 84.1071, 220
6573, 48.75, 84.1071, 225
6574, 48.75, 84.1071, 230
6575, 48.75, 84.1071, 235
6576, 49, 84.1429, 240
6577, 49.25, 84.1786, 245
6578, 49.5, 84.2143, 250
6579, 49.75, 84.25, 255
6580, 50, 84.2857, 260
6581, 50.25, 84.3214, 265
6582, 50.5, 84.3571, 270
6583, 50.75, 84.3929, 275
6584, 51, 84.4286, 280
6585, 51.25, 84.4643, 285
6586, 51.5, 84.5, 290
6587, 51.75, 84.5357, 295
6588, 52, 84.5714, 300
6589, 52.25, 84.6071, 305
6590, 52.5, 84.6429, 310
6591, 52.75, 84.6786, 315
6592, 53, 84.7143, 320
6593, 53.25, 84.75, 325
6594, 53.5, 84.7857, 330
6595, 53.75, 84.8214, 335
6596, 54, 84.8571, 340
6597, 54.25, 84.8929, 345
6598, 54.5, 84.9286, 350
6599, 54.75, 84.9643, 355
6600, 55, 85, 360
6601, 55, 85, 365
6602, 55, 85, 370
6603, 55, 85, 375
6604, 55, 85, 380
6605, 55, 85, 385
6606, 55, 85, 390
6607, 55, 85, 395
6608, 55, 85, 400
6609, 55, 85, 405
6610, 55, 85, 410
6611, 55, 85, 415
6612, 55, 90, 5
6613, 55, 90, 10
6614, 55, 90, 15
6615, 55, 90, 20
6616, 55, 90, 25
6617, 55, 90, 30
6618, 55, 90, 35
6619, 55, 90, 40
6620, 55, 90, 45
6621, 55, 90, 50
6622, 55, 90, 55
6623, 55, 90, 60
6624, 54.75, 89.9464, 65
6625, 54.5, 89.8929, 70
6626, 54.25, 89.8393, 75
6627, 54, 89.7857, 80
6628, 53.75, 89.7321, 85
6629, 53.5, 89.6786, 90
6630, 53.25, 89.625, 95
6631, 53, 89.5714, 100
6632, 52.75, 89.5179, 105
6633, 52.5, 89.4643, 110
6634, 52.25, 89.4107, 115
6635, 52, 89.3571, 120
6636, 51.75, 89.3036, 125
6637, 51.5, 89.25, 130
6638, 51.25, 89.1964, 135
6639, 51, 89.1429, 140
6640, 50.75, 89.0893, 145
6641, 50.5, 89.0357, 150
6642, 50.25, 88.9821, 155
6643, 50, 88.9286, 160
6644, 49.75, 88.875, 165
6645, 49.5, 88.8214, 170
6646, 49.25, 88.7679, 175
6647, 49, 88.7143, 180
6648, 48.75, 88.6607, 185
6649, 48.75, 88.6607, 190
6650, 48.75, 88.6607, 195
6651, 48.75, 88.6607, 200
6652, 48.75, 88.6607, 205
6653, 48.75, 88.6607, 210
6654, 48.75, 88.6607, 215
6655, 48.75, 88.6607, 220
6656, 48.75, 88.6607, 225
6657, 48.75, 88.6607, 230
6658, 48.75, 88.6607, 235
6659, 49, 88.7143, 240
6660, 49.25, 88.7679, 245
6661, 49.5, 88.8214, 250
6662, 49.75, 88.875, 255
6663, 50, 88.9286, 260
6664, 50.25, 88.9821, 265
6665, 50.5, 89.0357, 270
6666, 50.75, 89.0893, 275
6667, 51, 89.1429, 280
6668, 51.25, 89.1964, 285
6669, 51.5, 89.25, 290
6670, 51.75, 89.3036, 295
6671, 52, 89.3571, 300
6672, 52.25, 89.4107, 305
6673, 52.5, 89.4643, 310
6674, 52.75, 89.5179, 315
6675, 53, 89.5714, 320
6676, 53.25, 89.625, 325
6677, 53.5, 89.6786, 330
6678, 53.75, 89.7321, 335
6679, 54, 89.7857, 340
6680, 54.25, 89.8393, 345
6681, 54.5, 89.8929, 350
6682, 54.75, 89.9464, 355
6683, 55, 90, 360
6684, 55, 90, 365
6685, 55, 90, 370
6686, 55, 90, 375
6687, 55, 90, 380
6688, 55, 90, 385
6689, 55, 90, 390
6690, 55, 90, 395
6691, 55, 90, 400
6692, 55, 90, 405
6693, 55, 90, 410
6694, 55, 90, 415
6695, 55, 95, 5
6696, 55, 95, 10
6697, 55, 95, 15
6698, 55, 95, 20
6699, 55, 95, 25
6700, 55, 95, 30
6701, 55, 95, 35
6702, 55, 95, 40
6703, 55, 95, 45
6704, 55, 95, 50
6705, 55, 95, 55
6706, 55, 95, 60
6707, 54.75, 94.9286, 65
6708, 54.5, 94.8571, 70
6709, 54.25, 94.7857, 75
6710, 54, 94.7143, 80
6711, 53.75, 94.6429, 85
6712, 53.5, 94.5714, 90
6713, 53.25, 94.5, 95
6714, 53, 94.4286, 100
6715, 52.75, 94.3571, 105
6716, 52.5, 94.2857, 110
6717, 52.25, 94.2143, 115
6718, 52, 94.1429, 120
6719, 51.75, 94.0714, 125
6720, 51.5, 94, 130
6721, 51.25, 93.9286, 135
6722, 51, 93.8571, 140
6723, 50.75, 93.7857, 145
6724, 50.5, 93.7143, 150
6725, 50.25, 93.6429, 155
6726, 50, 93.5714, 160
6727, 49.75, 93.5, 165
6728, 49.5, 93.4286, 170
6729, 49.25, 93.3571, 175
6730, 49, 93.2857, 180
6731, 48.75, 93.2143, 185
6732, 48.75, 93.2143, 190
6733, 48.75, 93.2143, 195
6734, 48.75, 93.2143, 200
6735, 48.75, 93.2143, 205
6736, 48.75, 93.2143, 210
6737, 48.75, 93.2143, 215
6738, 48.75, 93.2143, 220
6739, 48.75, 93.2143, 225
6740, 48.75, 93.2143, 230
6741, 48.75, 93.2143, 235
6742, 49, 93.2857, 240
6743, 49.25, 93.3571, 245
6744, 49.5, 93.4286, 250
6745, 49.75, 93.5, 255
6746, 50, 93.5714, 260
6747, 50.25, 93.6429, 265
6748, 50.5, 93.7143, 270
6749, 50.75, 93.7857, 275
6750, 51, 93.8571, 280
6751, 51.25, 93.9286, 285
6752, 51.5, 94, 290
6753, 51.75, 94.0714, 295
6754, 52, 94.1429, 300
6755, 52.25, 94.2143, 305
6756, 52.5, 94.2857, 310
6757, 52.75, 94.3571, 315
6758, 53, 94.4286, 320
6759, 53.25, 94.5, 325
6760, 53.5, 94.5714, 330
6761, 53.75, 94.6429, 335
6762, 54, 94.7143, 340
6763, 54.25, 94.7857, 345
6764, 54.5, 94.8571, 350
6765, 54.75, 94.9286, 355
6766, 55, 95, 360
6767, 55, 95, 365
6768, 55, 95, 370
6769, 55, 95, 375
6770, 55, 95, 380
6771, 55, 95, 385
6772, 55, 95, 390
6773, 55, 95, 395
6774, 55, 95, 400
6775, 55, 95, 405
6776, 55, 95, 410
6777, 55, 95, 415
6778, 55, 100, 5
6779, 55, 100, 10
6780, 55, 100, 15
6781, 55, 100, 20
6782, 55, 100, 25
6783, 55, 100, 30
6784, 55, 100, 35
6785, 55, 100, 40
6786, 55, 100, 45
6787, 55, 100, 50
6788, 55, 100, 55
6789, 55, 100, 60
6790, 54.75, 99.9107, 65
6791, 54.5, 99.8214, 70
6792, 54.25, 99.7321, 75
6793, 54, 99.6429, 80
6794, 53.75, 99.5536, 85
6795, 53.5, 99.4643, 90
6796, 53.25, 99.375, 95
6797, 53, 99.2857, 100
6798, 52.75, 99.1964, 105
6799, 52.5, 99.1071, 110
6800, 52.25, 99.0179, 115
6801, 52, 98.9286, 120
6802, 51.75, 98.8393, 125
6803, 51.5, 98.75, 130
6804, 51.25, 98.6607, 135
6805, 51, 98.5714, 140
6806, 50.75, 98.4821, 145
6807, 50.5, 98.3929, 150
6808, 50.25, 98.3036, 155
6809, 50, 98.2143, 160
6810, 49.75, 98.125, 165
6811, 49.5, 98.0357, 170
6812, 49.25, 97.9464, 175
6813, 49, 97.8571, 180
6814, 48.75, 97.7679, 185
6815, 48.75, 97.7679, 190
6816, 48.75, 97.7679, 195
6817, 48.75, 97.7679, 200
6818, 48.75, 97.7679, 205
6819, 48.75, 97.7679, 210
6820, 48.75, 97.7679, 215
6821, 48.75, 97.7679, 220
6822, 48.75, 97.7679, 225
6823, 48.75, 97.7679, 230
6824, 48.75, 97.7679, 235
6825, 49, 97.8571, 240
6826, 49.25, 97.9464, 245
6827, 49.5, 98.0357, 250
6828, 49.75, 98.125, 255
6829, 50, 98.2143, 260
6830, 50.25, 98.3036, 265
6831, 50.5, 98.3929, 270
6832, 50.75, 98.4821, 275
6833, 51, 98.5714, 280
6834, 51.25, 98.6607, 285
6835, 51.5, 98.75, 290
6836, 51.75, 98.8393, 295
6837, 52, 98.9286, 300
6838, 52.25, 99.0179, 305
6839, 52.5, 99.1071, 310
6840, 52.75, 99.1964, 315
6841, 53, 99.2857, 320
6842, 53.25, 99.375, 325
6843, 53.5, 99.4643, 330
6844, 53.75, 99.5536, 335
6845, 54, 99.6429, 340
6846, 54.25, 99.7321, 345
6847, 54.5, 99.8214, 350
6848, 54.75, 99.9107, 355
6849, 55, 100, 360
6850, 55, 100, 365
6851, 55, 100, 370
6852, 55, 100, 375
6853, 55, 100, 380
6854, 55, 100, 385
6855, 55, 100, 390
6856, 55, 100, 395
6857, 55, 100, 400
6858, 55, 100, 405
6859, 55, 100, 410
6860, 55, 100, 415
6861, 55, 105, 5
6862, 55, 105, 10
6863, 55, 105, 15
6864, 55, 105, 20
6865, 55, 105, 25
6866, 55, 105, 30
6867, 55, 105, 35
6868, 55, 105, 40
6869, 55, 105, 45
6870, 55, 105, 50
6871, 55, 105, 55
6872, 55, 105, 60
6873, 54.75, 104.893, 65
6874, 54.5, 104.786, 70
6875, 54.25, 104.679, 75
6876, 54, 104.571, 80
6877, 53.75, 104.464, 85
6878, 53.5, 104.357, 90
6879, 53.25, 104.25, 95
6880, 53, 104.143, 100
6881, 52.75, 104.036, 105
6882, 52.5, 103.929, 110
6883, 52.25, 103.821, 115
6884, 52, 103.714, 120
6885, 51.75, 103.607, 125
6886, 51.5, 103.5, 130
6887, 51.25, 103.393, 135
6888, 51, 103.286, 140
6889, 50.75, 103.179, 145
6890, 50.5, 103.071, 150
6891, 50.25, 102.964, 155
6892, 50, 102.857, 160
6893, 49.75, 102.75, 165
6894, 49.5, 102.643, 170
6895, 49.25, 102.536, 175
6896, 49, 102.429, 180
6897, 48.75, 102.321, 185
6898, 48.75, 102.321, 190
6899, 48.75, 102.321, 195
6900, 48.75, 102.321, 200
6901, 48.75, 102.321, 205
6902, 48.75, 102.321, 210
6903, 48.75, 102.321, 215
6904, 48.75, 102.321, 220
6905, 48.75, 102.321, 225
6906, 48.75, 102.321, 230
6907, 48.75, 102.321, 235
6908, 49, 102.429, 240
6909, 49.25, 102.536, 245
6910, 49.5, 102.643, 250
6911, 49.75, 102.75, 255
6912, 50, 102.857, 260
6913, 50.25, 102.964, 265
6914, 50.5, 103.071, 270
6915, 50.75, 103.179, 275
6916, 51, 103.286, 280
6917, 51.25, 103.393, 285
6918, 51.5, 103.5, 290
6919, 51.75, 103.607, 295
6920, 52, 103.714, 300
6921, 52.25, 103.821, 305
6922, 52.5, 103.929, 310
6923, 52.75, 104.036, 315
6924, 53, 104.143, 320
6925, 53.25, 104.25, 325
6926, 53.5, 104.357, 330
6927, 53.75, 104.464, 335
6928, 54, 104.571, 340
6929, 54.25, 104.679, 345
6930, 54.5, 104.786, 350
6931, 54.75, 104.893, 355
6932, 55, 105, 360
6933, 55, 105, 365
6934, 55, 105, 370
6935, 55, 105, 375
6936, 55, 105, 380
6937, 55, 105, 385
6938, 55, 105, 390
6939, 55, 105, 395
6940, 55, 105, 400
6941, 55, 105, 405
6942, 55, 105, 410
6943, 55, 105, 415
6944, 55, 110, 5
6945, 55, 110, 10
6946, 55, 110, 15
6947, 55, 110, 20
6948, 55, 110, 25
6949, 55, 110, 30
6950, 55, 110, 35
6951, 55, 110, 40
6952, 55, 110, 45
6953, 55, 110, 50
6954, 55, 110, 55
6955, 55, 110, 60
6956, 54.75, 109.875, 65
6957, 54.5, 109.75, 70
6958, 54.25, 109.625, 75
6959, 54, 109.5, 80
6960, 53.75, 109.375, 85
6961, 53.5, 109.25, 90
6962, 53.25, 109.125, 95
6963, 53, 109, 100
6964, 52.75, 108.875, 105
6965, 52.5, 108.75, 110
6966, 52.25, 108.625, 115
6967, 52, 108.5, 120
6968, 51.75, 108.375, 125
6969, 51.5, 108.25, 130
6970, 51.25, 108.125, 135
6971, 51, 108, 140
6972, 50.75, 107.875, 145
6973, 50.5, 107.75, 150
6974, 50.25, 107.625, 155
6975, 50, 107.5, 160
6976, 49.75, 107.375, 165
6977, 49.5, 107.25, 170
6978, 49.25, 107.125, 175
6979, 49, 107, 180
6980, 48.75, 106.875, 185
6981, 48.75, 106.875, 190
6982, 48.75, 106.875, 195
6983, 48.75, 106.875, 200
6984, 48.75, 106.875, 205
6985, 48.75, 106.875, 210
6986, 48.75, 106.875, 215
6987, 48.75, 106.875, 220
6988, 48.75, 106.875, 225
6989, 48.75, 106.875, 230
6990, 48.75, 106.875, 235
6991, 49, 107, 240
6992, 49.25, 107.125, 245
6993, 49.5, 107.25, 250
6994, 49.75, 107.375, 255
6995, 50, 107.5, 260
6996, 50.25, 107.625, 265
6997, 50.5, 107.75, 270
6998, 50.75, 107.875, 275
6999, 51, 108, 280
7000, 51.25, 108.125, 285
7001, 51.5, 108.25, 290
7002, 51.75, 108.375, 295
7003, 52, 108.5, 300
7004, 52.25, 108.625, 305
7005, 52.5, 108.75, 310
7006, 52.75, 108.875, 315
7007, 53, 109, 320
7008, 53.25, 109.125, 325
7009, 53.5, 109.25, 330
7010, 53.75, 109.375, 335
7011, 54, 109.5, 340
7012, 54.25, 109.625, 345
7013, 54.5, 109.75, 350
7014, 54.75, 109.875, 355
7015, 55, 110, 360
7016, 55, 110, 365
7017, 55, 110, 370
7018, 55, 110, 375
7019, 55, 110, 380
7020, 55, 110, 385
7021, 55, 110, 390
7022, 55, 110, 395
7023, 55, 110, 400
7024, 55, 110, 405
7025, 55, 110, 410
7026, 55, 110, 415
7027, 55, 115, 5
7028, 55, 115, 10
7029, 55, 115, 15
7030, 55, 115, 20
7031, 55, 115, 25
7032, 55, 115, 30
7033, 55, 115, 35
7034, 55, 115, 40
7035, 55, 115, 45
7036, 55, 115, 50
7037, 55, 115, 55
7038, 55, 115, 60
7039, 54.75, 114.857, 65
7040, 54.5, 114.714, 70
7041, 54.25, 114.571, 75
7042, 54, 114.429, 80
7043, 53.75, 114.286, 85
7044, 53.5, 114.143, 90
7045, 53.25, 114, 95
7046, 53, 113.857, 100
7047, 52.75, 113.714, 105
7048, 52.5, 113.571, 110
7049, 52.25, 113.429, 115
7050, 52, 113.286, 120
7051, 51.75, 113.143, 125
7052, 51.5, 113, 130
7053, 51.25, 112.857, 135
7054, 51, 112.714, 140
7055, 50.75, 112.571, 145
7056, 50.5, 112.429, 150
7057, 50.25, 112.286, 155
7058, 50, 112.143, 160
7059, 49.75, 112, 165
7060, 49.5, 111.857, 170
7061, 49.25, 111.714, 175
7062, 49, 111.571, 180
7063, 48.75, 111.429, 185
7064, 48.75, 111.429, 190
7065, 48.75, 111.429, 195
7066, 48.75, 111.429, 200
7067, 48.75, 111.429, 205
7068, 48.75, 111.429, 210
7069, 48.75, 111.429, 215
7070, 48.75, 111.429, 220
7071, 48.75, 111.429, 225
7072, 48.75, 111.429, 230
7073, 48.75, 111.429, 235
7074, 49, 111.571, 240
7075, 49.25, 111.714, 245
7076, 49.5, 111.857, 250
7077, 49.75, 112, 255
7078, 50, 112.143, 260
7079, 50.25, 112.286, 265
7080, 50.5, 112.429, 270
7081, 50.75, 112.571, 275
7082, 51, 112.714, 280
7083, 51.25, 112.857, 285
7084, 51.5, 113, 290
7085, 51.75, 113.143, 295
7086, 52, 113.286, 300
7087, 52.25, 113.429, 305
7088, 52.5, 113.571, 310
7089, 52.75, 113.714, 315
7090, 53, 113.857, 320
7091, 53.25, 114, 325
7092, 53.5, 114.143, 330
7093, 53.75, 114.286, 335
7094, 54, 114.429, 340
7095, 54.25, 114.571, 345
7096, 54.5, 114.714, 350
7097, 54.75, 114.857, 355
7098, 55, 115, 360
7099, 55, 115, 365
7100, 55, 115, 370
7101, 55, 115, 375
7102, 55, 115, 380
7103, 55, 115, 385
7104, 55, 115, 390
7105, 55, 115, 395
7106, 55, 115, 400
7107, 55, 115, 405
7108, 55, 115, 410
7109, 55, 115, 415
7110, 55, 120, 5
7111, 55, 120, 10
7112, 55, 120, 15
7113, 55, 120, 20
7114, 55, 120, 25
7115, 55, 120, 30
7116, 55, 120, 35
7117, 55, 120, 40
7118, 55, 120, 45
7119, 55, 120, 50
7120, 55, 120, 55
7121, 55, 120, 60
7122, 54.75, 119.839, 65
7123, 54.5, 119.679, 70
7124, 54.25, 119.518, 75
7125, 54, 119.357, 80
7126, 53.75, 119.196, 85
7127, 53.5, 119.036, 90
7128, 53.25, 118.875, 95
7129, 53, 118.714, 100
7130, 52.75, 118.554, 105
7131, 52.5, 118.393, 110
7132, 52.25, 118.232, 115
7133, 52, 118.071, 120
7134, 51.75, 117.911, 125
7135, 51.5, 117.75, 130
7136, 51.25, 117.589, 135
7137, 51, 117.429, 140
7138, 50.75, 117.268, 145
7139, 50.5, 117.107, 150
7140, 50.25, 116.946, 155
7141, 50, 116.786, 160
7142, 49.75, 116.625, 165
7143, 49.5, 116.464, 170
7144, 49.25, 116.304, 175
7145, 49, 116.143, 180
7146, 48.75, 115.982, 185
7147, 48.75, 115.982, 190
7148, 48.75, 115.982, 195
7149, 48.75, 115.982, 200
7150, 48.75, 115.982, 205
7151, 48.75, 115.982, 210
7152, 48.75, 115.982, 215
7153, 48.75, 115.982, 220
7154, 48.75, 115.982, 225
7155, 48.75, 115.982, 230
7156, 48.75, 115.982, 235
7157, 49, 116.143, 240
7158, 49.25, 116.304, 245
7159, 49.5, 116.464, 250
7160, 49.75, 116.625, 255
7161, 50, 116.786, 260
7162, 50.25, 116.946, 265
7163, 50.5, 117.107, 270
7164, 50.75, 117.268, 275
7165, 51, 117.429, 280
7166, 51.25, 117.589, 285
7167, 51.5, 117.75, 290
7168, 51.75, 117.911, 295
7169, 52, 118.071, 300
7170, 52.25, 118.232, 305
7171, 52.5, 118.393, 310
7172, 52.75, 118.554, 315
7173, 53, 118.714, 320
7174, 53.25, 118.875, 325
7175, 53.5, 119.036, 330
7176, 53.75, 119.196, 335
7177, 54, 119.357, 340
7178, 54.25, 119.518, 345
7179, 54.5, 119.679, 350
7180, 54.75, 119.839, 355
7181, 55, 120, 360
7182, 55, 120, 365
7183, 55, 120, 370
7184, 55, 120, 375
7185, 55, 120, 380
7186, 55, 120, 385
7187, 55, 120, 390
7188, 55, 120, 395
7189, 55, 120, 400
7190, 55, 120, 405
7191, 55, 120, 410
7192, 55, 120, 415
7193, 55, 125, 5
7194, 55, 125, 10
7195, 55, 125, 15
7196, 55, 125, 20
7197, 55, 125, 25
7198, 55, 125, 30
7199, 55, 125, 35
7200, 55, 125, 40
7201, 55, 125, 45
7202, 55, 125, 50
7203, 55, 125, 55
7204, 55, 125, 60
7205, 54.75, 124.821, 65
7206, 54.5, 124.643, 70
7207, 54.25, 124.464, 75
7208, 54, 124.286, 80
7209, 53.75, 124.107, 85
7210, 53.5, 123.929, 90
7211, 53.25, 123.75, 95
7212, 53, 123.571, 100
7213, 52.75, 123.393, 105
7214, 52.5, 123.214, 110
7215, 52.25, 123.036, 115
7216, 52, 122.857, 120
7217, 51.75, 122.679, 125
7218, 51.5, 122.5, 130
7219, 51.25, 122.321, 135
7220, 51, 122.143, 140
7221, 50.75, 121.964, 145
7222, 50.5, 121.786, 150
7223, 50.25, 121.607, 155
7224, 50, 121.429, 160
7225, 49.75, 121.25, 165
7226, 49.5, 121.071, 170
7227, 49.25, 120.893, 175
7228, 49, 120.714, 180
7229, 48.75, 120.536, 185
7230, 48.75, 120.536, 190
7231, 48.75, 120.536, 195
7232, 48.75, 120.536, 200
7233, 48.75, 120.536, 205
7234, 48.75, 120.536, 210
7235, 48.75, 120.536, 215
7236, 48.75, 120.536, 220
7237, 48.75, 120.536, 225
7238, 48.75, 120.536, 230
7239, 48.75, 120.536, 235
7240, 49, 120.714, 240
7241, 49.25, 120.893, 245
7242, 49.5, 121.071, 250
7243, 49.75, 121.25, 255
7244, 50, 121.429, 260
7245, 50.25, 121.607, 265
7246, 50.5, 121.786, 270
7247, 50.75, 121.964, 275
7248, 51, 122.143, 280
7249, 51.25, 122.321, 285
7250, 51.5, 122.5, 290
7251, 51.75, 122.679, 295
7252, 52, 122.857, 300
7253, 52.25, 123.036, 305
7254, 52.5, 123.214, 310
7255, 52.75, 123.393, 315
7256, 53, 123.571, 320
7257, 53.25, 123.75, 325
7258, 53.5, 123.929, 330
7259, 53.75, 124.107, 335
7260, 54, 124.286, 340
7261, 54.25, 124.464, 345
7262, 54.5, 124.643, 350
7263, 54.75, 124.821, 355
7264, 55, 125, 360
7265, 55, 125, 365
7266, 55, 125, 370
7267, 55, 125, 375
7268, 55, 125, 380
7269, 55, 125, 385
7270, 55, 125, 390
7271, 55, 125, 395
7272, 55, 125, 400
7273, 55, 125, 405
7274, 55, 125, 410
7275, 55, 125, 415
7276, 55, 130, 5
7277, 55, 130, 10
7278, 55, 130, 15
7279, 55, 130, 20
7280, 55, 130, 25
7281, 55, 130, 30
7282, 55, 130, 35
7283, 55, 130, 40
7284, 55, 130, 45
7285, 55, 130, 50
7286, 55, 130, 55
7287, 55, 130, 60
7288, 54.75, 129.804, 65
7289, 54.5, 129.607, 70
7290, 54.25, 129.411, 75
7291, 54, 129.214, 80
7292, 53.75, 129.018, 85
7293, 53.5, 128.821, 90
7294, 53.25, 128.625, 95
7295, 53, 128.429, 100
7296, 52.75, 128.232, 105
7297, 52.5, 128.036, 110
7298, 52.25, 127.839, 115
7299, 52, 127.643, 120
7300, 51.75, 127.446, 125
7301, 51.5, 127.25, 130
7302, 51.25, 127.054, 135
7303, 51, 126.857, 140
7304, 50.75, 126.661, 145
7305, 50.5, 126.464, 150
7306, 50.25, 126.268, 155
7307, 50, 126.071, 160
7308, 49.75, 125.875, 165
7309, 49.5, 125.679, 170
7310, 49.25, 125.482, 175
7311, 49, 125.286, 180
7312, 48.75, 125.089, 185
7313, 48.75, 125.089, 190
7314, 48.75, 125.089, 195
7315, 48.75, 125.089, 200
7316, 48.75, 125.089, 205
7317, 48.75, 125.089, 210
7318, 48.75, 125.089, 215
7319, 48.75, 125.089, 220
7320, 48.75, 125.089, 225
7321, 48.75, 125.089, 230
7322, 48.75, 125.089, 235
7323, 49, 125.286, 240
7324, 49.25, 125.482, 245
7325, 49.5, 125.679, 250
7326, 49.75, 125.875, 255
7327, 50, 126.071, 260
7328, 50.25, 126.268, 265
7329, 50.5, 126.464, 270
7330, 50.75, 126.661, 275
7331, 51, 126.857, 280
7332, 51.25, 127.054, 285
7333, 51.5, 127.25, 290
7334, 51.75, 127.446, 295
7335, 52, 127.643, 300
7336, 52.25, 127.839, 305
7337, 52.5, 128.036, 310
7338, 52.75, 128.232, 315
7339, 53, 128.429, 320
7340, 53.25, 128.625, 325
7341, 53.5, 128.821, 330
7342, 53.75, 129.018, 335
7343, 54, 129.214, 340
7344, 54.25, 129.411, 345
7345, 54.5, 129.607, 350
7346, 54.75, 129.804, 355
7347, 55, 130, 360
7348, 55, 130, 365
7349, 55, 130, 370
7350, 55, 130, 375
7351, 55, 130, 380
7352, 55, 130, 385
7353, 55, 130, 390
7354, 55, 130, 395
7355, 55, 130, 400
7356, 55, 130, 405
7357, 55, 130, 410
7358, 55, 130, 415
7359, 55, 135, 5
7360, 55, 135, 10
7361, 55, 135, 15
7362, 55, 135, 20
7363, 55, 135, 25
7364, 55, 135, 30
7365, 55, 135, 35
7366, 55, 135, 40
7367, 55, 135, 45
7368, 55, 135, 50
7369, 55, 135, 55
7370, 55, 135, 60
7371, 54.75, 134.786, 65
7372, 54.5, 134.571, 70
7373, 54.25, 134.357, 75
7374, 54, 134.143, 80
7375, 53.75, 133.929, 85
7376, 53.5, 133.714, 90
7377, 53.25, 133.5, 95
7378, 53, 133.286, 100
7379, 52.75, 133.071, 105
7380, 52.5, 132.857, 110
7381, 52.25, 132.643, 115
7382, 52, 132.429, 120
7383, 51.75, 132.214, 125
7384, 51.5, 132, 130
7385, 51.25, 131.786, 135
7386, 51, 131.571, 140
7387, 50.75, 131.357, 145
7388, 50.5, 131.143, 150
7389, 50.25, 130.929, 155
7390, 50, 130.714, 160
7391, 49.75, 130.5, 165
7392, 49.5, 130.286, 170
7393, 49.25, 130.071, 175
7394, 49, 129.857, 180
7395, 48.75, 129.643, 185
7396, 48.75, 129.643, 190
7397, 48.75, 129.643, 195
7398, 48.75, 129.643, 200
7399, 48.75, 129.643, 205
7400, 48.75, 129.643, 210
7401, 48.75, 129.643, 215
7402, 48.75, 129.643, 220
7403, 48.75, 129.643, 225
7404, 48.75, 129.643, 230
7405, 48.75, 129.643, 235
7406, 49, 129.857, 240
7407, 49.25, 130.071, 245
7408, 49.5, 130.286, 250
7409, 49.75, 130.5, 255
7410, 50, 130.714, 260
7411, 50.25, 130.929, 265
7412, 50.5, 131.143, 270
7413, 50.75, 131.357, 275
7414, 51, 131.571, 280
7415, 51.25, 131.786, 285
7416, 51.5, 132, 290
7417, 51.75, 132.214, 295
7418, 52, 132.429, 300
7419, 52.25, 132.643, 305
7420, 52.5, 132.857, 310
7421, 52.75, 133.071, 315
7422, 53, 133.286, 320
7423, 53.25, 133.5, 325
7424, 53.5, 133.714, 330
7425, 53.75, 133.929, 335
7426, 54, 134.143, 340
7427, 54.25, 134.357, 345
7428, 54.5, 134.571, 350
7429, 54.75, 134.786, 355
7430, 55, 135, 360
7431, 55, 135, 365
7432, 55, 135, 370
7433, 55, 135, 375
7434, 55, 135, 380
7435, 55, 135, 385
7436, 55, 135, 390
7437, 55, 135, 395
7438, 55, 135, 400
7439, 55, 135, 405
7440, 55, 135, 410
7441, 55, 135, 415
7442, 55, 140, 5
7443, 55, 140, 10
7444, 55, 140, 15
7445, 55, 140, 20
7446, 55, 140, 25
7447, 55, 140, 30
7448, 55, 140, 35
7449, 55, 140, 40
7450, 55, 140, 45
7451, 55, 140, 50
7452, 55, 140, 55
7453, 55, 140, 60
7454, 54.75, 139.768, 65
7455, 54.5, 139.536, 70
7456, 54.25, 139.304, 75
7457, 54, 139.071, 80
7458, 53.75, 138.839, 85
7459, 53.5, 138.607, 90
7460, 53.25, 138.375, 95
7461, 53, 138.143, 100
7462, 52.75, 137.911, 105
7463, 52.5, 137.679, 110
7464, 52.25, 137.446, 115
7465, 52, 137.214, 120
7466, 51.75, 136.982, 125
7467, 51.5, 136.75, 130
7468, 51.25, 136.518, 135
7469, 51, 136.286, 140
7470, 50.75, 136.054, 145
7471, 50.5, 135.821, 150
7472, 50.25, 135.589, 155
7473, 50, 135.357, 160
7474, 49.75, 135.125, 165
7475, 49.5, 134.893, 170
7476, 49.25, 134.661, 175
7477, 49, 134.429, 180
7478, 48.75, 134.196, 185
7479, 48.75, 134.196, 190
7480, 48.75, 134.196, 195
7481, 48.75, 134.196, 200
7482, 48.75, 134.196, 205
7483, 48.75, 134.196, 210
7484, 48.75, 134.196, 215
7485, 48.75, 134.196, 220
7486, 48.75, 134.196, 225
7487, 48.75, 134.196, 230
7488, 48.75, 134.196, 235
7489, 49, 134.429, 240
7490, 49.25, 134.661, 245
7491, 49.5, 134.893, 250
7492, 49.75, 135.125, 255
7493, 50, 135.357, 260
7494, 50.25, 135.589, 265
7495, 50.5, 135.821, 270
7496, 50.75, 136.054, 275
7497, 51, 136.286, 280
7498, 51.25, 136.518, 285
7499, 51.5, 136.75, 290
7500, 51.75, 136.982, 295
7501, 52, 137.214, 300
7502, 52.25, 137.446, 305
7503, 52.5, 137.679, 310
7504, 52.75, 137.911, 315
7505, 53, 138.143, 320
7506, 53.25, 138.375, 325
7507, 53.5, 138.607, 330
7508, 53.75, 138.839, 335
7509, 54, 139.071, 340
7510, 54.25, 139.304, 345
7511, 54.5, 139.536, 350
7512, 54.75, 139.768, 355
7513, 55, 140, 360
7514, 55, 140, 365
7515, 55, 140, 370
7516, 55, 140, 375
7517, 55, 140, 380
7518, 55, 140, 385
7519, 55, 140, 390
7520, 55, 140, 395
7521, 55, 140, 400
7522, 55, 140, 405
7523, 55, 140, 410
7524, 55, 140, 415
7525, 49.8682, 146.91, 5
7526, 49.8682, 146.91, 10
7527, 49.8682, 146.91, 15
7528, 49.8682, 146.91, 20
7529, 49.8682, 146.91, 25
7530, 49.8682, 146.91, 30
7531, 49.8682, 146.91, 35
7532, 49.8682, 146.91, 40
7533, 49.8682, 146.91, 45
7534, 49.8682, 146.91, 50
7535, 49.8682, 146.91, 55
7536, 49.8682, 146.91, 60
7537, 49.6182, 146.66, 65
7538, 49.3682, 146.41, 70
7539, 49.1182, 146.16, 75
7540, 48.8682, 145.91, 80
7541, 48.6182, 145.66, 85
7542, 48.3682, 145.41, 90
7543, 48.1182, 145.16, 95
7544, 47.8682, 144.91, 100
7545, 47.6182, 144.66, 105
7546, 47.3682, 144.41, 110
7547, 47.1182, 144.16, 115
7548, 46.8682, 143.91, 120
7549, 46.6182, 143.66, 125
7550, 46.3682, 143.41, 130
7551, 46.1182, 143.16, 135
7552, 45.8682, 142.91, 140
7553, 45.6182, 142.66, 145
7554, 45.3682, 142.41, 150
7555, 45.1182, 142.16, 155
7556, 44.8682, 141.91, 160
7557, 44.6182, 141.66, 165
7558, 44.3682, 141.41, 170
7559, 44.1182, 141.16, 175
7560, 43.8682, 140.91, 180
7561, 43.6182, 140.66, 185
7562, 43.6182, 140.66, 190
7563, 43.6182, 140.66, 195
7564, 43.6182, 140.66, 200
7565, 43.6182, 140.66, 205
7566, 43.6182, 140.66, 210
7567, 43.6182, 140.66, 215
7568, 43.6182, 140.66, 220
7569, 43.6182, 140.66, 225
7570, 43.6182, 140.66, 230
7571, 43.6182, 140.66, 235
7572, 43.8682, 140.91, 240
7573, 44.1182, 141.16, 245
7574, 44.3682, 141.41, 250
7575, 44.6182, 141.66, 255
7576, 44.8682, 141.91, 260
7577, 45.1182, 142.16, 265
7578, 45.3682, 142.41, 270
7579, 45.6182, 142.66, 275
7580, 45.8682, 142.91, 280
7581, 46.1182, 143.16, 285
7582, 46.3682, 143.41, 290
7583, 46.6182, 143.66, 295
7584, 46.8682, 143.91, 300
7585, 47.1182, 144.16, 305
7586, 47.3682, 144.41, 310
7587, 47.6182, 144.66, 315
7588, 47.8682, 144.91, 320
7589, 48.1182, 145.16, 325
7590, 48.3682, 145.41, 330
7591, 48.6182, 145.66, 335
7592, 48.8682, 145.91, 340
7593, 49.1182, 146.16, 345
7594, 49.3682, 146.41, 350
7595, 49.6182, 146.66, 355
7596, 49.8682, 146.91, 360
7597, 49.8682, 146.91, 365
7598, 49.8682, 146.91, 370
7599, 49.8682, 146.91, 375
7600, 49.8682, 146.91, 380
7601, 49.8682, 146.91, 385
7602, 49.8682, 146.91, 390
7603, 49.8682, 146.91, 395
7604, 49.8682, 146.91, 400
7605, 49.8682, 146.91, 405
7606, 49.8682, 146.91, 410
7607, 49.8682, 146.91, 415
7608, 48.8341, 148.538, 5
7609, 48.8341, 148.538, 10
7610, 48.8341, 148.538, 15
7611, 48.8341, 148.538, 20
7612, 48.8341, 148.538, 25
7613, 48.8341, 148.538, 30
7614, 48.8341, 148.538, 35
7615, 48.8341, 148.538, 40
7616, 48.8341, 148.538, 45
7617, 48.8341, 148.538, 50
7618, 48.8341, 148.538, 55
7619, 48.8341, 148.538, 60
7620, 48.5841, 148.288, 65
7621, 48.3341, 148.038, 70
7622, 48.0841, 147.788, 75
7623, 47.8341, 147.538, 80
7624, 47.5841, 147.288, 85
7625, 47.3341, 147.038, 90
7626, 47.0841, 146.788, 95
7627, 46.8341, 146.538, 100
7628, 46.5841, 146.288, 105
7629, 46.3341, 146.038, 110
7630, 46.0841, 145.788, 115
7631, 45.8341, 145.538, 120
7632, 45.5841, 145.288, 125
7633, 45.3341, 145.038, 130
7634, 45.0841, 144.788, 135
7635, 44.8341, 144.538, 140
7636, 44.5841, 144.288, 145
7637, 44.3341, 144.038, 150
7638, 44.0841, 143.788, 155
7639, 43.8341, 143.538, 160
7640, 43.5841, 143.288, 165
7641, 43.3341, 143.038, 170
7642, 43.0841, 142.788, 175
7643, 42.8341, 142.538, 180
7644, 42.5841, 142.288, 185
7645, 42.5841, 142.288, 190
7646, 42.5841, 142.288, 195
7647, 42.5841, 142.288, 200
7648, 42.5841, 142.288, 205
7649, 42.5841, 142.288, 210
7650, 42.5841, 142.288, 215
7651, 42.5841, 142.288, 220
7652, 42.5841, 142.288, 225
7653, 42.5841, 142.288, 230
7654, 42.5841, 142.288, 235
7655, 42.8341, 142.538, 240
7656, 43.0841, 142.788, 245
7657, 43.3341, 143.038, 250
7658, 43.5841, 143.288, 255
7659, 43.8341, 143.538, 260
7660, 44.0841, 143.788, 265
7661, 44.3341, 144.038, 270
7662, 44.5841, 144.288, 275
7663, 44.8341, 144.538, 280
7664, 45.0841, 144.788, 285
7665, 45.3341, 145.038, 290
7666, 45.5841, 145.288, 295
7667, 45.8341, 145.538, 300
7668, 46.0841, 145.788, 305
7669, 46.3341, 146.038, 310
7670, 46.5841, 146.288, 315
7671, 46.8341, 146.538, 320
7672, 47.0841, 146.788, 325
7673, 47.3341, 147.038, 330
7674, 47.5841, 147.288, 335
7675, 47.8341, 147.538, 340
7676, 48.0841, 147.788, 345
7677, 48.3341, 148.038, 350
7678, 48.5841, 148.288, 355
7679, 48.8341, 148.538, 360
7680, 48.8341, 148.538, 365
7681, 48.8341, 148.538, 370
7682, 48.8341, 148.538, 375
7683, 48.8341, 148.538, 380
7684, 48.8341, 148.538, 385
7685, 48.8341, 148.538, 390
7686, 48.8341, 148.538, 395
7687, 48.8341, 148.538, 400
7688, 48.8341, 148.538, 405
7689, 48.8341, 148.538, 410
7690, 48.8341, 148.538, 415
7691, 47.206, 149.572, 5
7692, 47.206, 149.572, 10
7693, 47.206, 149.572, 15
7694, 47.206, 149.572, 20
7695, 47.206, 149.572, 25
7696, 47.206, 149.572, 30
7697, 47.206, 149.572, 35
7698, 47.206, 149.572, 40
7699, 47.206, 149.572, 45
7700, 47.206, 149.572, 50
7701, 47.206, 149.572, 55
7702, 47.206, 149.572, 60
7703, 46.956, 149.322, 65
7704, 46.706, 149.072, 70
7705, 46.456, 148.822, 75
7706, 46.206, 148.572, 80
7707, 45.956, 148.322, 85
7708, 45.706, 148.072, 90
7709, 45.456, 147.822, 95
7710, 45.206, 147.572, 100
7711, 44.956, 147.322, 105
7712, 44.706, 147.072, 110
7713, 44.456, 146.822, 115
7714, 44.206, 146.572, 120
7715, 43.956, 146.322, 125
7716, 43.706, 146.072, 130
7717, 43.456, 145.822, 135
7718, 43.206, 145.572, 140
7719, 42.956, 145.322, 145
7720, 42.706, 145.072, 150
7721, 42.456, 144.822, 155
7722, 42.206, 144.572, 160
7723, 41.956, 144.322, 165
7724, 41.706, 144.072, 170
7725, 41.456, 143.822, 175
7726, 41.206, 143.572, 180
7727, 40.956, 143.322, 185
7728, 40.956, 143.322, 190
7729, 40.956, 143.322, 195
7730, 40.956, 143.322, 200
7731, 40.956, 143.322, 205
7732, 40.956, 143.322, 210
7733, 40.956, 143.322, 215
7734, 40.956, 143.322, 220
7735, 40.956, 143.322, 225
7736, 40.956, 143.322, 230
7737, 40.956, 143.322, 235
7738, 41.206, 143.572, 240
7739, 41.456, 143.822, 245
7740, 41.706, 144.072, 250
7741, 41.956, 144.322, 255
7742, 42.206, 144.572, 260
7743, 42.456, 144.822, 265
7744, 42.706, 145.072, 270
7745, 42.956, 145.322, 275
7746, 43.206, 145.572, 280
7747, 43.456, 145.822, 285
7748, 43.706, 146.072, 290
7749, 43.956, 146.322, 295
7750, 44.206, 146.572, 300
7751, 44.456, 146.822, 305
7752, 44.706, 147.072, 310
7753, 44.956, 147.322, 315
7754, 45.206, 147.572, 320
7755, 45.456, 147.822, 325
7756, 45.706, 148.072, 330
7757, 45.956, 148.322, 335
7758, 46.206, 148.572, 340
7759, 46.456, 148.822, 345
7760, 46.706, 149.072, 350
7761, 46.956, 149.322, 355
7762, 47.206, 149.572, 360
7763, 47.206, 149.572, 365
7764, 47.206, 149.572, 370
7765, 47.206, 149.572, 375
7766, 47.206, 149.572, 380
7767, 47.206, 149.572, 385
7768, 47.206, 149.572, 390
7769, 47.206, 149.572, 395
7770, 47.206, 149.572, 400
7771, 47.206, 149.572, 405
7772, 47.206, 149.572, 410
7773, 47.206, 149.572, 415
7774, 54.1698, 148.707, 5
7775, 54.1698, 148.707, 10
7776, 54.1698, 148.707, 15
7777, 54.1698, 148.707, 20
7778, 54.1698, 148.707, 25
7779, 54.1698, 148.707, 30
7780, 54.1698, 148.707, 35
7781, 54.1698, 148.707, 40
7782, 54.1698, 148.707, 45
7783, 54.1698, 148.707, 50
7784, 54.1698, 148.707, 55
7785, 54.1698, 148.707, 60
7786, 53.9198, 148.457, 65
7787, 53.6698, 148.207, 70
7788, 53.4198, 147.957, 75
7789, 53.1698, 147.707, 80
7790, 52.9198, 147.457, 85
7791, 52.6698, 147.207, 90
7792, 52.4198, 146.957, 95
7793, 52.1698, 146.707, 100
7794, 51.9198, 146.457, 105
7795, 51.6698, 146.207, 110
7796, 51.4198, 145.957, 115
7797, 51.1698, 145.707, 120
7798, 50.9198, 145.457, 125
7799, 50.6698, 145.207, 130
7800, 50.4198, 144.957, 135
7801, 50.1698, 144.707, 140
7802, 49.9198, 144.457, 145
7803, 49.6698, 144.207, 150
7804, 49.4198, 143.957, 155
7805, 49.1698, 143.707, 160
7806, 48.9198, 143.457, 165
7807, 48.6698, 143.207, 170
7808, 48.4198, 142.957, 175
7809, 48.1698, 142.707, 180
7810, 47.9198, 142.457, 185
7811, 47.9198, 142.457, 190
7812, 47.9198, 142.457, 195
7813, 47.9198, 142.457, 200
7814, 47.9198, 142.457, 205
7815, 47.9198, 142.457, 210
7816, 47.9198, 142.457, 215
7817, 47.9198, 142.457, 220
7818, 47.9198, 142.457, 225
7819, 47.9198, 142.457, 230
7820, 47.9198, 142.457, 235
7821, 48.1698, 142.707, 240
7822, 48.4198, 142.957, 245
7823, 48.6698, 143.207, 250
7824, 48.9198, 143.457, 255
7825, 49.1698, 143.707, 260
7826, 49.4198, 143.957, 265
7827, 49.6698, 144.207, 270
7828, 49.9198, 144.457, 275
7829, 50.1698, 144.707, 280
7830, 50.4198, 144.957, 285
7831, 50.6698, 145.207, 290
7832, 50.9198, 145.457, 295
7833, 51.1698, 145.707, 300
7834, 51.4198, 145.957, 305
7835, 51.6698, 146.207, 310
7836, 51.9198, 146.457, 315
7837, 52.1698, 146.707, 320
7838, 52.4198, 146.957, 325
7839, 52.6698, 147.207, 330
7840, 52.9198, 147.457, 335
7841, 53.1698, 147.707, 340
7842, 53.4198, 147.957, 345
7843, 53.6698, 148.207, 350
7844, 53.9198, 148.457, 355
7845, 54.1698, 148.707, 360
7846, 54.1698, 148.707, 365
7847, 54.1698, 148.707, 370
7848, 54.1698, 148.707, 375
7849, 54.1698, 148.707, 380
7850, 54.1698, 148.707, 385
7851, 54.1698, 148.707, 390
7852, 54.1698, 148.707, 395
7853, 54.1698, 148.707, 400
7854, 54.1698, 148.707, 405
7855, 54.1698, 148.707, 410
7856, 54.1698, 148.707, 415
7857, 52.1627, 151.867, 5
7858, 52.1627, 151.867, 10
7859, 52.1627, 151.867, 15
7860, 52.1627, 151.867, 20
7861, 52.1627, 151.867, 25
7862, 52.1627, 151.867, 30
7863, 52.1627, 151.867, 35
7864, 52.1627, 151.867, 40
7865, 52.1627, 151.867, 45
7866, 52.1627, 151.867, 50
7867, 52.1627, 151.867, 55
7868, 52.1627, 151.867, 60
7869, 51.9127, 151.617, 65
7870, 51.6627, 151.367, 70
7871, 51.4127, 151.117, 75
7872, 51.1627, 150.867, 80
7873, 50.9127, 150.617, 85
7874, 50.6627, 150.367, 90
7875, 50.4127, 150.117, 95
7876, 50.1627, 149.867, 100
7877, 49.9127, 149.617, 105
7878, 49.6627, 149.367, 110
7879, 49.4127, 149.117, 115
7880, 49.1627, 148.867, 120
7881, 48.9127, 148.617, 125
7882, 48.6627, 148.367, 130
7883, 48.4127, 148.117, 135
7884, 48.1627, 147.867, 140
7885, 47.9127, 147.617, 145
7886, 47.6627, 147.367, 150
7887, 47.4127, 147.117, 155
7888, 47.1627, 146.867, 160
7889, 46.9127, 146.617, 165
7890, 46.6627, 146.367, 170
7891, 46.4127, 146.117, 175
7892, 46.1627, 145.867, 180
7893, 45.9127, 145.617, 185
7894, 45.9127, 145.617, 190
7895, 45.9127, 145.617, 195
7896, 45.9127, 145.617, 200
7897, 45.9127, 145.617, 205
7898, 45.9127, 145.617, 210
7899, 45.9127, 145.617, 215
7900, 45.9127, 145.617, 220
7901, 45.9127, 145.617, 225
7902, 45.9127, 145.617, 230
7903, 45.9127, 145.617, 235
7904, 46.1627, 145.867, 240
7905, 46.4127, 146.117, 245
7906, 46.6627, 146.367, 250
7907, 46.9127, 146.617, 255
7908, 47.1627, 146.867, 260
7909, 47.4127, 147.117, 265
7910, 47.6627, 147.367, 270
7911, 47.9127, 147.617, 275
7912, 48.1627, 147.867, 280
7913, 48.4127, 148.117, 285
7914, 48.6627, 148.367, 290
7915, 48.9127, 148.617, 295
7916, 49.1627, 148.867, 300
7917, 49.4127, 149.117, 305
7918, 49.6627, 149.367, 310
7919, 49.9127, 149.617, 315
7920, 50.1627, 149.867, 320
7921, 50.4127, 150.117, 325
7922, 50.6627, 150.367, 330
7923, 50.9127, 150.617, 335
7924, 51.1627, 150.867, 340
7925, 51.4127, 151.117, 345
7926, 51.6627, 151.367, 350
7927, 51.9127, 151.617, 355
7928, 52.1627, 151.867, 360
7929, 52.1627, 151.867, 365
7930, 52.1627, 151.867, 370
7931, 52.1627, 151.867, 375
7932, 52.1627, 151.867, 380
7933, 52.1627, 151.867, 385
7934, 52.1627, 151.867, 390
7935, 52.1627, 151.867, 395
7936, 52.1627, 151.867, 400
7937, 52.1627, 151.867, 405
7938, 52.1627, 151.867, 410
7939, 52.1627, 151.867, 415
7940, 49.0029, 153.874, 5
7941, 49.0029, 153.874, 10
7942, 49.0029, 153.874, 15
7943, 49.0029, 153.874, 20
7944, 49.0029, 153.874, 25
7945, 49.0029, 153.874, 30
7946, 49.0029, 153.874, 35
7947, 49.0029, 153.874, 40
7948, 49.0029, 153.874, 45
7949, 49.0029, 153.874, 50
7950, 49.0029, 153.874, 55
7951, 49.0029, 153.874, 60
7952, 48.7529, 153.624, 65
7953, 48.5029, 153.374, 70
7954, 48.2529, 153.124, 75
7955, 48.0029, 152.874, 80
7956, 47.7529, 152.624, 85
7957, 47.5029, 152.374, 90
7958, 47.2529, 152.124, 95
7959, 47.0029, 151.874, 100
7960, 46.7529, 151.624, 105
7961, 46.5029, 151.374, 110
7962, 46.2529, 151.124, 115
7963, 46.0029, 150.874, 120
7964, 45.7529, 150.624, 125
7965, 45.5029, 150.374, 130
7966, 45.2529, 150.124, 135
7967, 45.0029, 149.874, 140
7968, 44.7529, 149.624, 145
7969, 44.5029, 149.374, 150
7970, 44.2529, 149.124, 155
7971, 44.0029, 148.874, 160
7972, 43.7529, 148.624, 165
7973, 43.5029, 148.374, 170
7974, 43.2529, 148.124, 175
7975, 43.0029, 147.874, 180
7976, 42.7529, 147.624, 185
7977, 42.7529, 147.624, 190
7978, 42.7529, 147.624, 195
7979, 42.7529, 147.624, 200
7980, 42.7529, 147.624, 205
7981, 42.7529, 147.624, 210
7982, 42.7529, 147.624, 215
7983, 42.7529, 147.624, 220
7984, 42.7529, 147.624, 225
7985, 42.7529, 147.624, 230
7986, 42.7529, 147.624, 235
7987, 43.0029, 147.874, 240
7988, 43.2529, 148.124, 245
7989, 43.5029, 148.374, 250
7990, 43.7529, 148.624, 255
7991, 44.0029, 148.874, 260
7992, 44.2529, 149.124, 265
7993, 44.5029, 149.374, 270
7994, 44.7529, 149.624, 275
7995, 45.0029, 149.874, 280
7996, 45.2529, 150.124, 285
7997, 45.5029, 150.374, 290
7998, 45.7529, 150.624, 295
7999, 46.0029, 150.874, 300
8000, 46.2529, 151.124, 305
8001, 46.5029, 151.374, 310
8002, 46.7529, 151.624, 315
8003, 47.0029, 151.874, 320
8004, 47.2529, 152.124, 325
8005, 47.5029, 152.374, 330
8006, 47.7529, 152.624, 335
8007, 48.0029, 152.874, 340
8008, 48.2529, 153.124, 345
8009, 48.5029, 153.374, 350
8010, 48.7529, 153.624, 355
8011, 49.0029, 153.874, 360
8012, 49.0029, 153.874, 365
8013, 49.0029, 153.874, 370
8014, 49.0029, 153.874, 375
8015, 49.0029, 153.874, 380
8016, 49.0029, 153.874, 385
8017, 49.0029, 153.874, 390
8018, 49.0029, 153.874, 395
8019, 49.0029, 153.874, 400
8020, 49.0029, 153.874, 405
8021, 49.0029, 153.874, 410
8022, 49.0029, 153.874, 415
8023, 40.2631, 150, 5
8024, 40.2631, 150, 10
8025, 40.2631, 150, 15
8026, 40.2631, 150, 20
8027, 40.2631, 150, 25
8028, 40.2631, 150, 30
8029, 40.2631, 150, 35
8030, 40.2631, 150, 40
8031, 40.2631, 150, 45
8032, 40.2631, 150, 50
8033, 40.2631, 150, 55
8034, 40.2631, 150, 60
8035, 40.0409, 149.75, 65
8036, 39.8187, 149.5, 70
8037, 39.5964, 149.25, 75
8038, 39.3742, 149, 80
8039, 39.152, 148.75, 85
8040, 38.9298, 148.5, 90
8041, 38.7076, 148.25, 95
8042, 38.4853, 148, 100
8043, 38.2631, 147.75, 105
8044, 38.0409, 147.5, 110
8045, 37.8187, 147.25, 115
8046, 37.5964, 147, 120
8047, 37.3742, 146.75, 125
8048, 37.152, 146.5, 130
8049, 36.9298, 146.25, 135
8050, 36.7076, 146, 140
8051, 36.4853, 145.75, 145
8052, 36.2631, 145.5, 150
8053, 36.0409, 145.25, 155
8054, 35.8187, 145, 160
8055, 35.5964, 144.75, 165
8056, 35.3742, 144.5, 170
8057, 35.152, 144.25, 175
8058, 34.9298, 144, 180
8059, 34.7076, 143.75, 185
8060, 34.7076, 143.75, 190
8061, 34.7076, 143.75, 195
8062, 34.7076, 143.75, 200
8063, 34.7076, 143.75, 205
8064, 34.7076, 143.75, 210
8065, 34.7076, 143.75, 215
8066, 34.7076, 143.75, 220
8067, 34.7076, 143.75, 225
8068, 34.7076, 143.75, 230
8069, 34.7076, 143.75, 235
8070, 34.9298, 144, 240
8071, 35.152, 144.25, 245
8072, 35.3742, 144.5, 250
8073, 35.5964, 144.75, 255
8074, 35.8187, 145, 260
8075, 36.0409, 145.25, 265
8076, 36.2631, 145.5, 270
8077, 36.4853, 145.75, 275
8078, 36.7076, 146, 280
8079, 36.9298, 146.25, 285
8080, 37.152, 146.5, 290
8081, 37.3742, 146.75, 295
8082, 37.5964, 147, 300
8083, 37.8187, 147.25, 305
8084, 38.0409, 147.5, 310
8085, 38.2631, 147.75, 315
8086, 38.4853, 148, 320
8087, 38.7076, 148.25, 325
8088, 38.9298, 148.5, 330
8089, 39.152, 148.75, 335
8090, 39.3742, 149, 340
8091, 39.5964, 149.25, 345
8092, 39.8187, 149.5, 350
8093, 40.0409, 149.75, 355
8094, 40.2631, 150, 360
8095, 40.2631, 150, 365
8096, 40.2631, 150, 370
8097, 40.2631, 150, 375
8098, 40.2631, 150, 380
8099, 40.2631, 150, 385
8100, 40.2631, 150, 390
8101, 40.2631, 150, 395
8102, 40.2631, 150, 400
8103, 40.2631, 150, 405
8104, 40.2631, 150, 410
8105, 40.2631, 150, 415
8106, 35.2302, 150, 5
8107, 35.2302, 150, 10
8108, 35.2302, 150, 15
8109, 35.2302, 150, 20
8110, 35.2302, 150, 25
8111, 35.2302, 150, 30
8112, 35.2302, 150, 35
8113, 35.2302, 150, 40
8114, 35.2302, 150, 45
8115, 35.2302, 150, 50
8116, 35.2302, 150, 55
8117, 35.2302, 150, 60
8118, 35.0358, 149.75, 65
8119, 34.8413, 149.5, 70
8120, 34.6469, 149.25, 75
8121, 34.4524, 149, 80
8122, 34.258, 148.75, 85
8123, 34.0636, 148.5, 90
8124, 33.8691, 148.25, 95
8125, 33.6747, 148, 100
8126, 33.4802, 147.75, 105
8127, 33.2858, 147.5, 110
8128, 33.0913, 147.25, 115
8129, 32.8969, 147, 120
8130, 32.7024, 146.75, 125
8131, 32.508, 146.5, 130
8132, 32.3136, 146.25, 135
8133, 32.1191, 146, 140
8134, 31.9247, 145.75, 145
8135, 31.7302, 145.5, 150
8136, 31.5358, 145.25, 155
8137, 31.3413, 145, 160
8138, 31.1469, 144.75, 165
8139, 30.9524, 144.5, 170
8140, 30.758, 144.25, 175
8141, 30.5636, 144, 180
8142, 30.3691, 143.75, 185
8143, 30.3691, 143.75, 190
8144, 30.3691, 143.75, 195
8145, 30.3691, 143.75, 200
8146, 30.3691, 143.75, 205
8147, 30.3691, 143.75, 210
8148, 30.3691, 143.75, 215
8149, 30.3691, 143.75, 220
8150, 30.3691, 143.75, 225
8151, 30.3691, 143.75, 230
8152, 30.3691, 143.75, 235
8153, 30.5636, 144, 240
8154, 30.758, 144.25, 245
8155, 30.9524, 144.5, 250
8156, 31.1469, 144.75, 255
8157, 31.3413, 145, 260
8158, 31.5358, 145.25, 265
8159, 31.7302, 145.5, 270
8160, 31.9247, 145.75, 275
8161, 32.1191, 146, 280
8162, 32.3136, 146.25, 285
8163, 32.508, 146.5, 290
8164, 32.7024, 146.75, 295
8165, 32.8969, 147, 300
8166, 33.0913, 147.25, 305
8167, 33.2858, 147.5, 310
8168, 33.4802, 147.75, 315
8169, 33.6747, 148, 320
8170, 33.8691, 148.25, 325
8171, 34.0636, 148.5, 330
8172, 34.258, 148.75, 335
8173, 34.4524, 149, 340
8174, 34.6469, 149.25, 345
8175, 34.8413, 149.5, 350
8176, 35.0358, 149.75, 355
8177, 35.2302, 150, 360
8178, 35.2302, 150, 365
8179, 35.2302, 150, 370
8180, 35.2302, 150, 375
8181, 35.2302, 150, 380
8182, 35.2302, 150, 385
8183, 35.2302, 150, 390
8184, 35.2302, 150, 395
8185, 35.2302, 150, 400
8186, 35.2302, 150, 405
8187, 35.2302, 150, 410
8188, 35.2302, 150, 415
8189, 30.1973, 150, 5
8190, 30.1973, 150, 10
8191, 30.1973, 150, 15
8192, 30.1973, 150, 20
8193, 30.1973, 150, 25
8194, 30.1973, 150, 30
8195, 30.1973, 150, 35
8196, 30.1973, 150, 40
8197, 30.1973, 150, 45
8198, 30.1973, 150, 50
8199, 30.1973, 150, 55
8200, 30.1973, 150, 60
8201, 30.0307, 149.75, 65
8202, 29.864, 149.5, 70
8203, 29.6973, 149.25, 75
8204, 29.5307, 149, 80
8205, 29.364, 148.75, 85
8206, 29.1973, 148.5, 90
8207, 29.0307, 148.25, 95
8208, 28.864, 148, 100
8209, 28.6973, 147.75, 105
8210, 28.5307, 147.5, 110
8211, 28.364, 147.25, 115
8212, 28.1973, 147, 120
8213, 28.0307, 146.75, 125
8214, 27.864, 146.5, 130
8215, 27.6973, 146.25, 135
8216, 27.5307, 146, 140
8217, 27.364, 145.75, 145
8218, 27.1973, 145.5, 150
8219, 27.0307, 145.25, 155
8220, 26.864, 145, 160
8221, 26.6973, 144.75, 165
8222, 26.5307, 144.5, 170
8223, 26.364, 144.25, 175
8224, 26.1973, 144, 180
8225, 26.0307, 143.75, 185
8226, 26.0307, 143.75, 190
8227, 26.0307, 143.75, 195
8228, 26.0307, 143.75, 200
8229, 26.0307, 143.75, 205
8230, 26.0307, 143.75, 210
8231, 26.0307, 143.75, 215
8232, 26.0307, 143.75, 220
8233, 26.0307, 143.75, 225
8234, 26.0307, 143.75, 230
8235, 26.0307, 143.75, 235
8236, 26.1973, 144, 240
8237, 26.364, 144.25, 245
8238, 26.5307, 144.5, 250
8239, 26.6973, 144.75, 255
8240, 26.864, 145, 260
8241, 27.0307, 145.25, 265
8242, 27.1973, 145.5, 270
8243, 27.364, 145.75, 275
8244, 27.5307, 146, 280
8245, 27.6973, 146.25, 285
8246, 27.864, 146.5, 290
8247, 28.0307, 146.75, 295
8248, 28.1973, 147, 300
8249, 28.364, 147.25, 305
8250, 28.5307, 147.5, 310
8251, 28.6973, 147.75, 315
8252, 28.864, 148, 320
8253, 29.0307, 148.25, 325
8254, 29.1973, 148.5, 330
8255, 29.364, 148.75, 335
8256, 29.5307, 149, 340
8257, 29.6973, 149.25, 345
8258, 29.864, 149.5, 350
8259, 30.0307, 149.75, 355
8260, 30.1973, 150, 360
8261, 30.1973, 150, 365
8262, 30.1973, 150, 370
8263, 30.1973, 150, 375
8264, 30.1973, 150, 380
8265, 30.1973, 150, 385
8266, 30.1973, 150, 390
8267, 30.1973, 150, 395
8268, 30.1973, 150, 400
8269, 30.1973, 150, 405
8270, 30.1973, 150, 410
8271, 30.1973, 150, 415
8272, 25.1644, 150, 5
8273, 25.1644, 150, 10
8274, 25.1644, 150, 15
8275, 25.1644, 150, 20
8276, 25.1644, 150, 25
8277, 25.1644, 150, 30
8278, 25.1644, 150, 35
8279, 25.1644, 150, 40
8280, 25.1644, 150, 45
8281, 25.1644, 150, 50
8282, 25.1644, 150, 55
8283, 25.1644, 150, 60
8284, 25.0256, 149.75, 65
8285, 24.8867, 149.5, 70
8286, 24.7478, 149.25, 75
8287, 24.6089, 149, 80
8288, 24.47, 148.75, 85
8289, 24.3311, 148.5, 90
8290, 24.1922, 148.25, 95
8291, 24.0533, 148, 100
8292, 23.9144, 147.75, 105
8293, 23.7756, 147.5, 110
8294, 23.6367, 147.25, 115
8295, 23.4978, 147, 120
8296, 23.3589, 146.75, 125
8297, 23.22, 146.5, 130
8298, 23.0811, 146.25, 135
8299, 22.9422, 146, 140
8300, 22.8033, 145.75, 145
8301, 22.6644, 145.5, 150
8302, 22.5256, 145.25, 155
8303, 22.3867, 145, 160
8304, 22.2478, 144.75, 165
8305, 22.1089, 144.5, 170
8306, 21.97, 144.25, 175
8307, 21.8311, 144, 180
8308, 21.6922, 143.75, 185
8309, 21.6922, 143.75, 190
8310, 21.6922, 143.75, 195
8311, 21.6922, 143.75, 200
8312, 21.6922, 143.75, 205
8313, 21.6922, 143.75, 210
8314, 21.6922, 143.75, 215
8315, 21.6922, 143.75, 220
8316, 21.6922, 143.75, 225
8317, 21.6922, 143.75, 230
8318, 21.6922, 143.75, 235
8319, 21.8311, 144, 240
8320, 21.97, 144.25, 245
8321, 22.1089, 144.5, 250
8322, 22.2478, 144.75, 255
8323, 22.3867, 145, 260
8324, 22.5256, 145.25, 265
8325, 22.6644, 145.5, 270
8326, 22.8033, 145.75, 275
8327, 22.9422, 146, 280
8328, 23.0811, 146.25, 285
8329, 23.22, 146.5, 290
8330, 23.3589, 146.75, 295
8331, 23.4978, 147, 300
8332, 23.6367, 147.25, 305
8333, 23.7756, 147.5, 310
8334, 23.9144, 147.75, 315
8335, 24.0533, 148, 320
8336, 24.1922, 148.25, 325
8337, 24.3311, 148.5, 330
8338, 24.47, 148.75, 335
8339, 24.6089, 149, 340
8340, 24.7478, 149.25, 345
8341, 24.8867, 149.5, 350
8342, 25.0256, 149.75, 355
8343, 25.1644, 150, 360
8344, 25.1644, 150, 365
8345, 25.1644, 150, 370
8346, 25.1644, 150, 375
8347, 25.1644, 150, 380
8348, 25.1644, 150, 385
8349, 25.1644, 150, 390
8350, 25.1644, 150, 395
8351, 25.1644, 150, 400
8352, 25.1644, 150, 405
8353, 25.1644, 150, 410
8354, 25.1644, 150, 415
8355, 20.1316, 150, 5
8356, 20.1316, 150, 10
8357, 20.1316, 150, 15
8358, 20.1316, 150, 20
8359, 20.1316, 150, 25
8360, 20.1316, 150, 30
8361, 20.1316, 150, 35
8362, 20.1316, 150, 40
8363, 20.1316, 150, 45
8364, 20.1316, 150, 50
8365, 20.1316, 150, 55
8366, 20.1316, 150, 60
8367, 20.0204, 149.75, 65
8368, 19.9093, 149.5, 70
8369, 19.7982, 149.25, 75
8370, 19.6871, 149, 80
8371, 19.576, 148.75, 85
8372, 19.4649, 148.5, 90
8373, 19.3538, 148.25, 95
8374, 19.2427, 148, 100
8375, 19.1316, 147.75, 105
8376, 19.0204, 147.5, 110
8377, 18.9093, 147.25, 115
8378, 18.7982, 147, 120
8379, 18.6871, 146.75, 125
8380, 18.576, 146.5, 130
8381, 18.4649, 146.25, 135
8382, 18.3538, 146, 140
8383, 18.2427, 145.75, 145
8384, 18.1316, 145.5, 150
8385, 18.0204, 145.25, 155
8386, 17.9093, 145, 160
8387, 17.7982, 144.75, 165
8388, 17.6871, 144.5, 170
8389, 17.576, 144.25, 175
8390, 17.4649, 144, 180
8391, 17.3538, 143.75, 185
8392, 17.3538, 143.75, 190
8393, 17.3538, 143.75, 195
8394, 17.3538, 143.75, 200
8395, 17.3538, 143.75, 205
8396, 17.3538, 143.75, 210
8397, 17.3538, 143.75, 215
8398, 17.3538, 143.75, 220
8399, 17.3538, 143.75, 225
8400, 17.3538, 143.75, 230
8401, 17.3538, 143.75, 235
8402, 17.4649, 144, 240
8403, 17.576, 144.25, 245
8404, 17.6871, 144.5, 250
8405, 17.7982, 144.75, 255
8406, 17.9093, 145, 260
8407, 18.0204, 145.25, 265
8408, 18.1316, 145.5, 270
8409, 18.2427, 145.75, 275
8410, 18.3538, 146, 280
8411, 18.4649, 146.25, 285
8412, 18.576, 146.5, 290
8413, 18.6871, 146.75, 295
8414, 18.7982, 147, 300
8415, 18.9093, 147.25, 305
8416, 19.0204, 147.5, 310
8417, 19.1316, 147.75, 315
8418, 19.2427, 148, 320
8419, 19.3538, 148.25, 325
8420, 19.4649, 148.5, 330
8421, 19.576, 148.75, 335
8422, 19.6871, 149, 340
8423, 19.7982, 149.25, 345
8424, 19.9093, 149.5, 350
8425, 20.0204, 149.75, 355
8426, 20.1316, 150, 360
8427, 20.1316, 150, 365
8428, 20.1316, 150, 370
8429, 20.1316, 150, 375
8430, 20.1316, 150, 380
8431, 20.1316, 150, 385
8432, 20.1316, 150, 390
8433, 20.1316, 150, 395
8434, 20.1316, 150, 400
8435, 20.1316, 150, 405
8436, 20.1316, 150, 410
8437, 20.1316, 150, 415
8438, 15.0987, 150, 5
8439, 15.0987, 150, 10
8440, 15.0987, 150, 15
8441, 15.0987, 150, 20
8442, 15.0987, 150, 25
8443, 15.0987, 150, 30
8444, 15.0987, 150, 35
8445, 15.0987, 150, 40
8446, 15.0987, 150, 45
8447, 15.0987, 150, 50
8448, 15.0987, 150, 55
8449, 15.0987, 150, 60
8450, 15.0153, 149.75, 65
8451, 14.932, 149.5, 70
8452, 14.8487, 149.25, 75
8453, 14.7653, 149, 80
8454, 14.682, 148.75, 85
8455, 14.5987, 148.5, 90
8456, 14.5153, 148.25, 95
8457, 14.432, 148, 100
8458, 14.3487, 147.75, 105
8459, 14.2653, 147.5, 110
8460, 14.182, 147.25, 115
8461, 14.0987, 147, 120
8462, 14.0153, 146.75, 125
8463, 13.932, 146.5, 130
8464, 13.8487, 146.25, 135
8465, 13.7653, 146, 140
8466, 13.682, 145.75, 145
8467, 13.5987, 145.5, 150
8468, 13.5153, 145.25, 155
8469, 13.432, 145, 160
8470, 13.3487, 144.75, 165
8471, 13.2653, 144.5, 170
8472, 13.182, 144.25, 175
8473, 13.0987, 144, 180
8474, 13.0153, 143.75, 185
8475, 13.0153, 143.75, 190
8476, 13.0153, 143.75, 195
8477, 13.0153, 143.75, 200
8478, 13.0153, 143.75, 205
8479, 13.0153, 143.75, 210
8480, 13.0153, 143.75, 215
8481, 13.0153, 143.75, 220
8482, 13.0153, 143.75, 225
8483, 13.0153, 143.75, 230
8484, 13.0153, 143.75, 235
8485, 13.0987, 144, 240
8486, 13.182, 144.25, 245
8487, 13.2653, 144.5, 250
8488, 13.3487, 144.75, 255
8489, 13.432, 145, 260
8490, 13.5153, 145.25, 265
8491, 13.5987, 145.5, 270
8492, 13.682, 145.75, 275
8493, 13.7653, 146, 280
8494, 13.8487, 146.25, 285
8495, 13.932, 146.5, 290
8496, 14.0153, 146.75, 295
8497, 14.0987, 147, 300
8498, 14.182, 147.25, 305
8499, 14.2653, 147.5, 310
8500, 14.3487, 147.75, 315
8501, 14.432, 148, 320
8502, 14.5153, 148.25, 325
8503, 14.5987, 148.5, 330
8504, 14.682, 148.75, 335
8505, 14.7653, 149, 340
8506, 14.8487, 149.25, 345
8507, 14.932, 149.5, 350
8508, 15.0153, 149.75, 355
8509, 15.0987, 150, 360
8510, 15.0987, 150, 365
8511, 15.0987, 150, 370
8512, 15.0987, 150, 375
8513, 15.0987, 150, 380
8514, 15.0987, 150, 385
8515, 15.0987, 150, 390
8516, 15.0987, 150, 395
8517, 15.0987, 150, 400
8518, 15.0987, 150, 405
8519, 15.0987, 150, 410
8520, 15.0987, 150, 415
8521, 10.0658, 150, 5
8522, 10.0658, 150, 10
8523, 10.0658, 150, 15
8524, 10.0658, 150, 20
8525, 10.0658, 150, 25
8526, 10.0658, 150, 30
8527, 10.0658, 150, 35
8528, 10.0658, 150, 40
8529, 10.0658, 150, 45
8530, 10.0658, 150, 50
8531, 10.0658, 150, 55
8532, 10.0658, 150, 60
8533, 10.0102, 149.75, 65
8534, 9.95467, 149.5, 70
8535, 9.89911, 149.25, 75
8536, 9.84356, 149, 80
8537, 9.788, 148.75, 85
8538, 9.73244, 148.5, 90
8539, 9.67689, 148.25, 95
8540, 9.62133, 148, 100
8541, 9.56578, 147.75, 105
8542, 9.51022, 147.5, 110
8543, 9.45467, 147.25, 115
8544, 9.39911, 147, 120
8545, 9.34356, 146.75, 125
8546, 9.288, 146.5, 130
8547, 9.23244, 146.25, 135
8548, 9.17689, 146, 140
8549, 9.12133, 145.75, 145
8550, 9.06578, 145.5, 150
8551, 9.01022, 145.25, 155
8552, 8.95467, 145, 160
8553, 8.89911, 144.75, 165
8554, 8.84356, 144.5, 170
8555, 8.788, 144.25, 175
8556, 8.73244, 144, 180
8557, 8.67689, 143.75, 185
8558, 8.67689, 143.75, 190
8559, 8.67689, 143.75, 195
8560, 8.67689, 143.75, 200
8561, 8.67689, 143.75, 205
8562, 8.67689, 143.75, 210
8563, 8.67689, 143.75, 215
8564, 8.67689, 143.75, 220
8565, 8.67689, 143.75, 225
8566, 8.67689, 143.75, 230
8567, 8.67689, 143.75, 235
8568, 8.73244, 144, 240
8569, 8.788, 144.25, 245
8570, 8.84356, 144.5, 250
8571, 8.89911, 144.75, 255
8572, 8.95467, 145, 260
8573, 9.01022, 145.25, 265
8574, 9.06578, 145.5, 270
8575, 9.12133, 145.75, 275
8576, 9.17689, 146, 280
8577, 9.23244, 146.25, 285
8578, 9.288, 146.5, 290
8579, 9.34356, 146.75, 295
8580, 9.39911, 147, 300
8581, 9.45467, 147.25, 305
8582, 9.51022, 147.5, 310
8583, 9.56578, 147.75, 315
8584, 9.62133, 148, 320
8585, 9.67689, 148.25, 325
8586, 9.73244, 148.5, 330
8587, 9.788, 148.75, 335
8588, 9.84356, 149, 340
8589, 9.89911, 149.25, 345
8590, 9.95467, 149.5, 350
8591, 10.0102, 149.75, 355
8592, 10.0658, 150, 360
8593, 10.0658, 150, 365
8594, 10.0658, 150, 370
8595, 10.0658, 150, 375
8596, 10.0658, 150, 380
8597, 10.0658, 150, 385
8598, 10.0658, 150, 390
8599, 10.0658, 150, 395
8600, 10.0658, 150, 400
8601, 10.0658, 150, 405
8602, 10.0658, 150, 410
8603, 10.0658, 150, 415
8604, 5.03289, 150, 5
8605, 5.03289, 150, 10
8606, 5.03289, 150, 15
8607, 5.03289, 150, 20
8608, 5.03289, 150, 25
8609, 5.03289, 150, 30
8610, 5.03289, 150, 35
8611, 5.03289, 150, 40
8612, 5.03289, 150, 45
8613, 5.03289, 150, 50
8614, 5.03289, 150, 55
8615, 5.03289, 150, 60
8616, 5.00511, 149.75, 65
8617, 4.97733, 149.5, 70
8618, 4.94956, 149.25, 75
8619, 4.92178, 149, 80
8620, 4.894, 148.75, 85
8621, 4.86622, 148.5, 90
8622, 4.83844, 148.25, 95
8623, 4.81067, 148, 100
8624, 4.78289, 147.75, 105
8625, 4.75511, 147.5, 110
8626, 4.72733, 147.25, 115
8627, 4.69956, 147, 120
8628, 4.67178, 146.75, 125
8629, 4.644, 146.5, 130
8630, 4.61622, 146.25, 135
8631, 4.58844, 146, 140
8632, 4.56067, 145.75, 145
8633, 4.53289, 145.5, 150
8634, 4.50511, 145.25, 155
8635, 4.47733, 145, 160
8636, 4.44956, 144.75, 165
8637, 4.42178, 144.5, 170
8638, 4.394, 144.25, 175
8639, 4.36622, 144, 180
8640, 4.33844, 143.75, 185
8641, 4.33844, 143.75, 190
8642, 4.33844, 143.75, 195
8643, 4.33844, 143.75, 200
8644, 4.33844, 143.75, 205
8645, 4.33844, 143.75, 210
8646, 4.33844, 143.75, 215
8647, 4.33844, 143.75, 220
8648, 4.33844, 143.75, 225
8649, 4.33844, 143.75, 230
8650, 4.33844, 143.75, 235
8651, 4.36622, 144, 240
8652, 4.394, 144.25, 245
8653, 4.42178, 144.5, 250
8654, 4.44956, 144.75, 255
8655, 4.47733, 145, 260
8656, 4.50511, 145.25, 265
8657, 4.53289, 145.5, 270
8658, 4.56067, 145.75, 275
8659, 4.58844, 146, 280
8660, 4.61622, 146.25, 285
8661, 4.644, 146.5, 290
8662, 4.67178, 146.75, 295
8663, 4.69956, 147, 300
8664, 4.72733, 147.25, 305
8665, 4.75511, 147.5, 310
8666, 4.78289, 147.75, 315
8667, 4.81067, 148, 320
8668, 4.83844, 148.25, 325
8669, 4.86622, 148.5, 330
8670, 4.894, 148.75, 335
8671, 4.92178, 149, 340
8672, 4.94956, 149.25, 345
8673, 4.97733, 149.5, 350
8674, 5.00511, 149.75, 355
8675, 5.03289, 150, 360
8676, 5.03289, 150, 365
8677, 5.03289, 150, 370
8678, 5.03289, 150, 375
8679, 5.03289, 150, 380
8680, 5.03289, 150, 385
8681, 5.03289, 150, 390
8682, 5.03289, 150, 395
8683, 5.03289, 150, 400
8684, 5.03289, 150, 405
8685, 5.03289, 150, 410
8686, 5.03289, 150, 415
8687, 40.2631, 154.704, 5
8688, 40.2631, 154.704, 10
8689, 40.2631, 154.704, 15
8690, 40.2631, 154.704, 20
8691, 40.2631, 154.704, 25
8692, 40.2631, 154.704, 30
8693, 40.2631, 154.704, 35
8694, 40.2631, 154.704, 40
8695, 40.2631, 154.704, 45
8696, 40.2631, 154.704, 50
8697, 40.2631, 154.704, 55
8698, 40.2631, 154.704, 60
8699, 40.0409, 154.454, 65
8700, 39.8187, 154.204, 70
8701, 39.5964, 153.954, 75
8702, 39.3742, 153.704, 80
8703, 39.152, 153.454, 85
8704, 38.9298, 153.204, 90
8705, 38.7076, 152.954, 95
8706, 38.4853, 152.704, 100
8707, 38.2631, 152.454, 105
8708, 38.0409, 152.204, 110
8709, 37.8187, 151.954, 115
8710, 37.5964, 151.704, 120
8711, 37.3742, 151.454, 125
8712, 37.152, 151.204, 130
8713, 36.9298, 150.954, 135
8714, 36.7076, 150.704, 140
8715, 36.4853, 150.454, 145
8716, 36.2631, 150.204, 150
8717, 36.0409, 149.954, 155
8718, 35.8187, 149.704, 160
8719, 35.5964, 149.454, 165
8720, 35.3742, 149.204, 170
8721, 35.152, 148.954, 175
8722, 34.9298, 148.704, 180
8723, 34.7076, 148.454, 185
8724, 34.7076, 148.454, 190
8725, 34.7076, 148.454, 195
8726, 34.7076, 148.454, 200
8727, 34.7076, 148.454, 205
8728, 34.7076, 148.454, 210
8729, 34.7076, 148.454, 215
8730, 34.7076, 148.454, 220
8731, 34.7076, 148.454, 225
8732, 34.7076, 148.454, 230
8733, 34.7076, 148.454, 235
8734, 34.9298, 148.704, 240
8735, 35.152, 148.954, 245
8736, 35.3742, 149.204, 250
8737, 35.5964, 149.454, 255
8738, 35.8187, 149.704, 260
8739, 36.0409, 149.954, 265
8740, 36.2631, 150.204, 270
8741, 36.4853, 150.454, 275
8742, 36.7076, 150.704, 280
8743, 36.9298, 150.954, 285
8744, 37.152, 151.204, 290
8745, 37.3742, 151.454, 295
8746, 37.5964, 151.704, 300
8747, 37.8187, 151.954, 305
8748, 38.0409, 152.204, 310
8749, 38.2631, 152.454, 315
8750, 38.4853, 152.704, 320
8751, 38.7076, 152.954, 325
8752, 38.9298, 153.204, 330
8753, 39.152, 153.454, 335
8754, 39.3742, 153.704, 340
8755, 39.5964, 153.954, 345
8756, 39.8187, 154.204, 350
8757, 40.0409, 154.454, 355
8758, 40.2631, 154.704, 360
8759, 40.2631, 154.704, 365
8760, 40.2631, 154.704, 370
8761, 40.2631, 154.704, 375
8762, 40.2631, 154.704, 380
8763, 40.2631, 154.704, 385
8764, 40.2631, 154.704, 390
8765, 40.2631, 154.704, 395
8766, 40.2631, 154.704, 400
8767, 40.2631, 154.704, 405
8768, 40.2631, 154.704, 410
8769, 40.2631, 154.704, 415
8770, 35.2302, 154.704, 5
8771, 35.2302, 154.704, 10
8772, 35.2302, 154.704, 15
8773, 35.2302, 154.704, 20
8774, 35.2302, 154.704, 25
8775, 35.2302, 154.704, 30
8776, 35.2302, 154.704, 35
8777, 35.2302, 154.704, 40
8778, 35.2302, 154.704, 45
8779, 35.2302, 154.704, 50
8780, 35.2302, 154.704, 55
8781, 35.2302, 154.704, 60
8782, 35.0358, 154.454, 65
8783, 34.8413, 154.204, 70
8784, 34.6469, 153.954, 75
8785, 34.4524, 153.704, 80
8786, 34.258, 153.454, 85
8787, 34.0636, 153.204, 90
8788, 33.8691, 152.954, 95
8789, 33.6747, 152.704, 100
8790, 33.4802, 152.454, 105
8791, 33.2858, 152.204, 110
8792, 33.0913, 151.954, 115
8793, 32.8969, 151.704, 120
8794, 32.7024, 151.454, 125
8795, 32.508, 151.204, 130
8796, 32.3136, 150.954, 135
8797, 32.1191, 150.704, 140
8798, 31.9247, 150.454, 145
8799, 31.7302, 150.204, 150
8800, 31.5358, 149.954, 155
8801, 31.3413, 149.704, 160
8802, 31.1469, 149.454, 165
8803, 30.9524, 149.204, 170
8804, 30.758, 148.954, 175
8805, 30.5636, 148.704, 180
8806, 30.3691, 148.454, 185
8807, 30.3691, 148.454, 190
8808, 30.3691, 148.454, 195
8809, 30.3691, 148.454, 200
8810, 30.3691, 148.454, 205
8811, 30.3691, 148.454, 210
8812, 30.3691, 148.454, 215
8813, 30.3691, 148.454, 220
8814, 30.3691, 148.454, 225
8815, 30.3691, 148.454, 230
8816, 30.3691, 148.454, 235
8817, 30.5636, 148.704, 240
8818, 30.758, 148.954, 245
8819, 30.9524, 149.204, 250
8820, 31.1469, 149.454, 255
8821, 31.3413, 149.704, 260
8822, 31.5358, 149.954, 265
8823, 31.7302, 150.204, 270
8824, 31.9247, 150.454, 275
8825, 32.1191, 150.704, 280
8826, 32.3136, 150.954, 285
8827, 32.508, 151.204, 290
8828, 32.7024, 151.454, 295
8829, 32.8969, 151.704, 300
8830, 33.0913, 151.954, 305
8831, 33.2858, 152.204, 310
8832, 33.4802, 152.454, 315
8833, 33.6747, 152.704, 320
8834, 33.8691, 152.954, 325
8835, 34.0636, 153.204, 330
8836, 34.258, 153.454, 335
8837, 34.4524, 153.704, 340
8838, 34.6469, 153.954, 345
8839, 34.8413, 154.204, 350
8840, 35.0358, 154.454, 355
8841, 35.2302, 154.704, 360
8842, 35.2302, 154.704, 365
8843, 35.2302, 154.704, 370
8844, 35.2302, 154.704, 375
8845, 35.2302, 154.704, 380
8846, 35.2302, 154.704, 385
8847, 35.2302, 154.704, 390
8848, 35.2302, 154.704, 395
8849, 35.2302, 154.704, 400
8850, 35.2302, 154.704, 405
8851, 35.2302, 154.704, 410
8852, 35.2302, 154.704, 415
8853, 30.1973, 154.704, 5
8854, 30.1973, 154.704, 10
8855, 30.1973, 154.704, 15
8856, 30.1973, 154.704, 20
8857, 30.1973, 154.704, 25
8858, 30.1973, 154.704, 30
8859, 30.1973, 154.704, 35
8860, 30.1973, 154.704, 40
8861, 30.1973, 154.704, 45
8862, 30.1973, 154.704, 50
8863, 30.1973, 154.704, 55
8864, 30.1973, 154.704, 60
8865, 30.0307, 154.454, 65
8866, 29.864, 154.204, 70
8867, 29.6973, 153.954, 75
8868, 29.5307, 153.704, 80
8869, 29.364, 153.454, 85
8870, 29.1973, 153.204, 90
8871, 29.0307, 152.954, 95
8872, 28.864, 152.704, 100
8873, 28.6973, 152.454, 105
8874, 28.5307, 152.204, 110
8875, 28.364, 151.954, 115
8876, 28.1973, 151.704, 120
8877, 28.0307, 151.454, 125
8878, 27.864, 151.204, 130
8879, 27.6973, 150.954, 135
8880, 27.5307, 150.704, 140
8881, 27.364, 150.454, 145
8882, 27.1973, 150.204, 150
8883, 27.0307, 149.954, 155
8884, 26.864, 149.704, 160
8885, 26.6973, 149.454, 165
8886, 26.5307, 149.204, 170
8887, 26.364, 148.954, 175
8888, 26.1973, 148.704, 180
8889, 26.0307, 148.454, 185
8890, 26.0307, 148.454, 190
8891, 26.0307, 148.454, 195
8892, 26.0307, 148.454, 200
8893, 26.0307, 148.454, 205
8894, 26.0307, 148.454, 210
8895, 26.0307, 148.454, 215
8896, 26.0307, 148.454, 220
8897, 26.0307, 148.454, 225
8898, 26.0307, 148.454, 230
8899, 26.0307, 148.454, 235
8900, 26.1973, 148.704, 240
8901, 26.364, 148.954, 245
8902, 26.5307, 149.204, 250
8903, 26.6973, 149.454, 255
8904, 26.864, 149.704, 260
8905, 27.0307, 149.954, 265
8906, 27.1973, 150.204, 270
8907, 27.364, 150.454, 275
8908, 27.5307, 150.704, 280
8909, 27.6973, 150.954, 285
8910, 27.864, 151.204, 290
8911, 28.0307, 151.454, 295
8912, 28.1973, 151.704, 300
8913, 28.364, 151.954, 305
8914, 28.5307, 152.204, 310
8915, 28.6973, 152.454, 315
8916, 28.864, 152.704, 320
8917, 29.0307, 152.954, 325
8918, 29.1973, 153.204, 330
8919, 29.364, 153.454, 335
8920, 29.5307, 153.704, 340
8921, 29.6973, 153.954, 345
8922, 29.864, 154.204, 350
8923, 30.0307, 154.454, 355
8924, 30.1973, 154.704, 360
8925, 30.1973, 154.704, 365
8926, 30.1973, 154.704, 370
8927, 30.1973, 154.704, 375
8928, 30.1973, 154.704, 380
8929, 30.1973, 154.704, 385
8930, 30.1973, 154.704, 390
8931, 30.1973, 154.704, 395
8932, 30.1973, 154.704, 400
8933, 30.1973, 154.704, 405
8934, 30.1973, 154.704, 410
8935, 30.1973, 154.704, 415
8936, 25.1644, 154.704, 5
8937, 25.1644, 154.704, 10
8938, 25.1644, 154.704, 15
8939, 25.1644, 154.704, 20
8940, 25.1644, 154.704, 25
8941, 25.1644, 154.704, 30
8942, 25.1644, 154.704, 35
8943, 25.1644, 154.704, 40
8944, 25.1644, 154.704, 45
8945, 25.1644, 154.704, 50
8946, 25.1644, 154.704, 55
8947, 25.1644, 154.704, 60
8948, 25.0256, 154.454, 65
8949, 24.8867, 154.204, 70
8950, 24.7478, 153.954, 75
8951, 24.6089, 153.704, 80
8952, 24.47, 153.454, 85
8953, 24.3311, 153.204, 90
8954, 24.1922, 152.954, 95
8955, 24.0533, 152.704, 100
8956, 23.9144, 152.454, 105
8957, 23.7756, 152.204, 110
8958, 23.6367, 151.954, 115
8959, 23.4978, 151.704, 120
8960, 23.3589, 151.454, 125
8961, 23.22, 151.204, 130
8962, 23.0811, 150.954, 135
8963, 22.9422, 150.704, 140
8964, 22.8033, 150.454, 145
8965, 22.6644, 150.204, 150
8966, 22.5256, 149.954, 155
8967, 22.3867, 149.704, 160
8968, 22.2478, 149.454, 165
8969, 22.1089, 149.204, 170
8970, 21.97, 148.954, 175
8971, 21.8311, 148.704, 180
8972, 21.6922, 148.454, 185
8973, 21.6922, 148.454, 190
8974, 21.6922, 148.454, 195
8975, 21.6922, 148.454, 200
8976, 21.6922, 148.454, 205
8977, 21.6922, 148.454, 210
8978, 21.6922, 148.454, 215
8979, 21.6922, 148.454, 220
8980, 21.6922, 148.454, 225
8981, 21.6922, 148.454, 230
8982, 21.6922, 148.454, 235
8983, 21.8311, 148.704, 240
8984, 21.97, 148.954, 245
8985, 22.1089, 149.204, 250
8986, 22.2478, 149.454, 255
8987, 22.3867, 149.704, 260
8988, 22.5256, 149.954, 265
8989, 22.6644, 150.204, 270
8990, 22.8033, 150.454, 275
8991, 22.9422, 150.704, 280
8992, 23.0811, 150.954, 285
8993, 23.22, 151.204, 290
8994, 23.3589, 151.454, 295
8995, 23.4978, 151.704, 300
8996, 23.6367, 151.954, 305
8997, 23.7756, 152.204, 310
8998, 23.9144, 152.454, 315
8999, 24.0533, 152.704, 320
9000, 24.1922, 152.954, 325
9001, 24.3311, 153.204, 330
9002, 24.47, 153.454, 335
9003, 24.6089, 153.704, 340
9004, 24.7478, 153.954, 345
9005, 24.8867, 154.204, 350
9006, 25.0256, 154.454, 355
9007, 25.1644, 154.704, 360
9008, 25.1644, 154.704, 365
9009, 25.1644, 154.704, 370
9010, 25.1644, 154.704, 375
9011, 25.1644, 154.704, 380
9012, 25.1644, 154.704, 385
9013, 25.1644, 154.704, 390
9014, 25.1644, 154.704, 395
9015, 25.1644, 154.704, 400
9016, 25.1644, 154.704, 405
9017, 25.1644, 154.704, 410
9018, 25.1644, 154.704, 415
9019, 20.1316, 154.704, 5
9020, 20.1316, 154.704, 10
9021, 20.1316, 154.704, 15
9022, 20.1316, 154.704, 20
9023, 20.1316, 154.704, 25
9024, 20.1316, 154.704, 30
9025, 20.1316, 154.704, 35
9026, 20.1316, 154.704, 40
9027, 20.1316, 154.704, 45
9028, 20.1316, 154.704, 50
9029, 20.1316, 154.704, 55
9030, 20.1316, 154.704, 60
9031, 20.0204, 154.454, 65
9032, 19.9093, 154.204, 70
9033, 19.7982, 153.954, 75
9034, 19.6871, 153.704, 80
9035, 19.576, 153.454, 85
9036, 19.4649, 153.204, 90
9037, 19.3538, 152.954, 95
9038, 19.2427, 152.704, 100
9039, 19.1316, 152.454, 105
9040, 19.0204, 152.204, 110
9041, 18.9093, 151.954, 115
9042, 18.7982, 151.704, 120
9043, 18.6871, 151.454, 125
9044, 18.576, 151.204, 130
9045, 18.4649, 150.954, 135
9046, 18.3538, 150.704, 140
9047, 18.2427, 150.454, 145
9048, 18.1316, 150.204, 150
9049, 18.0204, 149.954, 155
9050, 17.9093, 149.704, 160
9051, 17.7982, 149.454, 165
9052, 17.6871, 149.204, 170
9053, 17.576, 148.954, 175
9054, 17.4649, 148.704, 180
9055, 17.3538, 148.454, 185
9056, 17.3538, 148.454, 190
9057, 17.3538, 148.454, 195
9058, 17.3538, 148.454, 200
9059, 17.3538, 148.454, 205
9060, 17.3538, 148.454, 210
9061, 17.3538, 148.454, 215
9062, 17.3538, 148.454, 220
9063, 17.3538, 148.454, 225
9064, 17.3538, 148.454, 230
9065, 17.3538, 148.454, 235
9066, 17.4649, 148.704, 240
9067, 17.576, 148.954, 245
9068, 17.6871, 149.204, 250
9069, 17.7982, 149.454, 255
9070, 17.9093, 149.704, 260
9071, 18.0204, 149.954, 265
9072, 18.1316, 150.204, 270
9073, 18.2427, 150.454, 275
9074, 18.3538, 150.704, 280
9075, 18.4649, 150.954, 285
9076, 18.576, 151.204, 290
9077, 18.6871, 151.454, 295
9078, 18.7982, 151.704, 300
9079, 18.9093, 151.954, 305
9080, 19.0204, 152.204, 310
9081, 19.1316, 152.454, 315
9082, 19.2427, 152.704, 320
9083, 19.3538, 152.954, 325
9084, 19.4649, 153.204, 330
9085, 19.576, 153.454, 335
9086, 19.6871, 153.704, 340
9087, 19.7982, 153.954, 345
9088, 19.9093, 154.204, 350
9089, 20.0204, 154.454, 355
9090, 20.1316, 154.704, 360
9091, 20.1316, 154.704, 365
9092, 20.1316, 154.704, 370
9093, 20.1316, 154.704, 375
9094, 20.1316, 154.704, 380
9095, 20.1316, 154.704, 385
9096, 20.1316, 154.704, 390
9097, 20.1316, 154.704, 395
9098, 20.1316, 154.704, 400
9099, 20.1316, 154.704, 405
9100, 20.1316, 154.704, 410
9101, 20.1316, 154.704, 415
9102, 15.0987, 154.704, 5
9103, 15.0987, 154.704, 10
9104, 15.0987, 154.704, 15
9105, 15.0987, 154.704, 20
9106, 15.0987, 154.704, 25
9107, 15.0987, 154.704, 30
9108, 15.0987, 154.704, 35
9109, 15.0987, 154.704, 40
9110, 15.0987, 154.704, 45
9111, 15.0987, 154.704, 50
9112, 15.0987, 154.704, 55
9113, 15.0987, 154.704, 60
9114, 15.0153, 154.454, 65
9115, 14.932, 154.204, 70
9116, 14.8487, 153.954, 75
9117, 14.7653, 153.704, 80
9118, 14.682, 153.454, 85
9119, 14.5987, 153.204, 90
9120, 14.5153, 152.954, 95
9121, 14.432, 152.704, 100
9122, 14.3487, 152.454, 105
9123, 14.2653, 152.204, 110
9124, 14.182, 151.954, 115
9125, 14.0987, 151.704, 120
9126, 14.0153, 151.454, 125
9127, 13.932, 151.204, 130
9128, 13.8487, 150.954, 135
9129, 13.7653, 150.704, 140
9130, 13.682, 150.454, 145
9131, 13.5987, 150.204, 150
9132, 13.5153, 149.954, 155
9133, 13.432, 149.704, 160
9134, 13.3487, 149.454, 165
9135, 13.2653, 149.204, 170
9136, 13.182, 148.954, 175
9137, 13.0987, 148.704, 180
9138, 13.0153, 148.454, 185
9139, 13.0153, 148.454, 190
9140, 13.0153, 148.454, 195
9141, 13.0153, 148.454, 200
9142, 13.0153, 148.454, 205
9143, 13.0153, 148.454, 210
9144, 13.0153, 148.454, 215
9145, 13.0153, 148.454, 220
9146, 13.0153, 148.454, 225
9147, 13.0153, 148.454, 230
9148, 13.0153, 148.454, 235
9149, 13.0987, 148.704, 240
9150, 13.182, 148.954, 245
9151, 13.2653, 149.204, 250
9152, 13.3487, 149.454, 255
9153, 13.432, 149.704, 260
9154, 13.5153, 149.954, 265
9155, 13.5987, 150.204, 270
9156, 13.682, 150.454, 275
9157, 13.7653, 150.704, 280
9158, 13.8487, 150.954, 285
9159, 13.932, 151.204, 290
9160, 14.0153, 151.454, 295
9161, 14.0987, 151.704, 300
9162, 14.182, 151.954, 305
9163, 14.2653, 152.204, 310
9164, 14.3487, 152.454, 315
9165, 14.432, 152.704, 320
9166, 14.5153, 152.954, 325
9167, 14.5987, 153.204, 330
9168, 14.682, 153.454, 335
9169, 14.7653, 153.704, 340
9170, 14.8487, 153.954, 345
9171, 14.932, 154.204, 350
9172, 15.0153, 154.454, 355
9173, 15.0987, 154.704, 360
9174, 15.0987, 154.704, 365
9175, 15.0987, 154.704, 370
9176, 15.0987, 154.704, 375
9177, 15.0987, 154.704, 380
9178, 15.0987, 154.704, 385
9179, 15.0987, 154.704, 390
9180, 15.0987, 154.704, 395
9181, 15.0987, 154.704, 400
9182, 15.0987, 154.704, 405
9183, 15.0987, 154.704, 410
9184, 15.0987, 154.704, 415
9185, 10.0658, 154.704, 5
9186, 10.0658, 154.704, 10
9187, 10.0658, 154.704, 15
9188, 10.0658, 154.704, 20
9189, 10.0658, 154.704, 25
9190, 10.0658, 154.704, 30
9191, 10.0658, 154.704, 35
9192, 10.0658, 154.704, 40
9193, 10.0658, 154.704, 45
9194, 10.0658, 154.704, 50
9195, 10.0658, 154.704, 55
9196, 10.0658, 154.704, 60
9197, 10.0102, 154.454, 65
9198, 9.95467, 154.204, 70
9199, 9.89911, 153.954, 75
9200, 9.84356, 153.704, 80
9201, 9.788, 153.454, 85
9202, 9.73244, 153.204, 90
9203, 9.67689, 152.954, 95
9204, 9.62133, 152.704, 100
9205, 9.56578, 152.454, 105
9206, 9.51022, 152.204, 110
9207, 9.45467, 151.954, 115
9208, 9.39911, 151.704, 120
9209, 9.34356, 151.454, 125
9210, 9.288, 151.204, 130
9211, 9.23244, 150.954, 135
9212, 9.17689, 150.704, 140
9213, 9.12133, 150.454, 145
9214, 9.06578, 150.204, 150
9215, 9.01022, 149.954, 155
9216, 8.95467, 149.704, 160
9217, 8.89911, 149.454, 165
9218, 8.84356, 149.204, 170
9219, 8.788, 148.954, 175
9220, 8.73244, 148.704, 180
9221, 8.67689, 148.454, 185
9222, 8.67689, 148.454, 190
9223, 8.67689, 148.454, 195
9224, 8.67689, 148.454, 200
9225, 8.67689, 148.454, 205
9226, 8.67689, 148.454, 210
9227, 8.67689, 148.454, 215
9228, 8.67689, 148.454, 220
9229, 8.67689, 148.454, 225
9230, 8.67689, 148.454, 230
9231, 8.67689, 148.454, 235
9232, 8.73244, 148.704, 240
9233, 8.788, 148.954, 245
9234, 8.84356, 149.204, 250
9235, 8.89911, 149.454, 255
9236, 8.95467, 149.704, 260
9237, 9.01022, 149.954, 265
9238, 9.06578, 150.204, 270
9239, 9.12133, 150.454, 275
9240, 9.17689, 150.704, 280
9241, 9.23244, 150.954, 285
9242, 9.288, 151.204, 290
9243, 9.34356, 151.454, 295
9244, 9.39911, 151.704, 300
9245, 9.45467, 151.954, 305
9246, 9.51022, 152.204, 310
9247, 9.56578, 152.454, 315
9248, 9.62133, 152.704, 320
9249, 9.67689, 152.954, 325
9250, 9.73244, 153.204, 330
9251, 9.788, 153.454, 335
9252, 9.84356, 153.704, 340
9253, 9.89911, 153.954, 345
9254, 9.95467, 154.204, 350
9255, 10.0102, 154.454, 355
9256, 10.0658, 154.704, 360
9257, 10.0658, 154.704, 365
9258, 10.0658, 154.704, 370
9259, 10.0658, 154.704, 375
9260, 10.0658, 154.704, 380
9261, 10.0658, 154.704, 385
9262, 10.0658, 154.704, 390
9263, 10.0658, 154.704, 395
9264, 10.0658, 154.704, 400
9265, 10.0658, 154.704, 405
9266, 10.0658, 154.704, 410
9267, 10.0658, 154.704, 415
9268, 5.03289, 154.704, 5
9269, 5.03289, 154.704, 10
9270, 5.03289, 154.704, 15
9271, 5.03289, 154.704, 20
9272, 5.03289, 154.704, 25
9273, 5.03289, 154.704, 30
9274, 5.03289, 154.704, 35
9275, 5.03289, 154.704, 40
9276, 5.03289, 154.704, 45
9277, 5.03289, 154.704, 50
9278, 5.03289, 154.704, 55
9279, 5.03289, 154.704, 60
9280, 5.00511, 154.454, 65
9281, 4.97733, 154.204, 70
9282, 4.94956, 153.954, 75
9283, 4.92178, 153.704, 80
9284, 4.894, 153.454, 85
9285, 4.86622, 153.204, 90
9286, 4.83844, 152.954, 95
9287, 4.81067, 152.704, 100
9288, 4.78289, 152.454, 105
9289, 4.75511, 152.204, 110
9290, 4.72733, 151.954, 115
9291, 4.69956, 151.704, 120
9292, 4.67178, 151.454, 125
9293, 4.644, 151.204, 130
9294, 4.61622, 150.954, 135
9295, 4.58844, 150.704, 140
9296, 4.56067, 150.454, 145
9297, 4.53289, 150.204, 150
9298, 4.50511, 149.954, 155
9299, 4.47733, 149.704, 160
9300, 4.44956, 149.454, 165
9301, 4.42178, 149.204, 170
9302, 4.394, 148.954, 175
9303, 4.36622, 148.704, 180
9304, 4.33844, 148.454, 185
9305, 4.33844, 148.454, 190
9306, 4.33844, 148.454, 195
9307, 4.33844, 148.454, 200
9308, 4.33844, 148.454, 205
9309, 4.33844, 148.454, 210
9310, 4.33844, 148.454, 215
9311, 4.33844, 148.454, 220
9312, 4.33844, 148.454, 225
9313, 4.33844, 148.454, 230
9314, 4.33844, 148.454, 235
9315, 4.36622, 148.704, 240
9316, 4.394, 148.954, 245
9317, 4.42178, 149.204, 250
9318, 4.44956, 149.454, 255
9319, 4.47733, 149.704, 260
9320, 4.50511, 149.954, 265
9321, 4.53289, 150.204, 270
9322, 4.56067, 150.454, 275
9323, 4.58844, 150.704, 280
9324, 4.61622, 150.954, 285
9325, 4.644, 151.204, 290
9326, 4.67178, 151.454, 295
9327, 4.69956, 151.704, 300
9328, 4.72733, 151.954, 305
9329, 4.75511, 152.204, 310
9330, 4.78289, 152.454, 315
9331, 4.81067, 152.704, 320
9332, 4.83844, 152.954, 325
9333, 4.86622, 153.204, 330
9334, 4.894, 153.454, 335
9335, 4.92178, 153.704, 340
9336, 4.94956, 153.954, 345
9337, 4.97733, 154.204, 350
9338, 5.00511, 154.454, 355
9339, 5.03289, 154.704, 360
9340, 5.03289, 154.704, 365
9341, 5.03289, 154.704, 370
9342, 5.03289, 154.704, 375
9343, 5.03289, 154.704, 380
9344, 5.03289, 154.704, 385
9345, 5.03289, 154.704, 390
9346, 5.03289, 154.704, 395
9347, 5.03289, 154.704, 400
9348, 5.03289, 154.704, 405
9349, 5.03289, 154.704, 410
9350, 5.03289, 154.704, 415