1, 1, 25, 1217, 139, 7, 74, 1881, 388
2, 139, 1217, 1218, 140, 388, 1881, 1882, 389
3, 140, 1218, 1219, 141, 389, 1882, 1883, 390
4, 141, 1219, 1220, 142, 390, 1883, 1884, 391
5, 142, 1220, 1221, 143, 391, 1884, 1885, 392
6, 143, 1221, 1222, 144, 392, 1885, 1886, 393
7, 144, 1222, 1223, 145, 393, 1886, 1887, 394
8, 145, 1223, 1224, 146, 394, 1887, 1888, 395
9, 146, 1224, 1225, 147, 395, 1888, 1889, 396
10, 147, 1225, 1226, 148, 396, 1889, 1890, 397
11, 148, 1226, 1227, 149, 397, 1890, 1891, 398
12, 149, 1227, 1228, 150, 398, 1891, 1892, 399
13, 150, 1228, 1229, 151, 399, 1892, 1893, 400
14, 151, 1229, 1230, 152, 400, 1893, 1894, 401
15, 152, 1230, 1231, 153, 401, 1894, 1895, 402
16, 153, 1231, 1232, 154, 402, 1895, 1896, 403
17, 154, 1232, 1233, 155, 403, 1896, 1897, 404
18, 155, 1233, 1234, 156, 404, 1897, 1898, 405
19, 156, 1234, 1235, 157, 405, 1898, 1899, 406
20, 157, 1235, 1236, 158, 406, 1899, 1900, 407
21, 158, 1236, 1237, 159, 407, 1900, 1901, 408
22, 159, 1237, 1238, 160, 408, 1901, 1902, 409
23, 160, 1238, 1239, 161, 409, 1902, 1903, 410
24, 161, 1239, 1240, 162, 410, 1903, 1904, 411
25, 162, 1240, 1241, 163, 411, 1904, 1905, 412
26, 163, 1241, 1242, 164, 412, 1905, 1906, 413
27, 164, 1242, 1243, 165, 413, 1906, 1907, 414
28, 165, 1243, 1244, 166, 414, 1907, 1908, 415
29, 166, 1244, 1245, 167, 415, 1908, 1909, 416
30, 167, 1245, 1246, 168, 416, 1909, 1910, 417
31, 168, 1246, 1247, 169, 417, 1910, 1911, 418
32, 169, 1247, 1248, 170, 418, 1911, 1912, 419
33, 170, 1248, 1249, 171, 419, 1912, 1913, 420
34, 171, 1249, 1250, 172, 420, 1913, 1914, 421
35, 172, 1250, 1251, 173, 421, 1914, 1915, 422
36, 173, 1251, 1252, 174, 422, 1915, 1916, 423
37, 174, 1252, 1253, 175, 423, 1916, 1917, 424
38, 175, 1253, 1254, 176, 424, 1917, 1918, 425
39, 176, 1254, 1255, 177, 425, 1918, 1919, 426
40, 177, 1255, 1256, 178, 426, 1919, 1920, 427
41, 178, 1256, 1257, 179, 427, 1920, 1921, 428
42, 179, 1257, 1258, 180, 428, 1921, 1922, 429
43, 180, 1258, 1259, 181, 429, 1922, 1923, 430
44, 181, 1259, 1260, 182, 430, 1923, 1924, 431
45, 182, 1260, 1261, 183, 431, 1924, 1925, 432
46, 183, 1261, 1262, 184, 432, 1925, 1926, 433
47, 184, 1262, 1263, 185, 433, 1926, 1927, 434
48, 185, 1263, 1264, 186, 434, 1927, 1928, 435
49, 186, 1264, 1265, 187, 435, 1928, 1929, 436
50, 187, 1265, 1266, 188, 436, 1929, 1930, 437
51, 188, 1266, 1267, 189, 437, 1930, 1931, 438
52, 189, 1267, 1268, 190, 438, 1931, 1932, 439
53, 190, 1268, 1269, 191, 439, 1932, 1933, 440
54, 191, 1269, 1270, 192, 440, 1933, 1934, 441
55, 192, 1270, 1271, 193, 441, 1934, 1935, 442
56, 193, 1271, 1272, 194, 442, 1935, 1936, 443
57, 194, 1272, 1273, 195, 443, 1936, 1937, 444
58, 195, 1273, 1274, 196, 444, 1937, 1938, 445
59, 196, 1274, 1275, 197, 445, 1938, 1939, 446
60, 197, 1275, 1276, 198, 446, 1939, 1940, 447
61, 198, 1276, 1277, 199, 447, 1940, 1941, 448
62, 199, 1277, 1278, 200, 448, 1941, 1942, 449
63, 200, 1278, 1279, 201, 449, 1942, 1943, 450
64, 201, 1279, 1280, 202, 450, 1943, 1944, 451
65, 202, 1280, 1281, 203, 451, 1944, 1945, 452
66, 203, 1281, 1282, 204, 452, 1945, 1946, 453
67, 204, 1282, 1283, 205, 453, 1946, 1947, 454
68, 205, 1283, 1284, 206, 454, 1947, 1948, 455
69, 206, 1284, 1285, 207, 455, 1948, 1949, 456
70, 207, 1285, 1286, 208, 456, 1949, 1950, 457
71, 208, 1286, 1287, 209, 457, 1950, 1951, 458
72, 209, 1287, 1288, 210, 458, 1951, 1952, 459
73, 210, 1288, 1289, 211, 459, 1952, 1953, 460
74, 211, 1289, 1290, 212, 460, 1953, 1954, 461
75, 212, 1290, 1291, 213, 461, 1954, 1955, 462
76, 213, 1291, 1292, 214, 462, 1955, 1956, 463
77, 214, 1292, 1293, 215, 463, 1956, 1957, 464
78, 215, 1293, 1294, 216, 464, 1957, 1958, 465
79, 216, 1294, 1295, 217, 465, 1958, 1959, 466
80, 217, 1295, 1296, 218, 466, 1959, 1960, 467
81, 218, 1296, 1297, 219, 467, 1960, 1961, 468
82, 219, 1297, 1298, 220, 468, 1961, 1962, 469
83, 220, 1298, 1299, 221, 469, 1962, 1963, 470
84, 221, 1299, 123, 13, 470, 1963, 138, 16
85, 25, 26, 1300, 1217, 74, 75, 1964, 1881
86, 1217, 1300, 1301, 1218, 1881, 1964, 1965, 1882
87, 1218, 1301, 1302, 1219, 1882, 1965, 1966, 1883
88, 1219, 1302, 1303, 1220, 1883, 1966, 1967, 1884
89, 1220, 1303, 1304, 1221, 1884, 1967, 1968, 1885
90, 1221, 1304, 1305, 1222, 1885, 1968, 1969, 1886
91, 1222, 1305, 1306, 1223, 1886, 1969, 1970, 1887
92, 1223, 1306, 1307, 1224, 1887, 1970, 1971, 1888
93, 1224, 1307, 1308, 1225, 1888, 1971, 1972, 1889
94, 1225, 1308, 1309, 1226, 1889, 1972, 1973, 1890
95, 1226, 1309, 1310, 1227, 1890, 1973, 1974, 1891
96, 1227, 1310, 1311, 1228, 1891, 1974, 1975, 1892
97, 1228, 1311, 1312, 1229, 1892, 1975, 1976, 1893
98, 1229, 1312, 1313, 1230, 1893, 1976, 1977, 1894
99, 1230, 1313, 1314, 1231, 1894, 1977, 1978, 1895
100, 1231, 1314, 1315, 1232, 1895, 1978, 1979, 1896
101, 1232, 1315, 1316, 1233, 1896, 1979, 1980, 1897
102, 1233, 1316, 1317, 1234, 1897, 1980, 1981, 1898
103, 1234, 1317, 1318, 1235, 1898, 1981, 1982, 1899
104, 1235, 1318, 1319, 1236, 1899, 1982, 1983, 1900
105, 1236, 1319, 1320, 1237, 1900, 1983, 1984, 1901
106, 1237, 1320, 1321, 1238, 1901, 1984, 1985, 1902
107, 1238, 1321, 1322, 1239, 1902, 1985, 1986, 1903
108, 1239, 1322, 1323, 1240, 1903, 1986, 1987, 1904
109, 1240, 1323, 1324, 1241, 1904, 1987, 1988, 1905
110, 1241, 1324, 1325, 1242, 1905, 1988, 1989, 1906
111, 1242, 1325, 1326, 1243, 1906, 1989, 1990, 1907
112, 1243, 1326, 1327, 1244, 1907, 1990, 1991, 1908
113, 1244, 1327, 1328, 1245, 1908, 1991, 1992, 1909
114, 1245, 1328, 1329, 1246, 1909, 1992, 1993, 1910
115, 1246, 1329, 1330, 1247, 1910, 1993, 1994, 1911
116, 1247, 1330, 1331, 1248, 1911, 1994, 1995, 1912
117, 1248, 1331, 1332, 1249, 1912, 1995, 1996, 1913
118, 1249, 1332, 1333, 1250, 1913, 1996, 1997, 1914
119, 1250, 1333, 1334, 1251, 1914, 1997, 1998, 1915
120, 1251, 1334, 1335, 1252, 1915, 1998, 1999, 1916
121, 1252, 1335, 1336, 1253, 1916, 1999, 2000, 1917
122, 1253, 1336, 1337, 1254, 1917, 2000, 2001, 1918
123, 1254, 1337, 1338, 1255, 1918, 2001, 2002, 1919
124, 1255, 1338, 1339, 1256, 1919, 2002, 2003, 1920
125, 1256, 1339, 1340, 1257, 1920, 2003, 2004, 1921
126, 1257, 1340, 1341, 1258, 1921, 2004, 2005, 1922
127, 1258, 1341, 1342, 1259, 1922, 2005, 2006, 1923
128, 1259, 1342, 1343, 1260, 1923, 2006, 2007, 1924
129, 1260, 1343, 1344, 1261, 1924, 2007, 2008, 1925
130, 1261, 1344, 1345, 1262, 1925, 2008, 2009, 1926
131, 1262, 1345, 1346, 1263, 1926, 2009, 2010, 1927
132, 1263, 1346, 1347, 1264, 1927, 2010, 2011, 1928
133, 1264, 1347, 1348, 1265, 1928, 2011, 2012, 1929
134, 1265, 1348, 1349, 1266, 1929, 2012, 2013, 1930
135, 1266, 1349, 1350, 1267, 1930, 2013, 2014, 1931
136, 1267, 1350, 1351, 1268, 1931, 2014, 2015, 1932
137, 1268, 1351, 1352, 1269, 1932, 2015, 2016, 1933
138, 1269, 1352, 1353, 1270, 1933, 2016, 2017, 1934
139, 1270, 1353, 1354, 1271, 1934, 2017, 2018, 1935
140, 1271, 1354, 1355, 1272, 1935, 2018, 2019, 1936
141, 1272, 1355, 1356, 1273, 1936, 2019, 2020, 1937
142, 1273, 1356, 1357, 1274, 1937, 2020, 2021, 1938
143, 1274, 1357, 1358, 1275, 1938, 2021, 2022, 1939
144, 1275, 1358, 1359, 1276, 1939, 2022, 2023, 1940
145, 1276, 1359, 1360, 1277, 1940, 2023, 2024, 1941
146, 1277, 1360, 1361, 1278, 1941, 2024, 2025, 1942
147, 1278, 1361, 1362, 1279, 1942, 2025, 2026, 1943
148, 1279, 1362, 1363, 1280, 1943, 2026, 2027, 1944
149, 1280, 1363, 1364, 1281, 1944, 2027, 2028, 1945
150, 1281, 1364, 1365, 1282, 1945, 2028, 2029, 1946
151, 1282, 1365, 1366, 1283, 1946, 2029, 2030, 1947
152, 1283, 1366, 1367, 1284, 1947, 2030, 2031, 1948
153, 1284, 1367, 1368, 1285, 1948, 2031, 2032, 1949
154, 1285, 1368, 1369, 1286, 1949, 2032, 2033, 1950
155, 1286, 1369, 1370, 1287, 1950, 2033, 2034, 1951
156, 1287, 1370, 1371, 1288, 1951, 2034, 2035, 1952
157, 1288, 1371, 1372, 1289, 1952, 2035, 2036, 1953
158, 1289, 1372, 1373, 1290, 1953, 2036, 2037, 1954
159, 1290, 1373, 1374, 1291, 1954, 2037, 2038, 1955
160, 1291, 1374, 1375, 1292, 1955, 2038, 2039, 1956
161, 1292, 1375, 1376, 1293, 1956, 2039, 2040, 1957
162, 1293, 1376, 1377, 1294, 1957, 2040, 2041, 1958
163, 1294, 1377, 1378, 1295, 1958, 2041, 2042, 1959
164, 1295, 1378, 1379, 1296, 1959, 2042, 2043, 1960
165, 1296, 1379, 1380, 1297, 1960, 2043, 2044, 1961
166, 1297, 1380, 1381, 1298, 1961, 2044, 2045, 1962
167, 1298, 1381, 1382, 1299, 1962, 2045, 2046, 1963
168, 1299, 1382, 124, 123, 1963, 2046, 137, 138
169, 26, 27, 1383, 1300, 75, 76, 2047, 1964
170, 1300, 1383, 1384, 1301, 1964, 2047, 2048, 1965
171, 1301, 1384, 1385, 1302, 1965, 2048, 2049, 1966
172, 1302, 1385, 1386, 1303, 1966, 2049, 2050, 1967
173, 1303, 1386, 1387, 1304, 1967, 2050, 2051, 1968
174, 1304, 1387, 1388, 1305, 1968, 2051, 2052, 1969
175, 1305, 1388, 1389, 1306, 1969, 2052, 2053, 1970
176, 1306, 1389, 1390, 1307, 1970, 2053, 2054, 1971
177, 1307, 1390, 1391, 1308, 1971, 2054, 2055, 1972
178, 1308, 1391, 1392, 1309, 1972, 2055, 2056, 1973
179, 1309, 1392, 1393, 1310, 1973, 2056, 2057, 1974
180, 1310, 1393, 1394, 1311, 1974, 2057, 2058, 1975
181, 1311, 1394, 1395, 1312, 1975, 2058, 2059, 1976
182, 1312, 1395, 1396, 1313, 1976, 2059, 2060, 1977
183, 1313, 1396, 1397, 1314, 1977, 2060, 2061, 1978
184, 1314, 1397, 1398, 1315, 1978, 2061, 2062, 1979
185, 1315, 1398, 1399, 1316, 1979, 2062, 2063, 1980
186, 1316, 1399, 1400, 1317, 1980, 2063, 2064, 1981
187, 1317, 1400, 1401, 1318, 1981, 2064, 2065, 1982
188, 1318, 1401, 1402, 1319, 1982, 2065, 2066, 1983
189, 1319, 1402, 1403, 1320, 1983, 2066, 2067, 1984
190, 1320, 1403, 1404, 1321, 1984, 2067, 2068, 1985
191, 1321, 1404, 1405, 1322, 1985, 2068, 2069, 1986
192, 1322, 1405, 1406, 1323, 1986, 2069, 2070, 1987
193, 1323, 1406, 1407, 1324, 1987, 2070, 2071, 1988
194, 1324, 1407, 1408, 1325, 1988, 2071, 2072, 1989
195, 1325, 1408, 1409, 1326, 1989, 2072, 2073, 1990
196, 1326, 1409, 1410, 1327, 1990, 2073, 2074, 1991
197, 1327, 1410, 1411, 1328, 1991, 2074, 2075, 1992
198, 1328, 1411, 1412, 1329, 1992, 2075, 2076, 1993
199, 1329, 1412, 1413, 1330, 1993, 2076, 2077, 1994
200, 1330, 1413, 1414, 1331, 1994, 2077, 2078, 1995
201, 1331, 1414, 1415, 1332, 1995, 2078, 2079, 1996
202, 1332, 1415, 1416, 1333, 1996, 2079, 2080, 1997
203, 1333, 1416, 1417, 1334, 1997, 2080, 2081, 1998
204, 1334, 1417, 1418, 1335, 1998, 2081, 2082, 1999
205, 1335, 1418, 1419, 1336, 1999, 2082, 2083, 2000
206, 1336, 1419, 1420, 1337, 2000, 2083, 2084, 2001
207, 1337, 1420, 1421, 1338, 2001, 2084, 2085, 2002
208, 1338, 1421, 1422, 1339, 2002, 2085, 2086, 2003
209, 1339, 1422, 1423, 1340, 2003, 2086, 2087, 2004
210, 1340, 1423, 1424, 1341, 2004, 2087, 2088, 2005
211, 1341, 1424, 1425, 1342, 2005, 2088, 2089, 2006
212, 1342, 1425, 1426, 1343, 2006, 2089, 2090, 2007
213, 1343, 1426, 1427, 1344, 2007, 2090, 2091, 2008
214, 1344, 1427, 1428, 1345, 2008, 2091, 2092, 2009
215, 1345, 1428, 1429, 1346, 2009, 2092, 2093, 2010
216, 1346, 1429, 1430, 1347, 2010, 2093, 2094, 2011
217, 1347, 1430, 1431, 1348, 2011, 2094, 2095, 2012
218, 1348, 1431, 1432, 1349, 2012, 2095, 2096, 2013
219, 1349, 1432, 1433, 1350, 2013, 2096, 2097, 2014
220, 1350, 1433, 1434, 1351, 2014, 2097, 2098, 2015
221, 1351, 1434, 1435, 1352, 2015, 2098, 2099, 2016
222, 1352, 1435, 1436, 1353, 2016, 2099, 2100, 2017
223, 1353, 1436, 1437, 1354, 2017, 2100, 2101, 2018
224, 1354, 1437, 1438, 1355, 2018, 2101, 2102, 2019
225, 1355, 1438, 1439, 1356, 2019, 2102, 2103, 2020
226, 1356, 1439, 1440, 1357, 2020, 2103, 2104, 2021
227, 1357, 1440, 1441, 1358, 2021, 2104, 2105, 2022
228, 1358, 1441, 1442, 1359, 2022, 2105, 2106, 2023
229, 1359, 1442, 1443, 1360, 2023, 2106, 2107, 2024
230, 1360, 1443, 1444, 1361, 2024, 2107, 2108, 2025
231, 1361, 1444, 1445, 1362, 2025, 2108, 2109, 2026
232, 1362, 1445, 1446, 1363, 2026, 2109, 2110, 2027
233, 1363, 1446, 1447, 1364, 2027, 2110, 2111, 2028
234, 1364, 1447, 1448, 1365, 2028, 2111, 2112, 2029
235, 1365, 1448, 1449, 1366, 2029, 2112, 2113, 2030
236, 1366, 1449, 1450, 1367, 2030, 2113, 2114, 2031
237, 1367, 1450, 1451, 1368, 2031, 2114, 2115, 2032
238, 1368, 1451, 1452, 1369, 2032, 2115, 2116, 2033
239, 1369, 1452, 1453, 1370, 2033, 2116, 2117, 2034
240, 1370, 1453, 1454, 1371, 2034, 2117, 2118, 2035
241, 1371, 1454, 1455, 1372, 2035, 2118, 2119, 2036
242, 1372, 1455, 1456, 1373, 2036, 2119, 2120, 2037
243, 1373, 1456, 1457, 1374, 2037, 2120, 2121, 2038
244, 1374, 1457, 1458, 1375, 2038, 2121, 2122, 2039
245, 1375, 1458, 1459, 1376, 2039, 2122, 2123, 2040
246, 1376, 1459, 1460, 1377, 2040, 2123, 2124, 2041
247, 1377, 1460, 1461, 1378, 2041, 2124, 2125, 2042
248, 1378, 1461, 1462, 1379, 2042, 2125, 2126, 2043
249, 1379, 1462, 1463, 1380, 2043, 2126, 2127, 2044
250, 1380, 1463, 1464, 1381, 2044, 2127, 2128, 2045
251, 1381, 1464, 1465, 1382, 2045, 2128, 2129, 2046
252, 1382, 1465, 125, 124, 2046, 2129, 136, 137
253, 27, 28, 1466, 1383, 76, 77, 2130, 2047
254, 1383, 1466, 1467, 1384, 2047, 2130, 2131, 2048
255, 1384, 1467, 1468, 1385, 2048, 2131, 2132, 2049
256, 1385, 1468, 1469, 1386, 2049, 2132, 2133, 2050
257, 1386, 1469, 1470, 1387, 2050, 2133, 2134, 2051
258, 1387, 1470, 1471, 1388, 2051, 2134, 2135, 2052
259, 1388, 1471, 1472, 1389, 2052, 2135, 2136, 2053
260, 1389, 1472, 1473, 1390, 2053, 2136, 2137, 2054
261, 1390, 1473, 1474, 1391, 2054, 2137, 2138, 2055
262, 1391, 1474, 1475, 1392, 2055, 2138, 2139, 2056
263, 1392, 1475, 1476, 1393, 2056, 2139, 2140, 2057
264, 1393, 1476, 1477, 1394, 2057, 2140, 2141, 2058
265, 1394, 1477, 1478, 1395, 2058, 2141, 2142, 2059
266, 1395, 1478, 1479, 1396, 2059, 2142, 2143, 2060
267, 1396, 1479, 1480, 1397, 2060, 2143, 2144, 2061
268, 1397, 1480, 1481, 1398, 2061, 2144, 2145, 2062
269, 1398, 1481, 1482, 1399, 2062, 2145, 2146, 2063
270, 1399, 1482, 1483, 1400, 2063, 2146, 2147, 2064
271, 1400, 1483, 1484, 1401, 2064, 2147, 2148, 2065
272, 1401, 1484, 1485, 1402, 2065, 2148, 2149, 2066
273, 1402, 1485, 1486, 1403, 2066, 2149, 2150, 2067
274, 1403, 1486, 1487, 1404, 2067, 2150, 2151, 2068
275, 1404, 1487, 1488, 1405, 2068, 2151, 2152, 2069
276, 1405, 1488, 1489, 1406, 2069, 2152, 2153, 2070
277, 1406, 1489, 1490, 1407, 2070, 2153, 2154, 2071
278, 1407, 1490, 1491, 1408, 2071, 2154, 2155, 2072
279, 1408, 1491, 1492, 1409, 2072, 2155, 2156, 2073
280, 1409, 1492, 1493, 1410, 2073, 2156, 2157, 2074
281, 1410, 1493, 1494, 1411, 2074, 2157, 2158, 2075
282, 1411, 1494, 1495, 1412, 2075, 2158, 2159, 2076
283, 1412, 1495, 1496, 1413, 2076, 2159, 2160, 2077
284, 1413, 1496, 1497, 1414, 2077, 2160, 2161, 2078
285, 1414, 1497, 1498, 1415, 2078, 2161, 2162, 2079
286, 1415, 1498, 1499, 1416, 2079, 2162, 2163, 2080
287, 1416, 1499, 1500, 1417, 2080, 2163, 2164, 2081
288, 1417, 1500, 1501, 1418, 2081, 2164, 2165, 2082
289, 1418, 1501, 1502, 1419, 2082, 2165, 2166, 2083
290, 1419, 1502, 1503, 1420, 2083, 2166, 2167, 2084
291, 1420, 1503, 1504, 1421, 2084, 2167, 2168, 2085
292, 1421, 1504, 1505, 1422, 2085, 2168, 2169, 2086
293, 1422, 1505, 1506, 1423, 2086, 2169, 2170, 2087
294, 1423, 1506, 1507, 1424, 2087, 2170, 2171, 2088
295, 1424, 1507, 1508, 1425, 2088, 2171, 2172, 2089
296, 1425, 1508, 1509, 1426, 2089, 2172, 2173, 2090
297, 1426, 1509, 1510, 1427, 2090, 2173, 2174, 2091
298, 1427, 1510, 1511, 1428, 2091, 2174, 2175, 2092
299, 1428, 1511, 1512, 1429, 2092, 2175, 2176, 2093
300, 1429, 1512, 1513, 1430, 2093, 2176, 2177, 2094
301, 1430, 1513, 1514, 1431, 2094, 2177, 2178, 2095
302, 1431, 1514, 1515, 1432, 2095, 2178, 2179, 2096
303, 1432, 1515, 1516, 1433, 2096, 2179, 2180, 2097
304, 1433, 1516, 1517, 1434, 2097, 2180, 2181, 2098
305, 1434, 1517, 1518, 1435, 2098, 2181, 2182, 2099
306, 1435, 1518, 1519, 1436, 2099, 2182, 2183, 2100
307, 1436, 1519, 1520, 1437, 2100, 2183, 2184, 2101
308, 1437, 1520, 1521, 1438, 2101, 2184, 2185, 2102
309, 1438, 1521, 1522, 1439, 2102, 2185, 2186, 2103
310, 1439, 1522, 1523, 1440, 2103, 2186, 2187, 2104
311, 1440, 1523, 1524, 1441, 2104, 2187, 2188, 2105
312, 1441, 1524, 1525, 1442, 2105, 2188, 2189, 2106
313, 1442, 1525, 1526, 1443, 2106, 2189, 2190, 2107
314, 1443, 1526, 1527, 1444, 2107, 2190, 2191, 2108
315, 1444, 1527, 1528, 1445, 2108, 2191, 2192, 2109
316, 1445, 1528, 1529, 1446, 2109, 2192, 2193, 2110
317, 1446, 1529, 1530, 1447, 2110, 2193, 2194, 2111
318, 1447, 1530, 1531, 1448, 2111, 2194, 2195, 2112
319, 1448, 1531, 1532, 1449, 2112, 2195, 2196, 2113
320, 1449, 1532, 1533, 1450, 2113, 2196, 2197, 2114
321, 1450, 1533, 1534, 1451, 2114, 2197, 2198, 2115
322, 1451, 1534, 1535, 1452, 2115, 2198, 2199, 2116
323, 1452, 1535, 1536, 1453, 2116, 2199, 2200, 2117
324, 1453, 1536, 1537, 1454, 2117, 2200, 2201, 2118
325, 1454, 1537, 1538, 1455, 2118, 2201, 2202, 2119
326, 1455, 1538, 1539, 1456, 2119, 2202, 2203, 2120
327, 1456, 1539, 1540, 1457, 2120, 2203, 2204, 2121
328, 1457, 1540, 1541, 1458, 2121, 2204, 2205, 2122
329, 1458, 1541, 1542, 1459, 2122, 2205, 2206, 2123
330, 1459, 1542, 1543, 1460, 2123, 2206, 2207, 2124
331, 1460, 1543, 1544, 1461, 2124, 2207, 2208, 2125
332, 1461, 1544, 1545, 1462, 2125, 2208, 2209, 2126
333, 1462, 1545, 1546, 1463, 2126, 2209, 2210, 2127
334, 1463, 1546, 1547, 1464, 2127, 2210, 2211, 2128
335, 1464, 1547, 1548, 1465, 2128, 2211, 2212, 2129
336, 1465, 1548, 126, 125, 2129, 2212, 135, 136
337, 28, 29, 1549, 1466, 77, 78, 2213, 2130
338, 1466, 1549, 1550, 1467, 2130, 2213, 2214, 2131
339, 1467, 1550, 1551, 1468, 2131, 2214, 2215, 2132
340, 1468, 1551, 1552, 1469, 2132, 2215, 2216, 2133
341, 1469, 1552, 1553, 1470, 2133, 2216, 2217, 2134
342, 1470, 1553, 1554, 1471, 2134, 2217, 2218, 2135
343, 1471, 1554, 1555, 1472, 2135, 2218, 2219, 2136
344, 1472, 1555, 1556, 1473, 2136, 2219, 2220, 2137
345, 1473, 1556, 1557, 1474, 2137, 2220, 2221, 2138
346, 1474, 1557, 1558, 1475, 2138, 2221, 2222, 2139
347, 1475, 1558, 1559, 1476, 2139, 2222, 2223, 2140
348, 1476, 1559, 1560, 1477, 2140, 2223, 2224, 2141
349, 1477, 1560, 1561, 1478, 2141, 2224, 2225, 2142
350, 1478, 1561, 1562, 1479, 2142, 2225, 2226, 2143
351, 1479, 1562, 1563, 1480, 2143, 2226, 2227, 2144
352, 1480, 1563, 1564, 1481, 2144, 2227, 2228, 2145
353, 1481, 1564, 1565, 1482, 2145, 2228, 2229, 2146
354, 1482, 1565, 1566, 1483, 2146, 2229, 2230, 2147
355, 1483, 1566, 1567, 1484, 2147, 2230, 2231, 2148
356, 1484, 1567, 1568, 1485, 2148, 2231, 2232, 2149
357, 1485, 1568, 1569, 1486, 2149, 2232, 2233, 2150
358, 1486, 1569, 1570, 1487, 2150, 2233, 2234, 2151
359, 1487, 1570, 1571, 1488, 2151, 2234, 2235, 2152
360, 1488, 1571, 1572, 1489, 2152, 2235, 2236, 2153
361, 1489, 1572, 1573, 1490, 2153, 2236, 2237, 2154
362, 1490, 1573, 1574, 1491, 2154, 2237, 2238, 2155
363, 1491, 1574, 1575, 1492, 2155, 2238, 2239, 2156
364, 1492, 1575, 1576, 1493, 2156, 2239, 2240, 2157
365, 1493, 1576, 1577, 1494, 2157, 2240, 2241, 2158
366, 1494, 1577, 1578, 1495, 2158, 2241, 2242, 2159
367, 1495, 1578, 1579, 1496, 2159, 2242, 2243, 2160
368, 1496, 1579, 1580, 1497, 2160, 2243, 2244, 2161
369, 1497, 1580, 1581, 1498, 2161, 2244, 2245, 2162
370, 1498, 1581, 1582, 1499, 2162, 2245, 2246, 2163
371, 1499, 1582, 1583, 1500, 2163, 2246, 2247, 2164
372, 1500, 1583, 1584, 1501, 2164, 2247, 2248, 2165
373, 1501, 1584, 1585, 1502, 2165, 2248, 2249, 2166
374, 1502, 1585, 1586, 1503, 2166, 2249, 2250, 2167
375, 1503, 1586, 1587, 1504, 2167, 2250, 2251, 2168
376, 1504, 1587, 1588, 1505, 2168, 2251, 2252, 2169
377, 1505, 1588, 1589, 1506, 2169, 2252, 2253, 2170
378, 1506, 1589, 1590, 1507, 2170, 2253, 2254, 2171
379, 1507, 1590, 1591, 1508, 2171, 2254, 2255, 2172
380, 1508, 1591, 1592, 1509, 2172, 2255, 2256, 2173
381, 1509, 1592, 1593, 1510, 2173, 2256, 2257, 2174
382, 1510, 1593, 1594, 1511, 2174, 2257, 2258, 2175
383, 1511, 1594, 1595, 1512, 2175, 2258, 2259, 2176
384, 1512, 1595, 1596, 1513, 2176, 2259, 2260, 2177
385, 1513, 1596, 1597, 1514, 2177, 2260, 2261, 2178
386, 1514, 1597, 1598, 1515, 2178, 2261, 2262, 2179
387, 1515, 1598, 1599, 1516, 2179, 2262, 2263, 2180
388, 1516, 1599, 1600, 1517, 2180, 2263, 2264, 2181
389, 1517, 1600, 1601, 1518, 2181, 2264, 2265, 2182
390, 1518, 1601, 1602, 1519, 2182, 2265, 2266, 2183
391, 1519, 1602, 1603, 1520, 2183, 2266, 2267, 2184
392, 1520, 1603, 1604, 1521, 2184, 2267, 2268, 2185
393, 1521, 1604, 1605, 1522, 2185, 2268, 2269, 2186
394, 1522, 1605, 1606, 1523, 2186, 2269, 2270, 2187
395, 1523, 1606, 1607, 1524, 2187, 2270, 2271, 2188
396, 1524, 1607, 1608, 1525, 2188, 2271, 2272, 2189
397, 1525, 1608, 1609, 1526, 2189, 2272, 2273, 2190
398, 1526, 1609, 1610, 1527, 2190, 2273, 2274, 2191
399, 1527, 1610, 1611, 1528, 2191, 2274, 2275, 2192
400, 1528, 1611, 1612, 1529, 2192, 2275, 2276, 2193
401, 1529, 1612, 1613, 1530, 2193, 2276, 2277, 2194
402, 1530, 1613, 1614, 1531, 2194, 2277, 2278, 2195
403, 1531, 1614, 1615, 1532, 2195, 2278, 2279, 2196
404, 1532, 1615, 1616, 1533, 2196, 2279, 2280, 2197
405, 1533, 1616, 1617, 1534, 2197, 2280, 2281, 2198
406, 1534, 1617, 1618, 1535, 2198, 2281, 2282, 2199
407, 1535, 1618, 1619, 1536, 2199, 2282, 2283, 2200
408, 1536, 1619, 1620, 1537, 2200, 2283, 2284, 2201
409, 1537, 1620, 1621, 1538, 2201, 2284, 2285, 2202
410, 1538, 1621, 1622, 1539, 2202, 2285, 2286, 2203
411, 1539, 1622, 1623, 1540, 2203, 2286, 2287, 2204
412, 1540, 1623, 1624, 1541, 2204, 2287, 2288, 2205
413, 1541, 1624, 1625, 1542, 2205, 2288, 2289, 2206
414, 1542, 1625, 1626, 1543, 2206, 2289, 2290, 2207
415, 1543, 1626, 1627, 1544, 2207, 2290, 2291, 2208
416, 1544, 1627, 1628, 1545, 2208, 2291, 2292, 2209
417, 1545, 1628, 1629, 1546, 2209, 2292, 2293, 2210
418, 1546, 1629, 1630, 1547, 2210, 2293, 2294, 2211
419, 1547, 1630, 1631, 1548, 2211, 2294, 2295, 2212
420, 1548, 1631, 127, 126, 2212, 2295, 134, 135
421, 29, 30, 1632, 1549, 78, 79, 2296, 2213
422, 1549, 1632, 1633, 1550, 2213, 2296, 2297, 2214
423, 1550, 1633, 1634, 1551, 2214, 2297, 2298, 2215
424, 1551, 1634, 1635, 1552, 2215, 2298, 2299, 2216
425, 1552, 1635, 1636, 1553, 2216, 2299, 2300, 2217
426, 1553, 1636, 1637, 1554, 2217, 2300, 2301, 2218
427, 1554, 1637, 1638, 1555, 2218, 2301, 2302, 2219
428, 1555, 1638, 1639, 1556, 2219, 2302, 2303, 2220
429, 1556, 1639, 1640, 1557, 2220, 2303, 2304, 2221
430, 1557, 1640, 1641, 1558, 2221, 2304, 2305, 2222
431, 1558, 1641, 1642, 1559, 2222, 2305, 2306, 2223
432, 1559, 1642, 1643, 1560, 2223, 2306, 2307, 2224
433, 1560, 1643, 1644, 1561, 2224, 2307, 2308, 2225
434, 1561, 1644, 1645, 1562, 2225, 2308, 2309, 2226
435, 1562, 1645, 1646, 1563, 2226, 2309, 2310, 2227
436, 1563, 1646, 1647, 1564, 2227, 2310, 2311, 2228
437, 1564, 1647, 1648, 1565, 2228, 2311, 2312, 2229
438, 1565, 1648, 1649, 1566, 2229, 2312, 2313, 2230
439, 1566, 1649, 1650, 1567, 2230, 2313, 2314, 2231
440, 1567, 1650, 1651, 1568, 2231, 2314, 2315, 2232
441, 1568, 1651, 1652, 1569, 2232, 2315, 2316, 2233
442, 1569, 1652, 1653, 1570, 2233, 2316, 2317, 2234
443, 1570, 1653, 1654, 1571, 2234, 2317, 2318, 2235
444, 1571, 1654, 1655, 1572, 2235, 2318, 2319, 2236
445, 1572, 1655, 1656, 1573, 2236, 2319, 2320, 2237
446, 1573, 1656, 1657, 1574, 2237, 2320, 2321, 2238
447, 1574, 1657, 1658, 1575, 2238, 2321, 2322, 2239
448, 1575, 1658, 1659, 1576, 2239, 2322, 2323, 2240
449, 1576, 1659, 1660, 1577, 2240, 2323, 2324, 2241
450, 1577, 1660, 1661, 1578, 2241, 2324, 2325, 2242
451, 1578, 1661, 1662, 1579, 2242, 2325, 2326, 2243
452, 1579, 1662, 1663, 1580, 2243, 2326, 2327, 2244
453, 1580, 1663, 1664, 1581, 2244, 2327, 2328, 2245
454, 1581, 1664, 1665, 1582, 2245, 2328, 2329, 2246
455, 1582, 1665, 1666, 1583, 2246, 2329, 2330, 2247
456, 1583, 1666, 1667, 1584, 2247, 2330, 2331, 2248
457, 1584, 1667, 1668, 1585, 2248, 2331, 2332, 2249
458, 1585, 1668, 1669, 1586, 2249, 2332, 2333, 2250
459, 1586, 1669, 1670, 1587, 2250, 2333, 2334, 2251
460, 1587, 1670, 1671, 1588, 2251, 2334, 2335, 2252
461, 1588, 1671, 1672, 1589, 2252, 2335, 2336, 2253
462, 1589, 1672, 1673, 1590, 2253, 2336, 2337, 2254
463, 1590, 1673, 1674, 1591, 2254, 2337, 2338, 2255
464, 1591, 1674, 1675, 1592, 2255, 2338, 2339, 2256
465, 1592, 1675, 1676, 1593, 2256, 2339, 2340, 2257
466, 1593, 1676, 1677, 1594, 2257, 2340, 2341, 2258
467, 1594, 1677, 1678, 1595, 2258, 2341, 2342, 2259
468, 1595, 1678, 1679, 1596, 2259, 2342, 2343, 2260
469, 1596, 1679, 1680, 1597, 2260, 2343, 2344, 2261
470, 1597, 1680, 1681, 1598, 2261, 2344, 2345, 2262
471, 1598, 1681, 1682, 1599, 2262, 2345, 2346, 2263
472, 1599, 1682, 1683, 1600, 2263, 2346, 2347, 2264
473, 1600, 1683, 1684, 1601, 2264, 2347, 2348, 2265
474, 1601, 1684, 1685, 1602, 2265, 2348, 2349, 2266
475, 1602, 1685, 1686, 1603, 2266, 2349, 2350, 2267
476, 1603, 1686, 1687, 1604, 2267, 2350, 2351, 2268
477, 1604, 1687, 1688, 1605, 2268, 2351, 2352, 2269
478, 1605, 1688, 1689, 1606, 2269, 2352, 2353, 2270
479, 1606, 1689, 1690, 1607, 2270, 2353, 2354, 2271
480, 1607, 1690, 1691, 1608, 2271, 2354, 2355, 2272
481, 1608, 1691, 1692, 1609, 2272, 2355, 2356, 2273
482, 1609, 1692, 1693, 1610, 2273, 2356, 2357, 2274
483, 1610, 1693, 1694, 1611, 2274, 2357, 2358, 2275
484, 1611, 1694, 1695, 1612, 2275, 2358, 2359, 2276
485, 1612, 1695, 1696, 1613, 2276, 2359, 2360, 2277
486, 1613, 1696, 1697, 1614, 2277, 2360, 2361, 2278
487, 1614, 1697, 1698, 1615, 2278, 2361, 2362, 2279
488, 1615, 1698, 1699, 1616, 2279, 2362, 2363, 2280
489, 1616, 1699, 1700, 1617, 2280, 2363, 2364, 2281
490, 1617, 1700, 1701, 1618, 2281, 2364, 2365, 2282
491, 1618, 1701, 1702, 1619, 2282, 2365, 2366, 2283
492, 1619, 1702, 1703, 1620, 2283, 2366, 2367, 2284
493, 1620, 1703, 1704, 1621, 2284, 2367, 2368, 2285
494, 1621, 1704, 1705, 1622, 2285, 2368, 2369, 2286
495, 1622, 1705, 1706, 1623, 2286, 2369, 2370, 2287
496, 1623, 1706, 1707, 1624, 2287, 2370, 2371, 2288
497, 1624, 1707, 1708, 1625, 2288, 2371, 2372, 2289
498, 1625, 1708, 1709, 1626, 2289, 2372, 2373, 2290
499, 1626, 1709, 1710, 1627, 2290, 2373, 2374, 2291
500, 1627, 1710, 1711, 1628, 2291, 2374, 2375, 2292
501, 1628, 1711, 1712, 1629, 2292, 2375, 2376, 2293
502, 1629, 1712, 1713, 1630, 2293, 2376, 2377, 2294
503, 1630, 1713, 1714, 1631, 2294, 2377, 2378, 2295
504, 1631, 1714, 128, 127, 2295, 2378, 133, 134
505, 30, 31, 1715, 1632, 79, 80, 2379, 2296
506, 1632, 1715, 1716, 1633, 2296, 2379, 2380, 2297
507, 1633, 1716, 1717, 1634, 2297, 2380, 2381, 2298
508, 1634, 1717, 1718, 1635, 2298, 2381, 2382, 2299
509, 1635, 1718, 1719, 1636, 2299, 2382, 2383, 2300
510, 1636, 1719, 1720, 1637, 2300, 2383, 2384, 2301
511, 1637, 1720, 1721, 1638, 2301, 2384, 2385, 2302
512, 1638, 1721, 1722, 1639, 2302, 2385, 2386, 2303
513, 1639, 1722, 1723, 1640, 2303, 2386, 2387, 2304
514, 1640, 1723, 1724, 1641, 2304, 2387, 2388, 2305
515, 1641, 1724, 1725, 1642, 2305, 2388, 2389, 2306
516, 1642, 1725, 1726, 1643, 2306, 2389, 2390, 2307
517, 1643, 1726, 1727, 1644, 2307, 2390, 2391, 2308
518, 1644, 1727, 1728, 1645, 2308, 2391, 2392, 2309
519, 1645, 1728, 1729, 1646, 2309, 2392, 2393, 2310
520, 1646, 1729, 1730, 1647, 2310, 2393, 2394, 2311
521, 1647, 1730, 1731, 1648, 2311, 2394, 2395, 2312
522, 1648, 1731, 1732, 1649, 2312, 2395, 2396, 2313
523, 1649, 1732, 1733, 1650, 2313, 2396, 2397, 2314
524, 1650, 1733, 1734, 1651, 2314, 2397, 2398, 2315
525, 1651, 1734, 1735, 1652, 2315, 2398, 2399, 2316
526, 1652, 1735, 1736, 1653, 2316, 2399, 2400, 2317
527, 1653, 1736, 1737, 1654, 2317, 2400, 2401, 2318
528, 1654, 1737, 1738, 1655, 2318, 2401, 2402, 2319
529, 1655, 1738, 1739, 1656, 2319, 2402, 2403, 2320
530, 1656, 1739, 1740, 1657, 2320, 2403, 2404, 2321
531, 1657, 1740, 1741, 1658, 2321, 2404, 2405, 2322
532, 1658, 1741, 1742, 1659, 2322, 2405, 2406, 2323
533, 1659, 1742, 1743, 1660, 2323, 2406, 2407, 2324
534, 1660, 1743, 1744, 1661, 2324, 2407, 2408, 2325
535, 1661, 1744, 1745, 1662, 2325, 2408, 2409, 2326
536, 1662, 1745, 1746, 1663, 2326, 2409, 2410, 2327
537, 1663, 1746, 1747, 1664, 2327, 2410, 2411, 2328
538, 1664, 1747, 1748, 1665, 2328, 2411, 2412, 2329
539, 1665, 1748, 1749, 1666, 2329, 2412, 2413, 2330
540, 1666, 1749, 1750, 1667, 2330, 2413, 2414, 2331
541, 1667, 1750, 1751, 1668, 2331, 2414, 2415, 2332
542, 1668, 1751, 1752, 1669, 2332, 2415, 2416, 2333
543, 1669, 1752, 1753, 1670, 2333, 2416, 2417, 2334
544, 1670, 1753, 1754, 1671, 2334, 2417, 2418, 2335
545, 1671, 1754, 1755, 1672, 2335, 2418, 2419, 2336
546, 1672, 1755, 1756, 1673, 2336, 2419, 2420, 2337
547, 1673, 1756, 1757, 1674, 2337, 2420, 2421, 2338
548, 1674, 1757, 1758, 1675, 2338, 2421, 2422, 2339
549, 1675, 1758, 1759, 1676, 2339, 2422, 2423, 2340
550, 1676, 1759, 1760, 1677, 2340, 2423, 2424, 2341
551, 1677, 1760, 1761, 1678, 2341, 2424, 2425, 2342
552, 1678, 1761, 1762, 1679, 2342, 2425, 2426, 2343
553, 1679, 1762, 1763, 1680, 2343, 2426, 2427, 2344
554, 1680, 1763, 1764, 1681, 2344, 2427, 2428, 2345
555, 1681, 1764, 1765, 1682, 2345, 2428, 2429, 2346
556, 1682, 1765, 1766, 1683, 2346, 2429, 2430, 2347
557, 1683, 1766, 1767, 1684, 2347, 2430, 2431, 2348
558, 1684, 1767, 1768, 1685, 2348, 2431, 2432, 2349
559, 1685, 1768, 1769, 1686, 2349, 2432, 2433, 2350
560, 1686, 1769, 1770, 1687, 2350, 2433, 2434, 2351
561, 1687, 1770, 1771, 1688, 2351, 2434, 2435, 2352
562, 1688, 1771, 1772, 1689, 2352, 2435, 2436, 2353
563, 1689, 1772, 1773, 1690, 2353, 2436, 2437, 2354
564, 1690, 1773, 1774, 1691, 2354, 2437, 2438, 2355
565, 1691, 1774, 1775, 1692, 2355, 2438, 2439, 2356
566, 1692, 1775, 1776, 1693, 2356, 2439, 2440, 2357
567, 1693, 1776, 1777, 1694, 2357, 2440, 2441, 2358
568, 1694, 1777, 1778, 1695, 2358, 2441, 2442, 2359
569, 1695, 1778, 1779, 1696, 2359, 2442, 2443, 2360
570, 1696, 1779, 1780, 1697, 2360, 2443, 2444, 2361
571, 1697, 1780, 1781, 1698, 2361, 2444, 2445, 2362
572, 1698, 1781, 1782, 1699, 2362, 2445, 2446, 2363
573, 1699, 1782, 1783, 1700, 2363, 2446, 2447, 2364
574, 1700, 1783, 1784, 1701, 2364, 2447, 2448, 2365
575, 1701, 1784, 1785, 1702, 2365, 2448, 2449, 2366
576, 1702, 1785, 1786, 1703, 2366, 2449, 2450, 2367
577, 1703, 1786, 1787, 1704, 2367, 2450, 2451, 2368
578, 1704, 1787, 1788, 1705, 2368, 2451, 2452, 2369
579, 1705, 1788, 1789, 1706, 2369, 2452, 2453, 2370
580, 1706, 1789, 1790, 1707, 2370, 2453, 2454, 2371
581, 1707, 1790, 1791, 1708, 2371, 2454, 2455, 2372
582, 1708, 1791, 1792, 1709, 2372, 2455, 2456, 2373
583, 1709, 1792, 1793, 1710, 2373, 2456, 2457, 2374
584, 1710, 1793, 1794, 1711, 2374, 2457, 2458, 2375
585, 1711, 1794, 1795, 1712, 2375, 2458, 2459, 2376
586, 1712, 1795, 1796, 1713, 2376, 2459, 2460, 2377
587, 1713, 1796, 1797, 1714, 2377, 2460, 2461, 2378
588, 1714, 1797, 129, 128, 2378, 2461, 132, 133
589, 31, 32, 1798, 1715, 80, 81, 2462, 2379
590, 1715, 1798, 1799, 1716, 2379, 2462, 2463, 2380
591, 1716, 1799, 1800, 1717, 2380, 2463, 2464, 2381
592, 1717, 1800, 1801, 1718, 2381, 2464, 2465, 2382
593, 1718, 1801, 1802, 1719, 2382, 2465, 2466, 2383
594, 1719, 1802, 1803, 1720, 2383, 2466, 2467, 2384
595, 1720, 1803, 1804, 1721, 2384, 2467, 2468, 2385
596, 1721, 1804, 1805, 1722, 2385, 2468, 2469, 2386
597, 1722, 1805, 1806, 1723, 2386, 2469, 2470, 2387
598, 1723, 1806, 1807, 1724, 2387, 2470, 2471, 2388
599, 1724, 1807, 1808, 1725, 2388, 2471, 2472, 2389
600, 1725, 1808, 1809, 1726, 2389, 2472, 2473, 2390
601, 1726, 1809, 1810, 1727, 2390, 2473, 2474, 2391
602, 1727, 1810, 1811, 1728, 2391, 2474, 2475, 2392
603, 1728, 1811, 1812, 1729, 2392, 2475, 2476, 2393
604, 1729, 1812, 1813, 1730, 2393, 2476, 2477, 2394
605, 1730, 1813, 1814, 1731, 2394, 2477, 2478, 2395
606, 1731, 1814, 1815, 1732, 2395, 2478, 2479, 2396
607, 1732, 1815, 1816, 1733, 2396, 2479, 2480, 2397
608, 1733, 1816, 1817, 1734, 2397, 2480, 2481, 2398
609, 1734, 1817, 1818, 1735, 2398, 2481, 2482, 2399
610, 1735, 1818, 1819, 1736, 2399, 2482, 2483, 2400
611, 1736, 1819, 1820, 1737, 2400, 2483, 2484, 2401
612, 1737, 1820, 1821, 1738, 2401, 2484, 2485, 2402
613, 1738, 1821, 1822, 1739, 2402, 2485, 2486, 2403
614, 1739, 1822, 1823, 1740, 2403, 2486, 2487, 2404
615, 1740, 1823, 1824, 1741, 2404, 2487, 2488, 2405
616, 1741, 1824, 1825, 1742, 2405, 2488, 2489, 2406
617, 1742, 1825, 1826, 1743, 2406, 2489, 2490, 2407
618, 1743, 1826, 1827, 1744, 2407, 2490, 2491, 2408
619, 1744, 1827, 1828, 1745, 2408, 2491, 2492, 2409
620, 1745, 1828, 1829, 1746, 2409, 2492, 2493, 2410
621, 1746, 1829, 1830, 1747, 2410, 2493, 2494, 2411
622, 1747, 1830, 1831, 1748, 2411, 2494, 2495, 2412
623, 1748, 1831, 1832, 1749, 2412, 2495, 2496, 2413
624, 1749, 1832, 1833, 1750, 2413, 2496, 2497, 2414
625, 1750, 1833, 1834, 1751, 2414, 2497, 2498, 2415
626, 1751, 1834, 1835, 1752, 2415, 2498, 2499, 2416
627, 1752, 1835, 1836, 1753, 2416, 2499, 2500, 2417
628, 1753, 1836, 1837, 1754, 2417, 2500, 2501, 2418
629, 1754, 1837, 1838, 1755, 2418, 2501, 2502, 2419
630, 1755, 1838, 1839, 1756, 2419, 2502, 2503, 2420
631, 1756, 1839, 1840, 1757, 2420, 2503, 2504, 2421
632, 1757, 1840, 1841, 1758, 2421, 2504, 2505, 2422
633, 1758, 1841, 1842, 1759, 2422, 2505, 2506, 2423
634, 1759, 1842, 1843, 1760, 2423, 2506, 2507, 2424
635, 1760, 1843, 1844, 1761, 2424, 2507, 2508, 2425
636, 1761, 1844, 1845, 1762, 2425, 2508, 2509, 2426
637, 1762, 1845, 1846, 1763, 2426, 2509, 2510, 2427
638, 1763, 1846, 1847, 1764, 2427, 2510, 2511, 2428
639, 1764, 1847, 1848, 1765, 2428, 2511, 2512, 2429
640, 1765, 1848, 1849, 1766, 2429, 2512, 2513, 2430
641, 1766, 1849, 1850, 1767, 2430, 2513, 2514, 2431
642, 1767, 1850, 1851, 1768, 2431, 2514, 2515, 2432
643, 1768, 1851, 1852, 1769, 2432, 2515, 2516, 2433
644, 1769, 1852, 1853, 1770, 2433, 2516, 2517, 2434
645, 1770, 1853, 1854, 1771, 2434, 2517, 2518, 2435
646, 1771, 1854, 1855, 1772, 2435, 2518, 2519, 2436
647, 1772, 1855, 1856, 1773, 2436, 2519, 2520, 2437
648, 1773, 1856, 1857, 1774, 2437, 2520, 2521, 2438
649, 1774, 1857, 1858, 1775, 2438, 2521, 2522, 2439
650, 1775, 1858, 1859, 1776, 2439, 2522, 2523, 2440
651, 1776, 1859, 1860, 1777, 2440, 2523, 2524, 2441
652, 1777, 1860, 1861, 1778, 2441, 2524, 2525, 2442
653, 1778, 1861, 1862, 1779, 2442, 2525, 2526, 2443
654, 1779, 1862, 1863, 1780, 2443, 2526, 2527, 2444
655, 1780, 1863, 1864, 1781, 2444, 2527, 2528, 2445
656, 1781, 1864, 1865, 1782, 2445, 2528, 2529, 2446
657, 1782, 1865, 1866, 1783, 2446, 2529, 2530, 2447
658, 1783, 1866, 1867, 1784, 2447, 2530, 2531, 2448
659, 1784, 1867, 1868, 1785, 2448, 2531, 2532, 2449
660, 1785, 1868, 1869, 1786, 2449, 2532, 2533, 2450
661, 1786, 1869, 1870, 1787, 2450, 2533, 2534, 2451
662, 1787, 1870, 1871, 1788, 2451, 2534, 2535, 2452
663, 1788, 1871, 1872, 1789, 2452, 2535, 2536, 2453
664, 1789, 1872, 1873, 1790, 2453, 2536, 2537, 2454
665, 1790, 1873, 1874, 1791, 2454, 2537, 2538, 2455
666, 1791, 1874, 1875, 1792, 2455, 2538, 2539, 2456
667, 1792, 1875, 1876, 1793, 2456, 2539, 2540, 2457
668, 1793, 1876, 1877, 1794, 2457, 2540, 2541, 2458
669, 1794, 1877, 1878, 1795, 2458, 2541, 2542, 2459
670, 1795, 1878, 1879, 1796, 2459, 2542, 2543, 2460
671, 1796, 1879, 1880, 1797, 2460, 2543, 2544, 2461
672, 1797, 1880, 130, 129, 2461, 2544, 131, 132
673, 32, 2, 222, 1798, 81, 8, 305, 2462
674, 1798, 222, 223, 1799, 2462, 305, 306, 2463
675, 1799, 223, 224, 1800, 2463, 306, 307, 2464
676, 1800, 224, 225, 1801, 2464, 307, 308, 2465
677, 1801, 225, 226, 1802, 2465, 308, 309, 2466
678, 1802, 226, 227, 1803, 2466, 309, 310, 2467
679, 1803, 227, 228, 1804, 2467, 310, 311, 2468
680, 1804, 228, 229, 1805, 2468, 311, 312, 2469
681, 1805, 229, 230, 1806, 2469, 312, 313, 2470
682, 1806, 230, 231, 1807, 2470, 313, 314, 2471
683, 1807, 231, 232, 1808, 2471, 314, 315, 2472
684, 1808, 232, 233, 1809, 2472, 315, 316, 2473
685, 1809, 233, 234, 1810, 2473, 316, 317, 2474
686, 1810, 234, 235, 1811, 2474, 317, 318, 2475
687, 1811, 235, 236, 1812, 2475, 318, 319, 2476
688, 1812, 236, 237, 1813, 2476, 319, 320, 2477
689, 1813, 237, 238, 1814, 2477, 320, 321, 2478
690, 1814, 238, 239, 1815, 2478, 321, 322, 2479
691, 1815, 239, 240, 1816, 2479, 322, 323, 2480
692, 1816, 240, 241, 1817, 2480, 323, 324, 2481
693, 1817, 241, 242, 1818, 2481, 324, 325, 2482
694, 1818, 242, 243, 1819, 2482, 325, 326, 2483
695, 1819, 243, 244, 1820, 2483, 326, 327, 2484
696, 1820, 244, 245, 1821, 2484, 327, 328, 2485
697, 1821, 245, 246, 1822, 2485, 328, 329, 2486
698, 1822, 246, 247, 1823, 2486, 329, 330, 2487
699, 1823, 247, 248, 1824, 2487, 330, 331, 2488
700, 1824, 248, 249, 1825, 2488, 331, 332, 2489
701, 1825, 249, 250, 1826, 2489, 332, 333, 2490
702, 1826, 250, 251, 1827, 2490, 333, 334, 2491
703, 1827, 251, 252, 1828, 2491, 334, 335, 2492
704, 1828, 252, 253, 1829, 2492, 335, 336, 2493
705, 1829, 253, 254, 1830, 2493, 336, 337, 2494
706, 1830, 254, 255, 1831, 2494, 337, 338, 2495
707, 1831, 255, 256, 1832, 2495, 338, 339, 2496
708, 1832, 256, 257, 1833, 2496, 339, 340, 2497
709, 1833, 257, 258, 1834, 2497, 340, 341, 2498
710, 1834, 258, 259, 1835, 2498, 341, 342, 2499
711, 1835, 259, 260, 1836, 2499, 342, 343, 2500
712, 1836, 260, 261, 1837, 2500, 343, 344, 2501
713, 1837, 261, 262, 1838, 2501, 344, 345, 2502
714, 1838, 262, 263, 1839, 2502, 345, 346, 2503
715, 1839, 263, 264, 1840, 2503, 346, 347, 2504
716, 1840, 264, 265, 1841, 2504, 347, 348, 2505
717, 1841, 265, 266, 1842, 2505, 348, 349, 2506
718, 1842, 266, 267, 1843, 2506, 349, 350, 2507
719, 1843, 267, 268, 1844, 2507, 350, 351, 2508
720, 1844, 268, 269, 1845, 2508, 351, 352, 2509
721, 1845, 269, 270, 1846, 2509, 352, 353, 2510
722, 1846, 270, 271, 1847, 2510, 353, 354, 2511
723, 1847, 271, 272, 1848, 2511, 354, 355, 2512
724, 1848, 272, 273, 1849, 2512, 355, 356, 2513
725, 1849, 273, 274, 1850, 2513, 356, 357, 2514
726, 1850, 274, 275, 1851, 2514, 357, 358, 2515
727, 1851, 275, 276, 1852, 2515, 358, 359, 2516
728, 1852, 276, 277, 1853, 2516, 359, 360, 2517
729, 1853, 277, 278, 1854, 2517, 360, 361, 2518
730, 1854, 278, 279, 1855, 2518, 361, 362, 2519
731, 1855, 279, 280, 1856, 2519, 362, 363, 2520
732, 1856, 280, 281, 1857, 2520, 363, 364, 2521
733, 1857, 281, 282, 1858, 2521, 364, 365, 2522
734, 1858, 282, 283, 1859, 2522, 365, 366, 2523
735, 1859, 283, 284, 1860, 2523, 366, 367, 2524
736, 1860, 284, 285, 1861, 2524, 367, 368, 2525
737, 1861, 285, 286, 1862, 2525, 368, 369, 2526
738, 1862, 286, 287, 1863, 2526, 369, 370, 2527
739, 1863, 287, 288, 1864, 2527, 370, 371, 2528
740, 1864, 288, 289, 1865, 2528, 371, 372, 2529
741, 1865, 289, 290, 1866, 2529, 372, 373, 2530
742, 1866, 290, 291, 1867, 2530, 373, 374, 2531
743, 1867, 291, 292, 1868, 2531, 374, 375, 2532
744, 1868, 292, 293, 1869, 2532, 375, 376, 2533
745, 1869, 293, 294, 1870, 2533, 376, 377, 2534
746, 1870, 294, 295, 1871, 2534, 377, 378, 2535
747, 1871, 295, 296, 1872, 2535, 378, 379, 2536
748, 1872, 296, 297, 1873, 2536, 379, 380, 2537
749, 1873, 297, 298, 1874, 2537, 380, 381, 2538
750, 1874, 298, 299, 1875, 2538, 381, 382, 2539
751, 1875, 299, 300, 1876, 2539, 382, 383, 2540
752, 1876, 300, 301, 1877, 2540, 383, 384, 2541
753, 1877, 301, 302, 1878, 2541, 384, 385, 2542
754, 1878, 302, 303, 1879, 2542, 385, 386, 2543
755, 1879, 303, 304, 1880, 2543, 386, 387, 2544
756, 1880, 304, 14, 130, 2544, 387, 15, 131
757, 2, 33, 2545, 222, 8, 82, 2794, 305
758, 222, 2545, 2546, 223, 305, 2794, 2795, 306
759, 223, 2546, 2547, 224, 306, 2795, 2796, 307
760, 224, 2547, 2548, 225, 307, 2796, 2797, 308
761, 225, 2548, 2549, 226, 308, 2797, 2798, 309
762, 226, 2549, 2550, 227, 309, 2798, 2799, 310
763, 227, 2550, 2551, 228, 310, 2799, 2800, 311
764, 228, 2551, 2552, 229, 311, 2800, 2801, 312
765, 229, 2552, 2553, 230, 312, 2801, 2802, 313
766, 230, 2553, 2554, 231, 313, 2802, 2803, 314
767, 231, 2554, 2555, 232, 314, 2803, 2804, 315
768, 232, 2555, 2556, 233, 315, 2804, 2805, 316
769, 233, 2556, 2557, 234, 316, 2805, 2806, 317
770, 234, 2557, 2558, 235, 317, 2806, 2807, 318
771, 235, 2558, 2559, 236, 318, 2807, 2808, 319
772, 236, 2559, 2560, 237, 319, 2808, 2809, 320
773, 237, 2560, 2561, 238, 320, 2809, 2810, 321
774, 238, 2561, 2562, 239, 321, 2810, 2811, 322
775, 239, 2562, 2563, 240, 322, 2811, 2812, 323
776, 240, 2563, 2564, 241, 323, 2812, 2813, 324
777, 241, 2564, 2565, 242, 324, 2813, 2814, 325
778, 242, 2565, 2566, 243, 325, 2814, 2815, 326
779, 243, 2566, 2567, 244, 326, 2815, 2816, 327
780, 244, 2567, 2568, 245, 327, 2816, 2817, 328
781, 245, 2568, 2569, 246, 328, 2817, 2818, 329
782, 246, 2569, 2570, 247, 329, 2818, 2819, 330
783, 247, 2570, 2571, 248, 330, 2819, 2820, 331
784, 248, 2571, 2572, 249, 331, 2820, 2821, 332
785, 249, 2572, 2573, 250, 332, 2821, 2822, 333
786, 250, 2573, 2574, 251, 333, 2822, 2823, 334
787, 251, 2574, 2575, 252, 334, 2823, 2824, 335
788, 252, 2575, 2576, 253, 335, 2824, 2825, 336
789, 253, 2576, 2577, 254, 336, 2825, 2826, 337
790, 254, 2577, 2578, 255, 337, 2826, 2827, 338
791, 255, 2578, 2579, 256, 338, 2827, 2828, 339
792, 256, 2579, 2580, 257, 339, 2828, 2829, 340
793, 257, 2580, 2581, 258, 340, 2829, 2830, 341
794, 258, 2581, 2582, 259, 341, 2830, 2831, 342
795, 259, 2582, 2583, 260, 342, 2831, 2832, 343
796, 260, 2583, 2584, 261, 343, 2832, 2833, 344
797, 261, 2584, 2585, 262, 344, 2833, 2834, 345
798, 262, 2585, 2586, 263, 345, 2834, 2835, 346
799, 263, 2586, 2587, 264, 346, 2835, 2836, 347
800, 264, 2587, 2588, 265, 347, 2836, 2837, 348
801, 265, 2588, 2589, 266, 348, 2837, 2838, 349
802, 266, 2589, 2590, 267, 349, 2838, 2839, 350
803, 267, 2590, 2591, 268, 350, 2839, 2840, 351
804, 268, 2591, 2592, 269, 351, 2840, 2841, 352
805, 269, 2592, 2593, 270, 352, 2841, 2842, 353
806, 270, 2593, 2594, 271, 353, 2842, 2843, 354
807, 271, 2594, 2595, 272, 354, 2843, 2844, 355
808, 272, 2595, 2596, 273, 355, 2844, 2845, 356
809, 273, 2596, 2597, 274, 356, 2845, 2846, 357
810, 274, 2597, 2598, 275, 357, 2846, 2847, 358
811, 275, 2598, 2599, 276, 358, 2847, 2848, 359
812, 276, 2599, 2600, 277, 359, 2848, 2849, 360
813, 277, 2600, 2601, 278, 360, 2849, 2850, 361
814, 278, 2601, 2602, 279, 361, 2850, 2851, 362
815, 279, 2602, 2603, 280, 362, 2851, 2852, 363
816, 280, 2603, 2604, 281, 363, 2852, 2853, 364
817, 281, 2604, 2605, 282, 364, 2853, 2854, 365
818, 282, 2605, 2606, 283, 365, 2854, 2855, 366
819, 283, 2606, 2607, 284, 366, 2855, 2856, 367
820, 284, 2607, 2608, 285, 367, 2856, 2857, 368
821, 285, 2608, 2609, 286, 368, 2857, 2858, 369
822, 286, 2609, 2610, 287, 369, 2858, 2859, 370
823, 287, 2610, 2611, 288, 370, 2859, 2860, 371
824, 288, 2611, 2612, 289, 371, 2860, 2861, 372
825, 289, 2612, 2613, 290, 372, 2861, 2862, 373
826, 290, 2613, 2614, 291, 373, 2862, 2863, 374
827, 291, 2614, 2615, 292, 374, 2863, 2864, 375
828, 292, 2615, 2616, 293, 375, 2864, 2865, 376
829, 293, 2616, 2617, 294, 376, 2865, 2866, 377
830, 294, 2617, 2618, 295, 377, 2866, 2867, 378
831, 295, 2618, 2619, 296, 378, 2867, 2868, 379
832, 296, 2619, 2620, 297, 379, 2868, 2869, 380
833, 297, 2620, 2621, 298, 380, 2869, 2870, 381
834, 298, 2621, 2622, 299, 381, 2870, 2871, 382
835, 299, 2622, 2623, 300, 382, 2871, 2872, 383
836, 300, 2623, 2624, 301, 383, 2872, 2873, 384
837, 301, 2624, 2625, 302, 384, 2873, 2874, 385
838, 302, 2625, 2626, 303, 385, 2874, 2875, 386
839, 303, 2626, 2627, 304, 386, 2875, 2876, 387
840, 304, 2627, 471, 14, 387, 2876, 476, 15
841, 33, 34, 2628, 2545, 82, 83, 2877, 2794
842, 2545, 2628, 2629, 2546, 2794, 2877, 2878, 2795
843, 2546, 2629, 2630, 2547, 2795, 2878, 2879, 2796
844, 2547, 2630, 2631, 2548, 2796, 2879, 2880, 2797
845, 2548, 2631, 2632, 2549, 2797, 2880, 2881, 2798
846, 2549, 2632, 2633, 2550, 2798, 2881, 2882, 2799
847, 2550, 2633, 2634, 2551, 2799, 2882, 2883, 2800
848, 2551, 2634, 2635, 2552, 2800, 2883, 2884, 2801
849, 2552, 2635, 2636, 2553, 2801, 2884, 2885, 2802
850, 2553, 2636, 2637, 2554, 2802, 2885, 2886, 2803
851, 2554, 2637, 2638, 2555, 2803, 2886, 2887, 2804
852, 2555, 2638, 2639, 2556, 2804, 2887, 2888, 2805
853, 2556, 2639, 2640, 2557, 2805, 2888, 2889, 2806
854, 2557, 2640, 2641, 2558, 2806, 2889, 2890, 2807
855, 2558, 2641, 2642, 2559, 2807, 2890, 2891, 2808
856, 2559, 2642, 2643, 2560, 2808, 2891, 2892, 2809
857, 2560, 2643, 2644, 2561, 2809, 2892, 2893, 2810
858, 2561, 2644, 2645, 2562, 2810, 2893, 2894, 2811
859, 2562, 2645, 2646, 2563, 2811, 2894, 2895, 2812
860, 2563, 2646, 2647, 2564, 2812, 2895, 2896, 2813
861, 2564, 2647, 2648, 2565, 2813, 2896, 2897, 2814
862, 2565, 2648, 2649, 2566, 2814, 2897, 2898, 2815
863, 2566, 2649, 2650, 2567, 2815, 2898, 2899, 2816
864, 2567, 2650, 2651, 2568, 2816, 2899, 2900, 2817
865, 2568, 2651, 2652, 2569, 2817, 2900, 2901, 2818
866, 2569, 2652, 2653, 2570, 2818, 2901, 2902, 2819
867, 2570, 2653, 2654, 2571, 2819, 2902, 2903, 2820
868, 2571, 2654, 2655, 2572, 2820, 2903, 2904, 2821
869, 2572, 2655, 2656, 2573, 2821, 2904, 2905, 2822
870, 2573, 2656, 2657, 2574, 2822, 2905, 2906, 2823
871, 2574, 2657, 2658, 2575, 2823, 2906, 2907, 2824
872, 2575, 2658, 2659, 2576, 2824, 2907, 2908, 2825
873, 2576, 2659, 2660, 2577, 2825, 2908, 2909, 2826
874, 2577, 2660, 2661, 2578, 2826, 2909, 2910, 2827
875, 2578, 2661, 2662, 2579, 2827, 2910, 2911, 2828
876, 2579, 2662, 2663, 2580, 2828, 2911, 2912, 2829
877, 2580, 2663, 2664, 2581, 2829, 2912, 2913, 2830
878, 2581, 2664, 2665, 2582, 2830, 2913, 2914, 2831
879, 2582, 2665, 2666, 2583, 2831, 2914, 2915, 2832
880, 2583, 2666, 2667, 2584, 2832, 2915, 2916, 2833
881, 2584, 2667, 2668, 2585, 2833, 2916, 2917, 2834
882, 2585, 2668, 2669, 2586, 2834, 2917, 2918, 2835
883, 2586, 2669, 2670, 2587, 2835, 2918, 2919, 2836
884, 2587, 2670, 2671, 2588, 2836, 2919, 2920, 2837
885, 2588, 2671, 2672, 2589, 2837, 2920, 2921, 2838
886, 2589, 2672, 2673, 2590, 2838, 2921, 2922, 2839
887, 2590, 2673, 2674, 2591, 2839, 2922, 2923, 2840
888, 2591, 2674, 2675, 2592, 2840, 2923, 2924, 2841
889, 2592, 2675, 2676, 2593, 2841, 2924, 2925, 2842
890, 2593, 2676, 2677, 2594, 2842, 2925, 2926, 2843
891, 2594, 2677, 2678, 2595, 2843, 2926, 2927, 2844
892, 2595, 2678, 2679, 2596, 2844, 2927, 2928, 2845
893, 2596, 2679, 2680, 2597, 2845, 2928, 2929, 2846
894, 2597, 2680, 2681, 2598, 2846, 2929, 2930, 2847
895, 2598, 2681, 2682, 2599, 2847, 2930, 2931, 2848
896, 2599, 2682, 2683, 2600, 2848, 2931, 2932, 2849
897, 2600, 2683, 2684, 2601, 2849, 2932, 2933, 2850
898, 2601, 2684, 2685, 2602, 2850, 2933, 2934, 2851
899, 2602, 2685, 2686, 2603, 2851, 2934, 2935, 2852
900, 2603, 2686, 2687, 2604, 2852, 2935, 2936, 2853
901, 2604, 2687, 2688, 2605, 2853, 2936, 2937, 2854
902, 2605, 2688, 2689, 2606, 2854, 2937, 2938, 2855
903, 2606, 2689, 2690, 2607, 2855, 2938, 2939, 2856
904, 2607, 2690, 2691, 2608, 2856, 2939, 2940, 2857
905, 2608, 2691, 2692, 2609, 2857, 2940, 2941, 2858
906, 2609, 2692, 2693, 2610, 2858, 2941, 2942, 2859
907, 2610, 2693, 2694, 2611, 2859, 2942, 2943, 2860
908, 2611, 2694, 2695, 2612, 2860, 2943, 2944, 2861
909, 2612, 2695, 2696, 2613, 2861, 2944, 2945, 2862
910, 2613, 2696, 2697, 2614, 2862, 2945, 2946, 2863
911, 2614, 2697, 2698, 2615, 2863, 2946, 2947, 2864
912, 2615, 2698, 2699, 2616, 2864, 2947, 2948, 2865
913, 2616, 2699, 2700, 2617, 2865, 2948, 2949, 2866
914, 2617, 2700, 2701, 2618, 2866, 2949, 2950, 2867
915, 2618, 2701, 2702, 2619, 2867, 2950, 2951, 2868
916, 2619, 2702, 2703, 2620, 2868, 2951, 2952, 2869
917, 2620, 2703, 2704, 2621, 2869, 2952, 2953, 2870
918, 2621, 2704, 2705, 2622, 2870, 2953, 2954, 2871
919, 2622, 2705, 2706, 2623, 2871, 2954, 2955, 2872
920, 2623, 2706, 2707, 2624, 2872, 2955, 2956, 2873
921, 2624, 2707, 2708, 2625, 2873, 2956, 2957, 2874
922, 2625, 2708, 2709, 2626, 2874, 2957, 2958, 2875
923, 2626, 2709, 2710, 2627, 2875, 2958, 2959, 2876
924, 2627, 2710, 472, 471, 2876, 2959, 475, 476
925, 34, 35, 2711, 2628, 83, 84, 2960, 2877
926, 2628, 2711, 2712, 2629, 2877, 2960, 2961, 2878
927, 2629, 2712, 2713, 2630, 2878, 2961, 2962, 2879
928, 2630, 2713, 2714, 2631, 2879, 2962, 2963, 2880
929, 2631, 2714, 2715, 2632, 2880, 2963, 2964, 2881
930, 2632, 2715, 2716, 2633, 2881, 2964, 2965, 2882
931, 2633, 2716, 2717, 2634, 2882, 2965, 2966, 2883
932, 2634, 2717, 2718, 2635, 2883, 2966, 2967, 2884
933, 2635, 2718, 2719, 2636, 2884, 2967, 2968, 2885
934, 2636, 2719, 2720, 2637, 2885, 2968, 2969, 2886
935, 2637, 2720, 2721, 2638, 2886, 2969, 2970, 2887
936, 2638, 2721, 2722, 2639, 2887, 2970, 2971, 2888
937, 2639, 2722, 2723, 2640, 2888, 2971, 2972, 2889
938, 2640, 2723, 2724, 2641, 2889, 2972, 2973, 2890
939, 2641, 2724, 2725, 2642, 2890, 2973, 2974, 2891
940, 2642, 2725, 2726, 2643, 2891, 2974, 2975, 2892
941, 2643, 2726, 2727, 2644, 2892, 2975, 2976, 2893
942, 2644, 2727, 2728, 2645, 2893, 2976, 2977, 2894
943, 2645, 2728, 2729, 2646, 2894, 2977, 2978, 2895
944, 2646, 2729, 2730, 2647, 2895, 2978, 2979, 2896
945, 2647, 2730, 2731, 2648, 2896, 2979, 2980, 2897
946, 2648, 2731, 2732, 2649, 2897, 2980, 2981, 2898
947, 2649, 2732, 2733, 2650, 2898, 2981, 2982, 2899
948, 2650, 2733, 2734, 2651, 2899, 2982, 2983, 2900
949, 2651, 2734, 2735, 2652, 2900, 2983, 2984, 2901
950, 2652, 2735, 2736, 2653, 2901, 2984, 2985, 2902
951, 2653, 2736, 2737, 2654, 2902, 2985, 2986, 2903
952, 2654, 2737, 2738, 2655, 2903, 2986, 2987, 2904
953, 2655, 2738, 2739, 2656, 2904, 2987, 2988, 2905
954, 2656, 2739, 2740, 2657, 2905, 2988, 2989, 2906
955, 2657, 2740, 2741, 2658, 2906, 2989, 2990, 2907
956, 2658, 2741, 2742, 2659, 2907, 2990, 2991, 2908
957, 2659, 2742, 2743, 2660, 2908, 2991, 2992, 2909
958, 2660, 2743, 2744, 2661, 2909, 2992, 2993, 2910
959, 2661, 2744, 2745, 2662, 2910, 2993, 2994, 2911
960, 2662, 2745, 2746, 2663, 2911, 2994, 2995, 2912
961, 2663, 2746, 2747, 2664, 2912, 2995, 2996, 2913
962, 2664, 2747, 2748, 2665, 2913, 2996, 2997, 2914
963, 2665, 2748, 2749, 2666, 2914, 2997, 2998, 2915
964, 2666, 2749, 2750, 2667, 2915, 2998, 2999, 2916
965, 2667, 2750, 2751, 2668, 2916, 2999, 3000, 2917
966, 2668, 2751, 2752, 2669, 2917, 3000, 3001, 2918
967, 2669, 2752, 2753, 2670, 2918, 3001, 3002, 2919
968, 2670, 2753, 2754, 2671, 2919, 3002, 3003, 2920
969, 2671, 2754, 2755, 2672, 2920, 3003, 3004, 2921
970, 2672, 2755, 2756, 2673, 2921, 3004, 3005, 2922
971, 2673, 2756, 2757, 2674, 2922, 3005, 3006, 2923
972, 2674, 2757, 2758, 2675, 2923, 3006, 3007, 2924
973, 2675, 2758, 2759, 2676, 2924, 3007, 3008, 2925
974, 2676, 2759, 2760, 2677, 2925, 3008, 3009, 2926
975, 2677, 2760, 2761, 2678, 2926, 3009, 3010, 2927
976, 2678, 2761, 2762, 2679, 2927, 3010, 3011, 2928
977, 2679, 2762, 2763, 2680, 2928, 3011, 3012, 2929
978, 2680, 2763, 2764, 2681, 2929, 3012, 3013, 2930
979, 2681, 2764, 2765, 2682, 2930, 3013, 3014, 2931
980, 2682, 2765, 2766, 2683, 2931, 3014, 3015, 2932
981, 2683, 2766, 2767, 2684, 2932, 3015, 3016, 2933
982, 2684, 2767, 2768, 2685, 2933, 3016, 3017, 2934
983, 2685, 2768, 2769, 2686, 2934, 3017, 3018, 2935
984, 2686, 2769, 2770, 2687, 2935, 3018, 3019, 2936
985, 2687, 2770, 2771, 2688, 2936, 3019, 3020, 2937
986, 2688, 2771, 2772, 2689, 2937, 3020, 3021, 2938
987, 2689, 2772, 2773, 2690, 2938, 3021, 3022, 2939
988, 2690, 2773, 2774, 2691, 2939, 3022, 3023, 2940
989, 2691, 2774, 2775, 2692, 2940, 3023, 3024, 2941
990, 2692, 2775, 2776, 2693, 2941, 3024, 3025, 2942
991, 2693, 2776, 2777, 2694, 2942, 3025, 3026, 2943
992, 2694, 2777, 2778, 2695, 2943, 3026, 3027, 2944
993, 2695, 2778, 2779, 2696, 2944, 3027, 3028, 2945
994, 2696, 2779, 2780, 2697, 2945, 3028, 3029, 2946
995, 2697, 2780, 2781, 2698, 2946, 3029, 3030, 2947
996, 2698, 2781, 2782, 2699, 2947, 3030, 3031, 2948
997, 2699, 2782, 2783, 2700, 2948, 3031, 3032, 2949
998, 2700, 2783, 2784, 2701, 2949, 3032, 3033, 2950
999, 2701, 2784, 2785, 2702, 2950, 3033, 3034, 2951
1000, 2702, 2785, 2786, 2703, 2951, 3034, 3035, 2952
1001, 2703, 2786, 2787, 2704, 2952, 3035, 3036, 2953
1002, 2704, 2787, 2788, 2705, 2953, 3036, 3037, 2954
1003, 2705, 2788, 2789, 2706, 2954, 3037, 3038, 2955
1004, 2706, 2789, 2790, 2707, 2955, 3038, 3039, 2956
1005, 2707, 2790, 2791, 2708, 2956, 3039, 3040, 2957
1006, 2708, 2791, 2792, 2709, 2957, 3040, 3041, 2958
1007, 2709, 2792, 2793, 2710, 2958, 3041, 3042, 2959
1008, 2710, 2793, 473, 472, 2959, 3042, 474, 475
1009, 35, 3, 477, 2711, 84, 9, 560, 2960
1010, 2711, 477, 478, 2712, 2960, 560, 561, 2961
1011, 2712, 478, 479, 2713, 2961, 561, 562, 2962
1012, 2713, 479, 480, 2714, 2962, 562, 563, 2963
1013, 2714, 480, 481, 2715, 2963, 563, 564, 2964
1014, 2715, 481, 482, 2716, 2964, 564, 565, 2965
1015, 2716, 482, 483, 2717, 2965, 565, 566, 2966
1016, 2717, 483, 484, 2718, 2966, 566, 567, 2967
1017, 2718, 484, 485, 2719, 2967, 567, 568, 2968
1018, 2719, 485, 486, 2720, 2968, 568, 569, 2969
1019, 2720, 486, 487, 2721, 2969, 569, 570, 2970
1020, 2721, 487, 488, 2722, 2970, 570, 571, 2971
1021, 2722, 488, 489, 2723, 2971, 571, 572, 2972
1022, 2723, 489, 490, 2724, 2972, 572, 573, 2973
1023, 2724, 490, 491, 2725, 2973, 573, 574, 2974
1024, 2725, 491, 492, 2726, 2974, 574, 575, 2975
1025, 2726, 492, 493, 2727, 2975, 575, 576, 2976
1026, 2727, 493, 494, 2728, 2976, 576, 577, 2977
1027, 2728, 494, 495, 2729, 2977, 577, 578, 2978
1028, 2729, 495, 496, 2730, 2978, 578, 579, 2979
1029, 2730, 496, 497, 2731, 2979, 579, 580, 2980
1030, 2731, 497, 498, 2732, 2980, 580, 581, 2981
1031, 2732, 498, 499, 2733, 2981, 581, 582, 2982
1032, 2733, 499, 500, 2734, 2982, 582, 583, 2983
1033, 2734, 500, 501, 2735, 2983, 583, 584, 2984
1034, 2735, 501, 502, 2736, 2984, 584, 585, 2985
1035, 2736, 502, 503, 2737, 2985, 585, 586, 2986
1036, 2737, 503, 504, 2738, 2986, 586, 587, 2987
1037, 2738, 504, 505, 2739, 2987, 587, 588, 2988
1038, 2739, 505, 506, 2740, 2988, 588, 589, 2989
1039, 2740, 506, 507, 2741, 2989, 589, 590, 2990
1040, 2741, 507, 508, 2742, 2990, 590, 591, 2991
1041, 2742, 508, 509, 2743, 2991, 591, 592, 2992
1042, 2743, 509, 510, 2744, 2992, 592, 593, 2993
1043, 2744, 510, 511, 2745, 2993, 593, 594, 2994
1044, 2745, 511, 512, 2746, 2994, 594, 595, 2995
1045, 2746, 512, 513, 2747, 2995, 595, 596, 2996
1046, 2747, 513, 514, 2748, 2996, 596, 597, 2997
1047, 2748, 514, 515, 2749, 2997, 597, 598, 2998
1048, 2749, 515, 516, 2750, 2998, 598, 599, 2999
1049, 2750, 516, 517, 2751, 2999, 599, 600, 3000
1050, 2751, 517, 518, 2752, 3000, 600, 601, 3001
1051, 2752, 518, 519, 2753, 3001, 601, 602, 3002
1052, 2753, 519, 520, 2754, 3002, 602, 603, 3003
1053, 2754, 520, 521, 2755, 3003, 603, 604, 3004
1054, 2755, 521, 522, 2756, 3004, 604, 605, 3005
1055, 2756, 522, 523, 2757, 3005, 605, 606, 3006
1056, 2757, 523, 524, 2758, 3006, 606, 607, 3007
1057, 2758, 524, 525, 2759, 3007, 607, 608, 3008
1058, 2759, 525, 526, 2760, 3008, 608, 609, 3009
1059, 2760, 526, 527, 2761, 3009, 609, 610, 3010
1060, 2761, 527, 528, 2762, 3010, 610, 611, 3011
1061, 2762, 528, 529, 2763, 3011, 611, 612, 3012
1062, 2763, 529, 530, 2764, 3012, 612, 613, 3013
1063, 2764, 530, 531, 2765, 3013, 613, 614, 3014
1064, 2765, 531, 532, 2766, 3014, 614, 615, 3015
1065, 2766, 532, 533, 2767, 3015, 615, 616, 3016
1066, 2767, 533, 534, 2768, 3016, 616, 617, 3017
1067, 2768, 534, 535, 2769, 3017, 617, 618, 3018
1068, 2769, 535, 536, 2770, 3018, 618, 619, 3019
1069, 2770, 536, 537, 2771, 3019, 619, 620, 3020
1070, 2771, 537, 538, 2772, 3020, 620, 621, 3021
1071, 2772, 538, 539, 2773, 3021, 621, 622, 3022
1072, 2773, 539, 540, 2774, 3022, 622, 623, 3023
1073, 2774, 540, 541, 2775, 3023, 623, 624, 3024
1074, 2775, 541, 542, 2776, 3024, 624, 625, 3025
1075, 2776, 542, 543, 2777, 3025, 625, 626, 3026
1076, 2777, 543, 544, 2778, 3026, 626, 627, 3027
1077, 2778, 544, 545, 2779, 3027, 627, 628, 3028
1078, 2779, 545, 546, 2780, 3028, 628, 629, 3029
1079, 2780, 546, 547, 2781, 3029, 629, 630, 3030
1080, 2781, 547, 548, 2782, 3030, 630, 631, 3031
1081, 2782, 548, 549, 2783, 3031, 631, 632, 3032
1082, 2783, 549, 550, 2784, 3032, 632, 633, 3033
1083, 2784, 550, 551, 2785, 3033, 633, 634, 3034
1084, 2785, 551, 552, 2786, 3034, 634, 635, 3035
1085, 2786, 552, 553, 2787, 3035, 635, 636, 3036
1086, 2787, 553, 554, 2788, 3036, 636, 637, 3037
1087, 2788, 554, 555, 2789, 3037, 637, 638, 3038
1088, 2789, 555, 556, 2790, 3038, 638, 639, 3039
1089, 2790, 556, 557, 2791, 3039, 639, 640, 3040
1090, 2791, 557, 558, 2792, 3040, 640, 641, 3041
1091, 2792, 558, 559, 2793, 3041, 641, 642, 3042
1092, 2793, 559, 17, 473, 3042, 642, 18, 474
1093, 3, 36, 3043, 477, 9, 85, 5284, 560
1094, 477, 3043, 3044, 478, 560, 5284, 5285, 561
1095, 478, 3044, 3045, 479, 561, 5285, 5286, 562
1096, 479, 3045, 3046, 480, 562, 5286, 5287, 563
1097, 480, 3046, 3047, 481, 563, 5287, 5288, 564
1098, 481, 3047, 3048, 482, 564, 5288, 5289, 565
1099, 482, 3048, 3049, 483, 565, 5289, 5290, 566
1100, 483, 3049, 3050, 484, 566, 5290, 5291, 567
1101, 484, 3050, 3051, 485, 567, 5291, 5292, 568
1102, 485, 3051, 3052, 486, 568, 5292, 5293, 569
1103, 486, 3052, 3053, 487, 569, 5293, 5294, 570
1104, 487, 3053, 3054, 488, 570, 5294, 5295, 571
1105, 488, 3054, 3055, 489, 571, 5295, 5296, 572
1106, 489, 3055, 3056, 490, 572, 5296, 5297, 573
1107, 490, 3056, 3057, 491, 573, 5297, 5298, 574
1108, 491, 3057, 3058, 492, 574, 5298, 5299, 575
1109, 492, 3058, 3059, 493, 575, 5299, 5300, 576
1110, 493, 3059, 3060, 494, 576, 5300, 5301, 577
1111, 494, 3060, 3061, 495, 577, 5301, 5302, 578
1112, 495, 3061, 3062, 496, 578, 5302, 5303, 579
1113, 496, 3062, 3063, 497, 579, 5303, 5304, 580
1114, 497, 3063, 3064, 498, 580, 5304, 5305, 581
1115, 498, 3064, 3065, 499, 581, 5305, 5306, 582
1116, 499, 3065, 3066, 500, 582, 5306, 5307, 583
1117, 500, 3066, 3067, 501, 583, 5307, 5308, 584
1118, 501, 3067, 3068, 502, 584, 5308, 5309, 585
1119, 502, 3068, 3069, 503, 585, 5309, 5310, 586
1120, 503, 3069, 3070, 504, 586, 5310, 5311, 587
1121, 504, 3070, 3071, 505, 587, 5311, 5312, 588
1122, 505, 3071, 3072, 506, 588, 5312, 5313, 589
1123, 506, 3072, 3073, 507, 589, 5313, 5314, 590
1124, 507, 3073, 3074, 508, 590, 5314, 5315, 591
1125, 508, 3074, 3075, 509, 591, 5315, 5316, 592
1126, 509, 3075, 3076, 510, 592, 5316, 5317, 593
1127, 510, 3076, 3077, 511, 593, 5317, 5318, 594
1128, 511, 3077, 3078, 512, 594, 5318, 5319, 595
1129, 512, 3078, 3079, 513, 595, 5319, 5320, 596
1130, 513, 3079, 3080, 514, 596, 5320, 5321, 597
1131, 514, 3080, 3081, 515, 597, 5321, 5322, 598
1132, 515, 3081, 3082, 516, 598, 5322, 5323, 599
1133, 516, 3082, 3083, 517, 599, 5323, 5324, 600
1134, 517, 3083, 3084, 518, 600, 5324, 5325, 601
1135, 518, 3084, 3085, 519, 601, 5325, 5326, 602
1136, 519, 3085, 3086, 520, 602, 5326, 5327, 603
1137, 520, 3086, 3087, 521, 603, 5327, 5328, 604
1138, 521, 3087, 3088, 522, 604, 5328, 5329, 605
1139, 522, 3088, 3089, 523, 605, 5329, 5330, 606
1140, 523, 3089, 3090, 524, 606, 5330, 5331, 607
1141, 524, 3090, 3091, 525, 607, 5331, 5332, 608
1142, 525, 3091, 3092, 526, 608, 5332, 5333, 609
1143, 526, 3092, 3093, 527, 609, 5333, 5334, 610
1144, 527, 3093, 3094, 528, 610, 5334, 5335, 611
1145, 528, 3094, 3095, 529, 611, 5335, 5336, 612
1146, 529, 3095, 3096, 530, 612, 5336, 5337, 613
1147, 530, 3096, 3097, 531, 613, 5337, 5338, 614
1148, 531, 3097, 3098, 532, 614, 5338, 5339, 615
1149, 532, 3098, 3099, 533, 615, 5339, 5340, 616
1150, 533, 3099, 3100, 534, 616, 5340, 5341, 617
1151, 534, 3100, 3101, 535, 617, 5341, 5342, 618
1152, 535, 3101, 3102, 536, 618, 5342, 5343, 619
1153, 536, 3102, 3103, 537, 619, 5343, 5344, 620
1154, 537, 3103, 3104, 538, 620, 5344, 5345, 621
1155, 538, 3104, 3105, 539, 621, 5345, 5346, 622
1156, 539, 3105, 3106, 540, 622, 5346, 5347, 623
1157, 540, 3106, 3107, 541, 623, 5347, 5348, 624
1158, 541, 3107, 3108, 542, 624, 5348, 5349, 625
1159, 542, 3108, 3109, 543, 625, 5349, 5350, 626
1160, 543, 3109, 3110, 544, 626, 5350, 5351, 627
1161, 544, 3110, 3111, 545, 627, 5351, 5352, 628
1162, 545, 3111, 3112, 546, 628, 5352, 5353, 629
1163, 546, 3112, 3113, 547, 629, 5353, 5354, 630
1164, 547, 3113, 3114, 548, 630, 5354, 5355, 631
1165, 548, 3114, 3115, 549, 631, 5355, 5356, 632
1166, 549, 3115, 3116, 550, 632, 5356, 5357, 633
1167, 550, 3116, 3117, 551, 633, 5357, 5358, 634
1168, 551, 3117, 3118, 552, 634, 5358, 5359, 635
1169, 552, 3118, 3119, 553, 635, 5359, 5360, 636
1170, 553, 3119, 3120, 554, 636, 5360, 5361, 637
1171, 554, 3120, 3121, 555, 637, 5361, 5362, 638
1172, 555, 3121, 3122, 556, 638, 5362, 5363, 639
1173, 556, 3122, 3123, 557, 639, 5363, 5364, 640
1174, 557, 3123, 3124, 558, 640, 5364, 5365, 641
1175, 558, 3124, 3125, 559, 641, 5365, 5366, 642
1176, 559, 3125, 643, 17, 642, 5366, 696, 18
1177, 36, 37, 3126, 3043, 85, 86, 5367, 5284
1178, 3043, 3126, 3127, 3044, 5284, 5367, 5368, 5285
1179, 3044, 3127, 3128, 3045, 5285, 5368, 5369, 5286
1180, 3045, 3128, 3129, 3046, 5286, 5369, 5370, 5287
1181, 3046, 3129, 3130, 3047, 5287, 5370, 5371, 5288
1182, 3047, 3130, 3131, 3048, 5288, 5371, 5372, 5289
1183, 3048, 3131, 3132, 3049, 5289, 5372, 5373, 5290
1184, 3049, 3132, 3133, 3050, 5290, 5373, 5374, 5291
1185, 3050, 3133, 3134, 3051, 5291, 5374, 5375, 5292
1186, 3051, 3134, 3135, 3052, 5292, 5375, 5376, 5293
1187, 3052, 3135, 3136, 3053, 5293, 5376, 5377, 5294
1188, 3053, 3136, 3137, 3054, 5294, 5377, 5378, 5295
1189, 3054, 3137, 3138, 3055, 5295, 5378, 5379, 5296
1190, 3055, 3138, 3139, 3056, 5296, 5379, 5380, 5297
1191, 3056, 3139, 3140, 3057, 5297, 5380, 5381, 5298
1192, 3057, 3140, 3141, 3058, 5298, 5381, 5382, 5299
1193, 3058, 3141, 3142, 3059, 5299, 5382, 5383, 5300
1194, 3059, 3142, 3143, 3060, 5300, 5383, 5384, 5301
1195, 3060, 3143, 3144, 3061, 5301, 5384, 5385, 5302
1196, 3061, 3144, 3145, 3062, 5302, 5385, 5386, 5303
1197, 3062, 3145, 3146, 3063, 5303, 5386, 5387, 5304
1198, 3063, 3146, 3147, 3064, 5304, 5387, 5388, 5305
1199, 3064, 3147, 3148, 3065, 5305, 5388, 5389, 5306
1200, 3065, 3148, 3149, 3066, 5306, 5389, 5390, 5307
1201, 3066, 3149, 3150, 3067, 5307, 5390, 5391, 5308
1202, 3067, 3150, 3151, 3068, 5308, 5391, 5392, 5309
1203, 3068, 3151, 3152, 3069, 5309, 5392, 5393, 5310
1204, 3069, 3152, 3153, 3070, 5310, 5393, 5394, 5311
1205, 3070, 3153, 3154, 3071, 5311, 5394, 5395, 5312
1206, 3071, 3154, 3155, 3072, 5312, 5395, 5396, 5313
1207, 3072, 3155, 3156, 3073, 5313, 5396, 5397, 5314
1208, 3073, 3156, 3157, 3074, 5314, 5397, 5398, 5315
1209, 3074, 3157, 3158, 3075, 5315, 5398, 5399, 5316
1210, 3075, 3158, 3159, 3076, 5316, 5399, 5400, 5317
1211, 3076, 3159, 3160, 3077, 5317, 5400, 5401, 5318
1212, 3077, 3160, 3161, 3078, 5318, 5401, 5402, 5319
1213, 3078, 3161, 3162, 3079, 5319, 5402, 5403, 5320
1214, 3079, 3162, 3163, 3080, 5320, 5403, 5404, 5321
1215, 3080, 3163, 3164, 3081, 5321, 5404, 5405, 5322
1216, 3081, 3164, 3165, 3082, 5322, 5405, 5406, 5323
1217, 3082, 3165, 3166, 3083, 5323, 5406, 5407, 5324
1218, 3083, 3166, 3167, 3084, 5324, 5407, 5408, 5325
1219, 3084, 3167, 3168, 3085, 5325, 5408, 5409, 5326
1220, 3085, 3168, 3169, 3086, 5326, 5409, 5410, 5327
1221, 3086, 3169, 3170, 3087, 5327, 5410, 5411, 5328
1222, 3087, 3170, 3171, 3088, 5328, 5411, 5412, 5329
1223, 3088, 3171, 3172, 3089, 5329, 5412, 5413, 5330
1224, 3089, 3172, 3173, 3090, 5330, 5413, 5414, 5331
1225, 3090, 3173, 3174, 3091, 5331, 5414, 5415, 5332
1226, 3091, 3174, 3175, 3092, 5332, 5415, 5416, 5333
1227, 3092, 3175, 3176, 3093, 5333, 5416, 5417, 5334
1228, 3093, 3176, 3177, 3094, 5334, 5417, 5418, 5335
1229, 3094, 3177, 3178, 3095, 5335, 5418, 5419, 5336
1230, 3095, 3178, 3179, 3096, 5336, 5419, 5420, 5337
1231, 3096, 3179, 3180, 3097, 5337, 5420, 5421, 5338
1232, 3097, 3180, 3181, 3098, 5338, 5421, 5422, 5339
1233, 3098, 3181, 3182, 3099, 5339, 5422, 5423, 5340
1234, 3099, 3182, 3183, 3100, 5340, 5423, 5424, 5341
1235, 3100, 3183, 3184, 3101, 5341, 5424, 5425, 5342
1236, 3101, 3184, 3185, 3102, 5342, 5425, 5426, 5343
1237, 3102, 3185, 3186, 3103, 5343, 5426, 5427, 5344
1238, 3103, 3186, 3187, 3104, 5344, 5427, 5428, 5345
1239, 3104, 3187, 3188, 3105, 5345, 5428, 5429, 5346
1240, 3105, 3188, 3189, 3106, 5346, 5429, 5430, 5347
1241, 3106, 3189, 3190, 3107, 5347, 5430, 5431, 5348
1242, 3107, 3190, 3191, 3108, 5348, 5431, 5432, 5349
1243, 3108, 3191, 3192, 3109, 5349, 5432, 5433, 5350
1244, 3109, 3192, 3193, 3110, 5350, 5433, 5434, 5351
1245, 3110, 3193, 3194, 3111, 5351, 5434, 5435, 5352
1246, 3111, 3194, 3195, 3112, 5352, 5435, 5436, 5353
1247, 3112, 3195, 3196, 3113, 5353, 5436, 5437, 5354
1248, 3113, 3196, 3197, 3114, 5354, 5437, 5438, 5355
1249, 3114, 3197, 3198, 3115, 5355, 5438, 5439, 5356
1250, 3115, 3198, 3199, 3116, 5356, 5439, 5440, 5357
1251, 3116, 3199, 3200, 3117, 5357, 5440, 5441, 5358
1252, 3117, 3200, 3201, 3118, 5358, 5441, 5442, 5359
1253, 3118, 3201, 3202, 3119, 5359, 5442, 5443, 5360
1254, 3119, 3202, 3203, 3120, 5360, 5443, 5444, 5361
1255, 3120, 3203, 3204, 3121, 5361, 5444, 5445, 5362
1256, 3121, 3204, 3205, 3122, 5362, 5445, 5446, 5363
1257, 3122, 3205, 3206, 3123, 5363, 5446, 5447, 5364
1258, 3123, 3206, 3207, 3124, 5364, 5447, 5448, 5365
1259, 3124, 3207, 3208, 3125, 5365, 5448, 5449, 5366
1260, 3125, 3208, 644, 643, 5366, 5449, 695, 696
1261, 37, 38, 3209, 3126, 86, 87, 5450, 5367
1262, 3126, 3209, 3210, 3127, 5367, 5450, 5451, 5368
1263, 3127, 3210, 3211, 3128, 5368, 5451, 5452, 5369
1264, 3128, 3211, 3212, 3129, 5369, 5452, 5453, 5370
1265, 3129, 3212, 3213, 3130, 5370, 5453, 5454, 5371
1266, 3130, 3213, 3214, 3131, 5371, 5454, 5455, 5372
1267, 3131, 3214, 3215, 3132, 5372, 5455, 5456, 5373
1268, 3132, 3215, 3216, 3133, 5373, 5456, 5457, 5374
1269, 3133, 3216, 3217, 3134, 5374, 5457, 5458, 5375
1270, 3134, 3217, 3218, 3135, 5375, 5458, 5459, 5376
1271, 3135, 3218, 3219, 3136, 5376, 5459, 5460, 5377
1272, 3136, 3219, 3220, 3137, 5377, 5460, 5461, 5378
1273, 3137, 3220, 3221, 3138, 5378, 5461, 5462, 5379
1274, 3138, 3221, 3222, 3139, 5379, 5462, 5463, 5380
1275, 3139, 3222, 3223, 3140, 5380, 5463, 5464, 5381
1276, 3140, 3223, 3224, 3141, 5381, 5464, 5465, 5382
1277, 3141, 3224, 3225, 3142, 5382, 5465, 5466, 5383
1278, 3142, 3225, 3226, 3143, 5383, 5466, 5467, 5384
1279, 3143, 3226, 3227, 3144, 5384, 5467, 5468, 5385
1280, 3144, 3227, 3228, 3145, 5385, 5468, 5469, 5386
1281, 3145, 3228, 3229, 3146, 5386, 5469, 5470, 5387
1282, 3146, 3229, 3230, 3147, 5387, 5470, 5471, 5388
1283, 3147, 3230, 3231, 3148, 5388, 5471, 5472, 5389
1284, 3148, 3231, 3232, 3149, 5389, 5472, 5473, 5390
1285, 3149, 3232, 3233, 3150, 5390, 5473, 5474, 5391
1286, 3150, 3233, 3234, 3151, 5391, 5474, 5475, 5392
1287, 3151, 3234, 3235, 3152, 5392, 5475, 5476, 5393
1288, 3152, 3235, 3236, 3153, 5393, 5476, 5477, 5394
1289, 3153, 3236, 3237, 3154, 5394, 5477, 5478, 5395
1290, 3154, 3237, 3238, 3155, 5395, 5478, 5479, 5396
1291, 3155, 3238, 3239, 3156, 5396, 5479, 5480, 5397
1292, 3156, 3239, 3240, 3157, 5397, 5480, 5481, 5398
1293, 3157, 3240, 3241, 3158, 5398, 5481, 5482, 5399
1294, 3158, 3241, 3242, 3159, 5399, 5482, 5483, 5400
1295, 3159, 3242, 3243, 3160, 5400, 5483, 5484, 5401
1296, 3160, 3243, 3244, 3161, 5401, 5484, 5485, 5402
1297, 3161, 3244, 3245, 3162, 5402, 5485, 5486, 5403
1298, 3162, 3245, 3246, 3163, 5403, 5486, 5487, 5404
1299, 3163, 3246, 3247, 3164, 5404, 5487, 5488, 5405
1300, 3164, 3247, 3248, 3165, 5405, 5488, 5489, 5406
1301, 3165, 3248, 3249, 3166, 5406, 5489, 5490, 5407
1302, 3166, 3249, 3250, 3167, 5407, 5490, 5491, 5408
1303, 3167, 3250, 3251, 3168, 5408, 5491, 5492, 5409
1304, 3168, 3251, 3252, 3169, 5409, 5492, 5493, 5410
1305, 3169, 3252, 3253, 3170, 5410, 5493, 5494, 5411
1306, 3170, 3253, 3254, 3171, 5411, 5494, 5495, 5412
1307, 3171, 3254, 3255, 3172, 5412, 5495, 5496, 5413
1308, 3172, 3255, 3256, 3173, 5413, 5496, 5497, 5414
1309, 3173, 3256, 3257, 3174, 5414, 5497, 5498, 5415
1310, 3174, 3257, 3258, 3175, 5415, 5498, 5499, 5416
1311, 3175, 3258, 3259, 3176, 5416, 5499, 5500, 5417
1312, 3176, 3259, 3260, 3177, 5417, 5500, 5501, 5418
1313, 3177, 3260, 3261, 3178, 5418, 5501, 5502, 5419
1314, 3178, 3261, 3262, 3179, 5419, 5502, 5503, 5420
1315, 3179, 3262, 3263, 3180, 5420, 5503, 5504, 5421
1316, 3180, 3263, 3264, 3181, 5421, 5504, 5505, 5422
1317, 3181, 3264, 3265, 3182, 5422, 5505, 5506, 5423
1318, 3182, 3265, 3266, 3183, 5423, 5506, 5507, 5424
1319, 3183, 3266, 3267, 3184, 5424, 5507, 5508, 5425
1320, 3184, 3267, 3268, 3185, 5425, 5508, 5509, 5426
1321, 3185, 3268, 3269, 3186, 5426, 5509, 5510, 5427
1322, 3186, 3269, 3270, 3187, 5427, 5510, 5511, 5428
1323, 3187, 3270, 3271, 3188, 5428, 5511, 5512, 5429
1324, 3188, 3271, 3272, 3189, 5429, 5512, 5513, 5430
1325, 3189, 3272, 3273, 3190, 5430, 5513, 5514, 5431
1326, 3190, 3273, 3274, 3191, 5431, 5514, 5515, 5432
1327, 3191, 3274, 3275, 3192, 5432, 5515, 5516, 5433
1328, 3192, 3275, 3276, 3193, 5433, 5516, 5517, 5434
1329, 3193, 3276, 3277, 3194, 5434, 5517, 5518, 5435
1330, 3194, 3277, 3278, 3195, 5435, 5518, 5519, 5436
1331, 3195, 3278, 3279, 3196, 5436, 5519, 5520, 5437
1332, 3196, 3279, 3280, 3197, 5437, 5520, 5521, 5438
1333, 3197, 3280, 3281, 3198, 5438, 5521, 5522, 5439
1334, 3198, 3281, 3282, 3199, 5439, 5522, 5523, 5440
1335, 3199, 3282, 3283, 3200, 5440, 5523, 5524, 5441
1336, 3200, 3283, 3284, 3201, 5441, 5524, 5525, 5442
1337, 3201, 3284, 3285, 3202, 5442, 5525, 5526, 5443
1338, 3202, 3285, 3286, 3203, 5443, 5526, 5527, 5444
1339, 3203, 3286, 3287, 3204, 5444, 5527, 5528, 5445
1340, 3204, 3287, 3288, 3205, 5445, 5528, 5529, 5446
1341, 3205, 3288, 3289, 3206, 5446, 5529, 5530, 5447
1342, 3206, 3289, 3290, 3207, 5447, 5530, 5531, 5448
1343, 3207, 3290, 3291, 3208, 5448, 5531, 5532, 5449
1344, 3208, 3291, 645, 644, 5449, 5532, 694, 695
1345, 38, 39, 3292, 3209, 87, 88, 5533, 5450
1346, 3209, 3292, 3293, 3210, 5450, 5533, 5534, 5451
1347, 3210, 3293, 3294, 3211, 5451, 5534, 5535, 5452
1348, 3211, 3294, 3295, 3212, 5452, 5535, 5536, 5453
1349, 3212, 3295, 3296, 3213, 5453, 5536, 5537, 5454
1350, 3213, 3296, 3297, 3214, 5454, 5537, 5538, 5455
1351, 3214, 3297, 3298, 3215, 5455, 5538, 5539, 5456
1352, 3215, 3298, 3299, 3216, 5456, 5539, 5540, 5457
1353, 3216, 3299, 3300, 3217, 5457, 5540, 5541, 5458
1354, 3217, 3300, 3301, 3218, 5458, 5541, 5542, 5459
1355, 3218, 3301, 3302, 3219, 5459, 5542, 5543, 5460
1356, 3219, 3302, 3303, 3220, 5460, 5543, 5544, 5461
1357, 3220, 3303, 3304, 3221, 5461, 5544, 5545, 5462
1358, 3221, 3304, 3305, 3222, 5462, 5545, 5546, 5463
1359, 3222, 3305, 3306, 3223, 5463, 5546, 5547, 5464
1360, 3223, 3306, 3307, 3224, 5464, 5547, 5548, 5465
1361, 3224, 3307, 3308, 3225, 5465, 5548, 5549, 5466
1362, 3225, 3308, 3309, 3226, 5466, 5549, 5550, 5467
1363, 3226, 3309, 3310, 3227, 5467, 5550, 5551, 5468
1364, 3227, 3310, 3311, 3228, 5468, 5551, 5552, 5469
1365, 3228, 3311, 3312, 3229, 5469, 5552, 5553, 5470
1366, 3229, 3312, 3313, 3230, 5470, 5553, 5554, 5471
1367, 3230, 3313, 3314, 3231, 5471, 5554, 5555, 5472
1368, 3231, 3314, 3315, 3232, 5472, 5555, 5556, 5473
1369, 3232, 3315, 3316, 3233, 5473, 5556, 5557, 5474
1370, 3233, 3316, 3317, 3234, 5474, 5557, 5558, 5475
1371, 3234, 3317, 3318, 3235, 5475, 5558, 5559, 5476
1372, 3235, 3318, 3319, 3236, 5476, 5559, 5560, 5477
1373, 3236, 3319, 3320, 3237, 5477, 5560, 5561, 5478
1374, 3237, 3320, 3321, 3238, 5478, 5561, 5562, 5479
1375, 3238, 3321, 3322, 3239, 5479, 5562, 5563, 5480
1376, 3239, 3322, 3323, 3240, 5480, 5563, 5564, 5481
1377, 3240, 3323, 3324, 3241, 5481, 5564, 5565, 5482
1378, 3241, 3324, 3325, 3242, 5482, 5565, 5566, 5483
1379, 3242, 3325, 3326, 3243, 5483, 5566, 5567, 5484
1380, 3243, 3326, 3327, 3244, 5484, 5567, 5568, 5485
1381, 3244, 3327, 3328, 3245, 5485, 5568, 5569, 5486
1382, 3245, 3328, 3329, 3246, 5486, 5569, 5570, 5487
1383, 3246, 3329, 3330, 3247, 5487, 5570, 5571, 5488
1384, 3247, 3330, 3331, 3248, 5488, 5571, 5572, 5489
1385, 3248, 3331, 3332, 3249, 5489, 5572, 5573, 5490
1386, 3249, 3332, 3333, 3250, 5490, 5573, 5574, 5491
1387, 3250, 3333, 3334, 3251, 5491, 5574, 5575, 5492
1388, 3251, 3334, 3335, 3252, 5492, 5575, 5576, 5493
1389, 3252, 3335, 3336, 3253, 5493, 5576, 5577, 5494
1390, 3253, 3336, 3337, 3254, 5494, 5577, 5578, 5495
1391, 3254, 3337, 3338, 3255, 5495, 5578, 5579, 5496
1392, 3255, 3338, 3339, 3256, 5496, 5579, 5580, 5497
1393, 3256, 3339, 3340, 3257, 5497, 5580, 5581, 5498
1394, 3257, 3340, 3341, 3258, 5498, 5581, 5582, 5499
1395, 3258, 3341, 3342, 3259, 5499, 5582, 5583, 5500
1396, 3259, 3342, 3343, 3260, 5500, 5583, 5584, 5501
1397, 3260, 3343, 3344, 3261, 5501, 5584, 5585, 5502
1398, 3261, 3344, 3345, 3262, 5502, 5585, 5586, 5503
1399, 3262, 3345, 3346, 3263, 5503, 5586, 5587, 5504
1400, 3263, 3346, 3347, 3264, 5504, 5587, 5588, 5505
1401, 3264, 3347, 3348, 3265, 5505, 5588, 5589, 5506
1402, 3265, 3348, 3349, 3266, 5506, 5589, 5590, 5507
1403, 3266, 3349, 3350, 3267, 5507, 5590, 5591, 5508
1404, 3267, 3350, 3351, 3268, 5508, 5591, 5592, 5509
1405, 3268, 3351, 3352, 3269, 5509, 5592, 5593, 5510
1406, 3269, 3352, 3353, 3270, 5510, 5593, 5594, 5511
1407, 3270, 3353, 3354, 3271, 5511, 5594, 5595, 5512
1408, 3271, 3354, 3355, 3272, 5512, 5595, 5596, 5513
1409, 3272, 3355, 3356, 3273, 5513, 5596, 5597, 5514
1410, 3273, 3356, 3357, 3274, 5514, 5597, 5598, 5515
1411, 3274, 3357, 3358, 3275, 5515, 5598, 5599, 5516
1412, 3275, 3358, 3359, 3276, 5516, 5599, 5600, 5517
1413, 3276, 3359, 3360, 3277, 5517, 5600, 5601, 5518
1414, 3277, 3360, 3361, 3278, 5518, 5601, 5602, 5519
1415, 3278, 3361, 3362, 3279, 5519, 5602, 5603, 5520
1416, 3279, 3362, 3363, 3280, 5520, 5603, 5604, 5521
1417, 3280, 3363, 3364, 3281, 5521, 5604, 5605, 5522
1418, 3281, 3364, 3365, 3282, 5522, 5605, 5606, 5523
1419, 3282, 3365, 3366, 3283, 5523, 5606, 5607, 5524
1420, 3283, 3366, 3367, 3284, 5524, 5607, 5608, 5525
1421, 3284, 3367, 3368, 3285, 5525, 5608, 5609, 5526
1422, 3285, 3368, 3369, 3286, 5526, 5609, 5610, 5527
1423, 3286, 3369, 3370, 3287, 5527, 5610, 5611, 5528
1424, 3287, 3370, 3371, 3288, 5528, 5611, 5612, 5529
1425, 3288, 3371, 3372, 3289, 5529, 5612, 5613, 5530
1426, 3289, 3372, 3373, 3290, 5530, 5613, 5614, 5531
1427, 3290, 3373, 3374, 3291, 5531, 5614, 5615, 5532
1428, 3291, 3374, 646, 645, 5532, 5615, 693, 694
1429, 39, 40, 3375, 3292, 88, 89, 5616, 5533
1430, 3292, 3375, 3376, 3293, 5533, 5616, 5617, 5534
1431, 3293, 3376, 3377, 3294, 5534, 5617, 5618, 5535
1432, 3294, 3377, 3378, 3295, 5535, 5618, 5619, 5536
1433, 3295, 3378, 3379, 3296, 5536, 5619, 5620, 5537
1434, 3296, 3379, 3380, 3297, 5537, 5620, 5621, 5538
1435, 3297, 3380, 3381, 3298, 5538, 5621, 5622, 5539
1436, 3298, 3381, 3382, 3299, 5539, 5622, 5623, 5540
1437, 3299, 3382, 3383, 3300, 5540, 5623, 5624, 5541
1438, 3300, 3383, 3384, 3301, 5541, 5624, 5625, 5542
1439, 3301, 3384, 3385, 3302, 5542, 5625, 5626, 5543
1440, 3302, 3385, 3386, 3303, 5543, 5626, 5627, 5544
1441, 3303, 3386, 3387, 3304, 5544, 5627, 5628, 5545
1442, 3304, 3387, 3388, 3305, 5545, 5628, 5629, 5546
1443, 3305, 3388, 3389, 3306, 5546, 5629, 5630, 5547
1444, 3306, 3389, 3390, 3307, 5547, 5630, 5631, 5548
1445, 3307, 3390, 3391, 3308, 5548, 5631, 5632, 5549
1446, 3308, 3391, 3392, 3309, 5549, 5632, 5633, 5550
1447, 3309, 3392, 3393, 3310, 5550, 5633, 5634, 5551
1448, 3310, 3393, 3394, 3311, 5551, 5634, 5635, 5552
1449, 3311, 3394, 3395, 3312, 5552, 5635, 5636, 5553
1450, 3312, 3395, 3396, 3313, 5553, 5636, 5637, 5554
1451, 3313, 3396, 3397, 3314, 5554, 5637, 5638, 5555
1452, 3314, 3397, 3398, 3315, 5555, 5638, 5639, 5556
1453, 3315, 3398, 3399, 3316, 5556, 5639, 5640, 5557
1454, 3316, 3399, 3400, 3317, 5557, 5640, 5641, 5558
1455, 3317, 3400, 3401, 3318, 5558, 5641, 5642, 5559
1456, 3318, 3401, 3402, 3319, 5559, 5642, 5643, 5560
1457, 3319, 3402, 3403, 3320, 5560, 5643, 5644, 5561
1458, 3320, 3403, 3404, 3321, 5561, 5644, 5645, 5562
1459, 3321, 3404, 3405, 3322, 5562, 5645, 5646, 5563
1460, 3322, 3405, 3406, 3323, 5563, 5646, 5647, 5564
1461, 3323, 3406, 3407, 3324, 5564, 5647, 5648, 5565
1462, 3324, 3407, 3408, 3325, 5565, 5648, 5649, 5566
1463, 3325, 3408, 3409, 3326, 5566, 5649, 5650, 5567
1464, 3326, 3409, 3410, 3327, 5567, 5650, 5651, 5568
1465, 3327, 3410, 3411, 3328, 5568, 5651, 5652, 5569
1466, 3328, 3411, 3412, 3329, 5569, 5652, 5653, 5570
1467, 3329, 3412, 3413, 3330, 5570, 5653, 5654, 5571
1468, 3330, 3413, 3414, 3331, 5571, 5654, 5655, 5572
1469, 3331, 3414, 3415, 3332, 5572, 5655, 5656, 5573
1470, 3332, 3415, 3416, 3333, 5573, 5656, 5657, 5574
1471, 3333, 3416, 3417, 3334, 5574, 5657, 5658, 5575
1472, 3334, 3417, 3418, 3335, 5575, 5658, 5659, 5576
1473, 3335, 3418, 3419, 3336, 5576, 5659, 5660, 5577
1474, 3336, 3419, 3420, 3337, 5577, 5660, 5661, 5578
1475, 3337, 3420, 3421, 3338, 5578, 5661, 5662, 5579
1476, 3338, 3421, 3422, 3339, 5579, 5662, 5663, 5580
1477, 3339, 3422, 3423, 3340, 5580, 5663, 5664, 5581
1478, 3340, 3423, 3424, 3341, 5581, 5664, 5665, 5582
1479, 3341, 3424, 3425, 3342, 5582, 5665, 5666, 5583
1480, 3342, 3425, 3426, 3343, 5583, 5666, 5667, 5584
1481, 3343, 3426, 3427, 3344, 5584, 5667, 5668, 5585
1482, 3344, 3427, 3428, 3345, 5585, 5668, 5669, 5586
1483, 3345, 3428, 3429, 3346, 5586, 5669, 5670, 5587
1484, 3346, 3429, 3430, 3347, 5587, 5670, 5671, 5588
1485, 3347, 3430, 3431, 3348, 5588, 5671, 5672, 5589
1486, 3348, 3431, 3432, 3349, 5589, 5672, 5673, 5590
1487, 3349, 3432, 3433, 3350, 5590, 5673, 5674, 5591
1488, 3350, 3433, 3434, 3351, 5591, 5674, 5675, 5592
1489, 3351, 3434, 3435, 3352, 5592, 5675, 5676, 5593
1490, 3352, 3435, 3436, 3353, 5593, 5676, 5677, 5594
1491, 3353, 3436, 3437, 3354, 5594, 5677, 5678, 5595
1492, 3354, 3437, 3438, 3355, 5595, 5678, 5679, 5596
1493, 3355, 3438, 3439, 3356, 5596, 5679, 5680, 5597
1494, 3356, 3439, 3440, 3357, 5597, 5680, 5681, 5598
1495, 3357, 3440, 3441, 3358, 5598, 5681, 5682, 5599
1496, 3358, 3441, 3442, 3359, 5599, 5682, 5683, 5600
1497, 3359, 3442, 3443, 3360, 5600, 5683, 5684, 5601
1498, 3360, 3443, 3444, 3361, 5601, 5684, 5685, 5602
1499, 3361, 3444, 3445, 3362, 5602, 5685, 5686, 5603
1500, 3362, 3445, 3446, 3363, 5603, 5686, 5687, 5604
1501, 3363, 3446, 3447, 3364, 5604, 5687, 5688, 5605
1502, 3364, 3447, 3448, 3365, 5605, 5688, 5689, 5606
1503, 3365, 3448, 3449, 3366, 5606, 5689, 5690, 5607
1504, 3366, 3449, 3450, 3367, 5607, 5690, 5691, 5608
1505, 3367, 3450, 3451, 3368, 5608, 5691, 5692, 5609
1506, 3368, 3451, 3452, 3369, 5609, 5692, 5693, 5610
1507, 3369, 3452, 3453, 3370, 5610, 5693, 5694, 5611
1508, 3370, 3453, 3454, 3371, 5611, 5694, 5695, 5612
1509, 3371, 3454, 3455, 3372, 5612, 5695, 5696, 5613
1510, 3372, 3455, 3456, 3373, 5613, 5696, 5697, 5614
1511, 3373, 3456, 3457, 3374, 5614, 5697, 5698, 5615
1512, 3374, 3457, 647, 646, 5615, 5698, 692, 693
1513, 40, 41, 3458, 3375, 89, 90, 5699, 5616
1514, 3375, 3458, 3459, 3376, 5616, 5699, 5700, 5617
1515, 3376, 3459, 3460, 3377, 5617, 5700, 5701, 5618
1516, 3377, 3460, 3461, 3378, 5618, 5701, 5702, 5619
1517, 3378, 3461, 3462, 3379, 5619, 5702, 5703, 5620
1518, 3379, 3462, 3463, 3380, 5620, 5703, 5704, 5621
1519, 3380, 3463, 3464, 3381, 5621, 5704, 5705, 5622
1520, 3381, 3464, 3465, 3382, 5622, 5705, 5706, 5623
1521, 3382, 3465, 3466, 3383, 5623, 5706, 5707, 5624
1522, 3383, 3466, 3467, 3384, 5624, 5707, 5708, 5625
1523, 3384, 3467, 3468, 3385, 5625, 5708, 5709, 5626
1524, 3385, 3468, 3469, 3386, 5626, 5709, 5710, 5627
1525, 3386, 3469, 3470, 3387, 5627, 5710, 5711, 5628
1526, 3387, 3470, 3471, 3388, 5628, 5711, 5712, 5629
1527, 3388, 3471, 3472, 3389, 5629, 5712, 5713, 5630
1528, 3389, 3472, 3473, 3390, 5630, 5713, 5714, 5631
1529, 3390, 3473, 3474, 3391, 5631, 5714, 5715, 5632
1530, 3391, 3474, 3475, 3392, 5632, 5715, 5716, 5633
1531, 3392, 3475, 3476, 3393, 5633, 5716, 5717, 5634
1532, 3393, 3476, 3477, 3394, 5634, 5717, 5718, 5635
1533, 3394, 3477, 3478, 3395, 5635, 5718, 5719, 5636
1534, 3395, 3478, 3479, 3396, 5636, 5719, 5720, 5637
1535, 3396, 3479, 3480, 3397, 5637, 5720, 5721, 5638
1536, 3397, 3480, 3481, 3398, 5638, 5721, 5722, 5639
1537, 3398, 3481, 3482, 3399, 5639, 5722, 5723, 5640
1538, 3399, 3482, 3483, 3400, 5640, 5723, 5724, 5641
1539, 3400, 3483, 3484, 3401, 5641, 5724, 5725, 5642
1540, 3401, 3484, 3485, 3402, 5642, 5725, 5726, 5643
1541, 3402, 3485, 3486, 3403, 5643, 5726, 5727, 5644
1542, 3403, 3486, 3487, 3404, 5644, 5727, 5728, 5645
1543, 3404, 3487, 3488, 3405, 5645, 5728, 5729, 5646
1544, 3405, 3488, 3489, 3406, 5646, 5729, 5730, 5647
1545, 3406, 3489, 3490, 3407, 5647, 5730, 5731, 5648
1546, 3407, 3490, 3491, 3408, 5648, 5731, 5732, 5649
1547, 3408, 3491, 3492, 3409, 5649, 5732, 5733, 5650
1548, 3409, 3492, 3493, 3410, 5650, 5733, 5734, 5651
1549, 3410, 3493, 3494, 3411, 5651, 5734, 5735, 5652
1550, 3411, 3494, 3495, 3412, 5652, 5735, 5736, 5653
1551, 3412, 3495, 3496, 3413, 5653, 5736, 5737, 5654
1552, 3413, 3496, 3497, 3414, 5654, 5737, 5738, 5655
1553, 3414, 3497, 3498, 3415, 5655, 5738, 5739, 5656
1554, 3415, 3498, 3499, 3416, 5656, 5739, 5740, 5657
1555, 3416, 3499, 3500, 3417, 5657, 5740, 5741, 5658
1556, 3417, 3500, 3501, 3418, 5658, 5741, 5742, 5659
1557, 3418, 3501, 3502, 3419, 5659, 5742, 5743, 5660
1558, 3419, 3502, 3503, 3420, 5660, 5743, 5744, 5661
1559, 3420, 3503, 3504, 3421, 5661, 5744, 5745, 5662
1560, 3421, 3504, 3505, 3422, 5662, 5745, 5746, 5663
1561, 3422, 3505, 3506, 3423, 5663, 5746, 5747, 5664
1562, 3423, 3506, 3507, 3424, 5664, 5747, 5748, 5665
1563, 3424, 3507, 3508, 3425, 5665, 5748, 5749, 5666
1564, 3425, 3508, 3509, 3426, 5666, 5749, 5750, 5667
1565, 3426, 3509, 3510, 3427, 5667, 5750, 5751, 5668
1566, 3427, 3510, 3511, 3428, 5668, 5751, 5752, 5669
1567, 3428, 3511, 3512, 3429, 5669, 5752, 5753, 5670
1568, 3429, 3512, 3513, 3430, 5670, 5753, 5754, 5671
1569, 3430, 3513, 3514, 3431, 5671, 5754, 5755, 5672
1570, 3431, 3514, 3515, 3432, 5672, 5755, 5756, 5673
1571, 3432, 3515, 3516, 3433, 5673, 5756, 5757, 5674
1572, 3433, 3516, 3517, 3434, 5674, 5757, 5758, 5675
1573, 3434, 3517, 3518, 3435, 5675, 5758, 5759, 5676
1574, 3435, 3518, 3519, 3436, 5676, 5759, 5760, 5677
1575, 3436, 3519, 3520, 3437, 5677, 5760, 5761, 5678
1576, 3437, 3520, 3521, 3438, 5678, 5761, 5762, 5679
1577, 3438, 3521, 3522, 3439, 5679, 5762, 5763, 5680
1578, 3439, 3522, 3523, 3440, 5680, 5763, 5764, 5681
1579, 3440, 3523, 3524, 3441, 5681, 5764, 5765, 5682
1580, 3441, 3524, 3525, 3442, 5682, 5765, 5766, 5683
1581, 3442, 3525, 3526, 3443, 5683, 5766, 5767, 5684
1582, 3443, 3526, 3527, 3444, 5684, 5767, 5768, 5685
1583, 3444, 3527, 3528, 3445, 5685, 5768, 5769, 5686
1584, 3445, 3528, 3529, 3446, 5686, 5769, 5770, 5687
1585, 3446, 3529, 3530, 3447, 5687, 5770, 5771, 5688
1586, 3447, 3530, 3531, 3448, 5688, 5771, 5772, 5689
1587, 3448, 3531, 3532, 3449, 5689, 5772, 5773, 5690
1588, 3449, 3532, 3533, 3450, 5690, 5773, 5774, 5691
1589, 3450, 3533, 3534, 3451, 5691, 5774, 5775, 5692
1590, 3451, 3534, 3535, 3452, 5692, 5775, 5776, 5693
1591, 3452, 3535, 3536, 3453, 5693, 5776, 5777, 5694
1592, 3453, 3536, 3537, 3454, 5694, 5777, 5778, 5695
1593, 3454, 3537, 3538, 3455, 5695, 5778, 5779, 5696
1594, 3455, 3538, 3539, 3456, 5696, 5779, 5780, 5697
1595, 3456, 3539, 3540, 3457, 5697, 5780, 5781, 5698
1596, 3457, 3540, 648, 647, 5698, 5781, 691, 692
1597, 41, 42, 3541, 3458, 90, 91, 5782, 5699
1598, 3458, 3541, 3542, 3459, 5699, 5782, 5783, 5700
1599, 3459, 3542, 3543, 3460, 5700, 5783, 5784, 5701
1600, 3460, 3543, 3544, 3461, 5701, 5784, 5785, 5702
1601, 3461, 3544, 3545, 3462, 5702, 5785, 5786, 5703
1602, 3462, 3545, 3546, 3463, 5703, 5786, 5787, 5704
1603, 3463, 3546, 3547, 3464, 5704, 5787, 5788, 5705
1604, 3464, 3547, 3548, 3465, 5705, 5788, 5789, 5706
1605, 3465, 3548, 3549, 3466, 5706, 5789, 5790, 5707
1606, 3466, 3549, 3550, 3467, 5707, 5790, 5791, 5708
1607, 3467, 3550, 3551, 3468, 5708, 5791, 5792, 5709
1608, 3468, 3551, 3552, 3469, 5709, 5792, 5793, 5710
1609, 3469, 3552, 3553, 3470, 5710, 5793, 5794, 5711
1610, 3470, 3553, 3554, 3471, 5711, 5794, 5795, 5712
1611, 3471, 3554, 3555, 3472, 5712, 5795, 5796, 5713
1612, 3472, 3555, 3556, 3473, 5713, 5796, 5797, 5714
1613, 3473, 3556, 3557, 3474, 5714, 5797, 5798, 5715
1614, 3474, 3557, 3558, 3475, 5715, 5798, 5799, 5716
1615, 3475, 3558, 3559, 3476, 5716, 5799, 5800, 5717
1616, 3476, 3559, 3560, 3477, 5717, 5800, 5801, 5718
1617, 3477, 3560, 3561, 3478, 5718, 5801, 5802, 5719
1618, 3478, 3561, 3562, 3479, 5719, 5802, 5803, 5720
1619, 3479, 3562, 3563, 3480, 5720, 5803, 5804, 5721
1620, 3480, 3563, 3564, 3481, 5721, 5804, 5805, 5722
1621, 3481, 3564, 3565, 3482, 5722, 5805, 5806, 5723
1622, 3482, 3565, 3566, 3483, 5723, 5806, 5807, 5724
1623, 3483, 3566, 3567, 3484, 5724, 5807, 5808, 5725
1624, 3484, 3567, 3568, 3485, 5725, 5808, 5809, 5726
1625, 3485, 3568, 3569, 3486, 5726, 5809, 5810, 5727
1626, 3486, 3569, 3570, 3487, 5727, 5810, 5811, 5728
1627, 3487, 3570, 3571, 3488, 5728, 5811, 5812, 5729
1628, 3488, 3571, 3572, 3489, 5729, 5812, 5813, 5730
1629, 3489, 3572, 3573, 3490, 5730, 5813, 5814, 5731
1630, 3490, 3573, 3574, 3491, 5731, 5814, 5815, 5732
1631, 3491, 3574, 3575, 3492, 5732, 5815, 5816, 5733
1632, 3492, 3575, 3576, 3493, 5733, 5816, 5817, 5734
1633, 3493, 3576, 3577, 3494, 5734, 5817, 5818, 5735
1634, 3494, 3577, 3578, 3495, 5735, 5818, 5819, 5736
1635, 3495, 3578, 3579, 3496, 5736, 5819, 5820, 5737
1636, 3496, 3579, 3580, 3497, 5737, 5820, 5821, 5738
1637, 3497, 3580, 3581, 3498, 5738, 5821, 5822, 5739
1638, 3498, 3581, 3582, 3499, 5739, 5822, 5823, 5740
1639, 3499, 3582, 3583, 3500, 5740, 5823, 5824, 5741
1640, 3500, 3583, 3584, 3501, 5741, 5824, 5825, 5742
1641, 3501, 3584, 3585, 3502, 5742, 5825, 5826, 5743
1642, 3502, 3585, 3586, 3503, 5743, 5826, 5827, 5744
1643, 3503, 3586, 3587, 3504, 5744, 5827, 5828, 5745
1644, 3504, 3587, 3588, 3505, 5745, 5828, 5829, 5746
1645, 3505, 3588, 3589, 3506, 5746, 5829, 5830, 5747
1646, 3506, 3589, 3590, 3507, 5747, 5830, 5831, 5748
1647, 3507, 3590, 3591, 3508, 5748, 5831, 5832, 5749
1648, 3508, 3591, 3592, 3509, 5749, 5832, 5833, 5750
1649, 3509, 3592, 3593, 3510, 5750, 5833, 5834, 5751
1650, 3510, 3593, 3594, 3511, 5751, 5834, 5835, 5752
1651, 3511, 3594, 3595, 3512, 5752, 5835, 5836, 5753
1652, 3512, 3595, 3596, 3513, 5753, 5836, 5837, 5754
1653, 3513, 3596, 3597, 3514, 5754, 5837, 5838, 5755
1654, 3514, 3597, 3598, 3515, 5755, 5838, 5839, 5756
1655, 3515, 3598, 3599, 3516, 5756, 5839, 5840, 5757
1656, 3516, 3599, 3600, 3517, 5757, 5840, 5841, 5758
1657, 3517, 3600, 3601, 3518, 5758, 5841, 5842, 5759
1658, 3518, 3601, 3602, 3519, 5759, 5842, 5843, 5760
1659, 3519, 3602, 3603, 3520, 5760, 5843, 5844, 5761
1660, 3520, 3603, 3604, 3521, 5761, 5844, 5845, 5762
1661, 3521, 3604, 3605, 3522, 5762, 5845, 5846, 5763
1662, 3522, 3605, 3606, 3523, 5763, 5846, 5847, 5764
1663, 3523, 3606, 3607, 3524, 5764, 5847, 5848, 5765
1664, 3524, 3607, 3608, 3525, 5765, 5848, 5849, 5766
1665, 3525, 3608, 3609, 3526, 5766, 5849, 5850, 5767
1666, 3526, 3609, 3610, 3527, 5767, 5850, 5851, 5768
1667, 3527, 3610, 3611, 3528, 5768, 5851, 5852, 5769
1668, 3528, 3611, 3612, 3529, 5769, 5852, 5853, 5770
1669, 3529, 3612, 3613, 3530, 5770, 5853, 5854, 5771
1670, 3530, 3613, 3614, 3531, 5771, 5854, 5855, 5772
1671, 3531, 3614, 3615, 3532, 5772, 5855, 5856, 5773
1672, 3532, 3615, 3616, 3533, 5773, 5856, 5857, 5774
1673, 3533, 3616, 3617, 3534, 5774, 5857, 5858, 5775
1674, 3534, 3617, 3618, 3535, 5775, 5858, 5859, 5776
1675, 3535, 3618, 3619, 3536, 5776, 5859, 5860, 5777
1676, 3536, 3619, 3620, 3537, 5777, 5860, 5861, 5778
1677, 3537, 3620, 3621, 3538, 5778, 5861, 5862, 5779
1678, 3538, 3621, 3622, 3539, 5779, 5862, 5863, 5780
1679, 3539, 3622, 3623, 3540, 5780, 5863, 5864, 5781
1680, 3540, 3623, 649, 648, 5781, 5864, 690, 691
1681, 42, 43, 3624, 3541, 91, 92, 5865, 5782
1682, 3541, 3624, 3625, 3542, 5782, 5865, 5866, 5783
1683, 3542, 3625, 3626, 3543, 5783, 5866, 5867, 5784
1684, 3543, 3626, 3627, 3544, 5784, 5867, 5868, 5785
1685, 3544, 3627, 3628, 3545, 5785, 5868, 5869, 5786
1686, 3545, 3628, 3629, 3546, 5786, 5869, 5870, 5787
1687, 3546, 3629, 3630, 3547, 5787, 5870, 5871, 5788
1688, 3547, 3630, 3631, 3548, 5788, 5871, 5872, 5789
1689, 3548, 3631, 3632, 3549, 5789, 5872, 5873, 5790
1690, 3549, 3632, 3633, 3550, 5790, 5873, 5874, 5791
1691, 3550, 3633, 3634, 3551, 5791, 5874, 5875, 5792
1692, 3551, 3634, 3635, 3552, 5792, 5875, 5876, 5793
1693, 3552, 3635, 3636, 3553, 5793, 5876, 5877, 5794
1694, 3553, 3636, 3637, 3554, 5794, 5877, 5878, 5795
1695, 3554, 3637, 3638, 3555, 5795, 5878, 5879, 5796
1696, 3555, 3638, 3639, 3556, 5796, 5879, 5880, 5797
1697, 3556, 3639, 3640, 3557, 5797, 5880, 5881, 5798
1698, 3557, 3640, 3641, 3558, 5798, 5881, 5882, 5799
1699, 3558, 3641, 3642, 3559, 5799, 5882, 5883, 5800
1700, 3559, 3642, 3643, 3560, 5800, 5883, 5884, 5801
1701, 3560, 3643, 3644, 3561, 5801, 5884, 5885, 5802
1702, 3561, 3644, 3645, 3562, 5802, 5885, 5886, 5803
1703, 3562, 3645, 3646, 3563, 5803, 5886, 5887, 5804
1704, 3563, 3646, 3647, 3564, 5804, 5887, 5888, 5805
1705, 3564, 3647, 3648, 3565, 5805, 5888, 5889, 5806
1706, 3565, 3648, 3649, 3566, 5806, 5889, 5890, 5807
1707, 3566, 3649, 3650, 3567, 5807, 5890, 5891, 5808
1708, 3567, 3650, 3651, 3568, 5808, 5891, 5892, 5809
1709, 3568, 3651, 3652, 3569, 5809, 5892, 5893, 5810
1710, 3569, 3652, 3653, 3570, 5810, 5893, 5894, 5811
1711, 3570, 3653, 3654, 3571, 5811, 5894, 5895, 5812
1712, 3571, 3654, 3655, 3572, 5812, 5895, 5896, 5813
1713, 3572, 3655, 3656, 3573, 5813, 5896, 5897, 5814
1714, 3573, 3656, 3657, 3574, 5814, 5897, 5898, 5815
1715, 3574, 3657, 3658, 3575, 5815, 5898, 5899, 5816
1716, 3575, 3658, 3659, 3576, 5816, 5899, 5900, 5817
1717, 3576, 3659, 3660, 3577, 5817, 5900, 5901, 5818
1718, 3577, 3660, 3661, 3578, 5818, 5901, 5902, 5819
1719, 3578, 3661, 3662, 3579, 5819, 5902, 5903, 5820
1720, 3579, 3662, 3663, 3580, 5820, 5903, 5904, 5821
1721, 3580, 3663, 3664, 3581, 5821, 5904, 5905, 5822
1722, 3581, 3664, 3665, 3582, 5822, 5905, 5906, 5823
1723, 3582, 3665, 3666, 3583, 5823, 5906, 5907, 5824
1724, 3583, 3666, 3667, 3584, 5824, 5907, 5908, 5825
1725, 3584, 3667, 3668, 3585, 5825, 5908, 5909, 5826
1726, 3585, 3668, 3669, 3586, 5826, 5909, 5910, 5827
1727, 3586, 3669, 3670, 3587, 5827, 5910, 5911, 5828
1728, 3587, 3670, 3671, 3588, 5828, 5911, 5912, 5829
1729, 3588, 3671, 3672, 3589, 5829, 5912, 5913, 5830
1730, 3589, 3672, 3673, 3590, 5830, 5913, 5914, 5831
1731, 3590, 3673, 3674, 3591, 5831, 5914, 5915, 5832
1732, 3591, 3674, 3675, 3592, 5832, 5915, 5916, 5833
1733, 3592, 3675, 3676, 3593, 5833, 5916, 5917, 5834
1734, 3593, 3676, 3677, 3594, 5834, 5917, 5918, 5835
1735, 3594, 3677, 3678, 3595, 5835, 5918, 5919, 5836
1736, 3595, 3678, 3679, 3596, 5836, 5919, 5920, 5837
1737, 3596, 3679, 3680, 3597, 5837, 5920, 5921, 5838
1738, 3597, 3680, 3681, 3598, 5838, 5921, 5922, 5839
1739, 3598, 3681, 3682, 3599, 5839, 5922, 5923, 5840
1740, 3599, 3682, 3683, 3600, 5840, 5923, 5924, 5841
1741, 3600, 3683, 3684, 3601, 5841, 5924, 5925, 5842
1742, 3601, 3684, 3685, 3602, 5842, 5925, 5926, 5843
1743, 3602, 3685, 3686, 3603, 5843, 5926, 5927, 5844
1744, 3603, 3686, 3687, 3604, 5844, 5927, 5928, 5845
1745, 3604, 3687, 3688, 3605, 5845, 5928, 5929, 5846
1746, 3605, 3688, 3689, 3606, 5846, 5929, 5930, 5847
1747, 3606, 3689, 3690, 3607, 5847, 5930, 5931, 5848
1748, 3607, 3690, 3691, 3608, 5848, 5931, 5932, 5849
1749, 3608, 3691, 3692, 3609, 5849, 5932, 5933, 5850
1750, 3609, 3692, 3693, 3610, 5850, 5933, 5934, 5851
1751, 3610, 3693, 3694, 3611, 5851, 5934, 5935, 5852
1752, 3611, 3694, 3695, 3612, 5852, 5935, 5936, 5853
1753, 3612, 3695, 3696, 3613, 5853, 5936, 5937, 5854
1754, 3613, 3696, 3697, 3614, 5854, 5937, 5938, 5855
1755, 3614, 3697, 3698, 3615, 5855, 5938, 5939, 5856
1756, 3615, 3698, 3699, 3616, 5856, 5939, 5940, 5857
1757, 3616, 3699, 3700, 3617, 5857, 5940, 5941, 5858
1758, 3617, 3700, 3701, 3618, 5858, 5941, 5942, 5859
1759, 3618, 3701, 3702, 3619, 5859, 5942, 5943, 5860
1760, 3619, 3702, 3703, 3620, 5860, 5943, 5944, 5861
1761, 3620, 3703, 3704, 3621, 5861, 5944, 5945, 5862
1762, 3621, 3704, 3705, 3622, 5862, 5945, 5946, 5863
1763, 3622, 3705, 3706, 3623, 5863, 5946, 5947, 5864
1764, 3623, 3706, 650, 649, 5864, 5947, 689, 690
1765, 43, 44, 3707, 3624, 92, 93, 5948, 5865
1766, 3624, 3707, 3708, 3625, 5865, 5948, 5949, 5866
1767, 3625, 3708, 3709, 3626, 5866, 5949, 5950, 5867
1768, 3626, 3709, 3710, 3627, 5867, 5950, 5951, 5868
1769, 3627, 3710, 3711, 3628, 5868, 5951, 5952, 5869
1770, 3628, 3711, 3712, 3629, 5869, 5952, 5953, 5870
1771, 3629, 3712, 3713, 3630, 5870, 5953, 5954, 5871
1772, 3630, 3713, 3714, 3631, 5871, 5954, 5955, 5872
1773, 3631, 3714, 3715, 3632, 5872, 5955, 5956, 5873
1774, 3632, 3715, 3716, 3633, 5873, 5956, 5957, 5874
1775, 3633, 3716, 3717, 3634, 5874, 5957, 5958, 5875
1776, 3634, 3717, 3718, 3635, 5875, 5958, 5959, 5876
1777, 3635, 3718, 3719, 3636, 5876, 5959, 5960, 5877
1778, 3636, 3719, 3720, 3637, 5877, 5960, 5961, 5878
1779, 3637, 3720, 3721, 3638, 5878, 5961, 5962, 5879
1780, 3638, 3721, 3722, 3639, 5879, 5962, 5963, 5880
1781, 3639, 3722, 3723, 3640, 5880, 5963, 5964, 5881
1782, 3640, 3723, 3724, 3641, 5881, 5964, 5965, 5882
1783, 3641, 3724, 3725, 3642, 5882, 5965, 5966, 5883
1784, 3642, 3725, 3726, 3643, 5883, 5966, 5967, 5884
1785, 3643, 3726, 3727, 3644, 5884, 5967, 5968, 5885
1786, 3644, 3727, 3728, 3645, 5885, 5968, 5969, 5886
1787, 3645, 3728, 3729, 3646, 5886, 5969, 5970, 5887
1788, 3646, 3729, 3730, 3647, 5887, 5970, 5971, 5888
1789, 3647, 3730, 3731, 3648, 5888, 5971, 5972, 5889
1790, 3648, 3731, 3732, 3649, 5889, 5972, 5973, 5890
1791, 3649, 3732, 3733, 3650, 5890, 5973, 5974, 5891
1792, 3650, 3733, 3734, 3651, 5891, 5974, 5975, 5892
1793, 3651, 3734, 3735, 3652, 5892, 5975, 5976, 5893
1794, 3652, 3735, 3736, 3653, 5893, 5976, 5977, 5894
1795, 3653, 3736, 3737, 3654, 5894, 5977, 5978, 5895
1796, 3654, 3737, 3738, 3655, 5895, 5978, 5979, 5896
1797, 3655, 3738, 3739, 3656, 5896, 5979, 5980, 5897
1798, 3656, 3739, 3740, 3657, 5897, 5980, 5981, 5898
1799, 3657, 3740, 3741, 3658, 5898, 5981, 5982, 5899
1800, 3658, 3741, 3742, 3659, 5899, 5982, 5983, 5900
1801, 3659, 3742, 3743, 3660, 5900, 5983, 5984, 5901
1802, 3660, 3743, 3744, 3661, 5901, 5984, 5985, 5902
1803, 3661, 3744, 3745, 3662, 5902, 5985, 5986, 5903
1804, 3662, 3745, 3746, 3663, 5903, 5986, 5987, 5904
1805, 3663, 3746, 3747, 3664, 5904, 5987, 5988, 5905
1806, 3664, 3747, 3748, 3665, 5905, 5988, 5989, 5906
1807, 3665, 3748, 3749, 3666, 5906, 5989, 5990, 5907
1808, 3666, 3749, 3750, 3667, 5907, 5990, 5991, 5908
1809, 3667, 3750, 3751, 3668, 5908, 5991, 5992, 5909
1810, 3668, 3751, 3752, 3669, 5909, 5992, 5993, 5910
1811, 3669, 3752, 3753, 3670, 5910, 5993, 5994, 5911
1812, 3670, 3753, 3754, 3671, 5911, 5994, 5995, 5912
1813, 3671, 3754, 3755, 3672, 5912, 5995, 5996, 5913
1814, 3672, 3755, 3756, 3673, 5913, 5996, 5997, 5914
1815, 3673, 3756, 3757, 3674, 5914, 5997, 5998, 5915
1816, 3674, 3757, 3758, 3675, 5915, 5998, 5999, 5916
1817, 3675, 3758, 3759, 3676, 5916, 5999, 6000, 5917
1818, 3676, 3759, 3760, 3677, 5917, 6000, 6001, 5918
1819, 3677, 3760, 3761, 3678, 5918, 6001, 6002, 5919
1820, 3678, 3761, 3762, 3679, 5919, 6002, 6003, 5920
1821, 3679, 3762, 3763, 3680, 5920, 6003, 6004, 5921
1822, 3680, 3763, 3764, 3681, 5921, 6004, 6005, 5922
1823, 3681, 3764, 3765, 3682, 5922, 6005, 6006, 5923
1824, 3682, 3765, 3766, 3683, 5923, 6006, 6007, 5924
1825, 3683, 3766, 3767, 3684, 5924, 6007, 6008, 5925
1826, 3684, 3767, 3768, 3685, 5925, 6008, 6009, 5926
1827, 3685, 3768, 3769, 3686, 5926, 6009, 6010, 5927
1828, 3686, 3769, 3770, 3687, 5927, 6010, 6011, 5928
1829, 3687, 3770, 3771, 3688, 5928, 6011, 6012, 5929
1830, 3688, 3771, 3772, 3689, 5929, 6012, 6013, 5930
1831, 3689, 3772, 3773, 3690, 5930, 6013, 6014, 5931
1832, 3690, 3773, 3774, 3691, 5931, 6014, 6015, 5932
1833, 3691, 3774, 3775, 3692, 5932, 6015, 6016, 5933
1834, 3692, 3775, 3776, 3693, 5933, 6016, 6017, 5934
1835, 3693, 3776, 3777, 3694, 5934, 6017, 6018, 5935
1836, 3694, 3777, 3778, 3695, 5935, 6018, 6019, 5936
1837, 3695, 3778, 3779, 3696, 5936, 6019, 6020, 5937
1838, 3696, 3779, 3780, 3697, 5937, 6020, 6021, 5938
1839, 3697, 3780, 3781, 3698, 5938, 6021, 6022, 5939
1840, 3698, 3781, 3782, 3699, 5939, 6022, 6023, 5940
1841, 3699, 3782, 3783, 3700, 5940, 6023, 6024, 5941
1842, 3700, 3783, 3784, 3701, 5941, 6024, 6025, 5942
1843, 3701, 3784, 3785, 3702, 5942, 6025, 6026, 5943
1844, 3702, 3785, 3786, 3703, 5943, 6026, 6027, 5944
1845, 3703, 3786, 3787, 3704, 5944, 6027, 6028, 5945
1846, 3704, 3787, 3788, 3705, 5945, 6028, 6029, 5946
1847, 3705, 3788, 3789, 3706, 5946, 6029, 6030, 5947
1848, 3706, 3789, 651, 650, 5947, 6030, 688, 689
1849, 44, 45, 3790, 3707, 93, 94, 6031, 5948
1850, 3707, 3790, 3791, 3708, 5948, 6031, 6032, 5949
1851, 3708, 3791, 3792, 3709, 5949, 6032, 6033, 5950
1852, 3709, 3792, 3793, 3710, 5950, 6033, 6034, 5951
1853, 3710, 3793, 3794, 3711, 5951, 6034, 6035, 5952
1854, 3711, 3794, 3795, 3712, 5952, 6035, 6036, 5953
1855, 3712, 3795, 3796, 3713, 5953, 6036, 6037, 5954
1856, 3713, 3796, 3797, 3714, 5954, 6037, 6038, 5955
1857, 3714, 3797, 3798, 3715, 5955, 6038, 6039, 5956
1858, 3715, 3798, 3799, 3716, 5956, 6039, 6040, 5957
1859, 3716, 3799, 3800, 3717, 5957, 6040, 6041, 5958
1860, 3717, 3800, 3801, 3718, 5958, 6041, 6042, 5959
1861, 3718, 3801, 3802, 3719, 5959, 6042, 6043, 5960
1862, 3719, 3802, 3803, 3720, 5960, 6043, 6044, 5961
1863, 3720, 3803, 3804, 3721, 5961, 6044, 6045, 5962
1864, 3721, 3804, 3805, 3722, 5962, 6045, 6046, 5963
1865, 3722, 3805, 3806, 3723, 5963, 6046, 6047, 5964
1866, 3723, 3806, 3807, 3724, 5964, 6047, 6048, 5965
1867, 3724, 3807, 3808, 3725, 5965, 6048, 6049, 5966
1868, 3725, 3808, 3809, 3726, 5966, 6049, 6050, 5967
1869, 3726, 3809, 3810, 3727, 5967, 6050, 6051, 5968
1870, 3727, 3810, 3811, 3728, 5968, 6051, 6052, 5969
1871, 3728, 3811, 3812, 3729, 5969, 6052, 6053, 5970
1872, 3729, 3812, 3813, 3730, 5970, 6053, 6054, 5971
1873, 3730, 3813, 3814, 3731, 5971, 6054, 6055, 5972
1874, 3731, 3814, 3815, 3732, 5972, 6055, 6056, 5973
1875, 3732, 3815, 3816, 3733, 5973, 6056, 6057, 5974
1876, 3733, 3816, 3817, 3734, 5974, 6057, 6058, 5975
1877, 3734, 3817, 3818, 3735, 5975, 6058, 6059, 5976
1878, 3735, 3818, 3819, 3736, 5976, 6059, 6060, 5977
1879, 3736, 3819, 3820, 3737, 5977, 6060, 6061, 5978
1880, 3737, 3820, 3821, 3738, 5978, 6061, 6062, 5979
1881, 3738, 3821, 3822, 3739, 5979, 6062, 6063, 5980
1882, 3739, 3822, 3823, 3740, 5980, 6063, 6064, 5981
1883, 3740, 3823, 3824, 3741, 5981, 6064, 6065, 5982
1884, 3741, 3824, 3825, 3742, 5982, 6065, 6066, 5983
1885, 3742, 3825, 3826, 3743, 5983, 6066, 6067, 5984
1886, 3743, 3826, 3827, 3744, 5984, 6067, 6068, 5985
1887, 3744, 3827, 3828, 3745, 5985, 6068, 6069, 5986
1888, 3745, 3828, 3829, 3746, 5986, 6069, 6070, 5987
1889, 3746, 3829, 3830, 3747, 5987, 6070, 6071, 5988
1890, 3747, 3830, 3831, 3748, 5988, 6071, 6072, 5989
1891, 3748, 3831, 3832, 3749, 5989, 6072, 6073, 5990
1892, 3749, 3832, 3833, 3750, 5990, 6073, 6074, 5991
1893, 3750, 3833, 3834, 3751, 5991, 6074, 6075, 5992
1894, 3751, 3834, 3835, 3752, 5992, 6075, 6076, 5993
1895, 3752, 3835, 3836, 3753, 5993, 6076, 6077, 5994
1896, 3753, 3836, 3837, 3754, 5994, 6077, 6078, 5995
1897, 3754, 3837, 3838, 3755, 5995, 6078, 6079, 5996
1898, 3755, 3838, 3839, 3756, 5996, 6079, 6080, 5997
1899, 3756, 3839, 3840, 3757, 5997, 6080, 6081, 5998
1900, 3757, 3840, 3841, 3758, 5998, 6081, 6082, 5999
1901, 3758, 3841, 3842, 3759, 5999, 6082, 6083, 6000
1902, 3759, 3842, 3843, 3760, 6000, 6083, 6084, 6001
1903, 3760, 3843, 3844, 3761, 6001, 6084, 6085, 6002
1904, 3761, 3844, 3845, 3762, 6002, 6085, 6086, 6003
1905, 3762, 3845, 3846, 3763, 6003, 6086, 6087, 6004
1906, 3763, 3846, 3847, 3764, 6004, 6087, 6088, 6005
1907, 3764, 3847, 3848, 3765, 6005, 6088, 6089, 6006
1908, 3765, 3848, 3849, 3766, 6006, 6089, 6090, 6007
1909, 3766, 3849, 3850, 3767, 6007, 6090, 6091, 6008
1910, 3767, 3850, 3851, 3768, 6008, 6091, 6092, 6009
1911, 3768, 3851, 3852, 3769, 6009, 6092, 6093, 6010
1912, 3769, 3852, 3853, 3770, 6010, 6093, 6094, 6011
1913, 3770, 3853, 3854, 3771, 6011, 6094, 6095, 6012
1914, 3771, 3854, 3855, 3772, 6012, 6095, 6096, 6013
1915, 3772, 3855, 3856, 3773, 6013, 6096, 6097, 6014
1916, 3773, 3856, 3857, 3774, 6014, 6097, 6098, 6015
1917, 3774, 3857, 3858, 3775, 6015, 6098, 6099, 6016
1918, 3775, 3858, 3859, 3776, 6016, 6099, 6100, 6017
1919, 3776, 3859, 3860, 3777, 6017, 6100, 6101, 6018
1920, 3777, 3860, 3861, 3778, 6018, 6101, 6102, 6019
1921, 3778, 3861, 3862, 3779, 6019, 6102, 6103, 6020
1922, 3779, 3862, 3863, 3780, 6020, 6103, 6104, 6021
1923, 3780, 3863, 3864, 3781, 6021, 6104, 6105, 6022
1924, 3781, 3864, 3865, 3782, 6022, 6105, 6106, 6023
1925, 3782, 3865, 3866, 3783, 6023, 6106, 6107, 6024
1926, 3783, 3866, 3867, 3784, 6024, 6107, 6108, 6025
1927, 3784, 3867, 3868, 3785, 6025, 6108, 6109, 6026
1928, 3785, 3868, 3869, 3786, 6026, 6109, 6110, 6027
1929, 3786, 3869, 3870, 3787, 6027, 6110, 6111, 6028
1930, 3787, 3870, 3871, 3788, 6028, 6111, 6112, 6029
1931, 3788, 3871, 3872, 3789, 6029, 6112, 6113, 6030
1932, 3789, 3872, 652, 651, 6030, 6113, 687, 688
1933, 45, 46, 3873, 3790, 94, 95, 6114, 6031
1934, 3790, 3873, 3874, 3791, 6031, 6114, 6115, 6032
1935, 3791, 3874, 3875, 3792, 6032, 6115, 6116, 6033
1936, 3792, 3875, 3876, 3793, 6033, 6116, 6117, 6034
1937, 3793, 3876, 3877, 3794, 6034, 6117, 6118, 6035
1938, 3794, 3877, 3878, 3795, 6035, 6118, 6119, 6036
1939, 3795, 3878, 3879, 3796, 6036, 6119, 6120, 6037
1940, 3796, 3879, 3880, 3797, 6037, 6120, 6121, 6038
1941, 3797, 3880, 3881, 3798, 6038, 6121, 6122, 6039
1942, 3798, 3881, 3882, 3799, 6039, 6122, 6123, 6040
1943, 3799, 3882, 3883, 3800, 6040, 6123, 6124, 6041
1944, 3800, 3883, 3884, 3801, 6041, 6124, 6125, 6042
1945, 3801, 3884, 3885, 3802, 6042, 6125, 6126, 6043
1946, 3802, 3885, 3886, 3803, 6043, 6126, 6127, 6044
1947, 3803, 3886, 3887, 3804, 6044, 6127, 6128, 6045
1948, 3804, 3887, 3888, 3805, 6045, 6128, 6129, 6046
1949, 3805, 3888, 3889, 3806, 6046, 6129, 6130, 6047
1950, 3806, 3889, 3890, 3807, 6047, 6130, 6131, 6048
1951, 3807, 3890, 3891, 3808, 6048, 6131, 6132, 6049
1952, 3808, 3891, 3892, 3809, 6049, 6132, 6133, 6050
1953, 3809, 3892, 3893, 3810, 6050, 6133, 6134, 6051
1954, 3810, 3893, 3894, 3811, 6051, 6134, 6135, 6052
1955, 3811, 3894, 3895, 3812, 6052, 6135, 6136, 6053
1956, 3812, 3895, 3896, 3813, 6053, 6136, 6137, 6054
1957, 3813, 3896, 3897, 3814, 6054, 6137, 6138, 6055
1958, 3814, 3897, 3898, 3815, 6055, 6138, 6139, 6056
1959, 3815, 3898, 3899, 3816, 6056, 6139, 6140, 6057
1960, 3816, 3899, 3900, 3817, 6057, 6140, 6141, 6058
1961, 3817, 3900, 3901, 3818, 6058, 6141, 6142, 6059
1962, 3818, 3901, 3902, 3819, 6059, 6142, 6143, 6060
1963, 3819, 3902, 3903, 3820, 6060, 6143, 6144, 6061
1964, 3820, 3903, 3904, 3821, 6061, 6144, 6145, 6062
1965, 3821, 3904, 3905, 3822, 6062, 6145, 6146, 6063
1966, 3822, 3905, 3906, 3823, 6063, 6146, 6147, 6064
1967, 3823, 3906, 3907, 3824, 6064, 6147, 6148, 6065
1968, 3824, 3907, 3908, 3825, 6065, 6148, 6149, 6066
1969, 3825, 3908, 3909, 3826, 6066, 6149, 6150, 6067
1970, 3826, 3909, 3910, 3827, 6067, 6150, 6151, 6068
1971, 3827, 3910, 3911, 3828, 6068, 6151, 6152, 6069
1972, 3828, 3911, 3912, 3829, 6069, 6152, 6153, 6070
1973, 3829, 3912, 3913, 3830, 6070, 6153, 6154, 6071
1974, 3830, 3913, 3914, 3831, 6071, 6154, 6155, 6072
1975, 3831, 3914, 3915, 3832, 6072, 6155, 6156, 6073
1976, 3832, 3915, 3916, 3833, 6073, 6156, 6157, 6074
1977, 3833, 3916, 3917, 3834, 6074, 6157, 6158, 6075
1978, 3834, 3917, 3918, 3835, 6075, 6158, 6159, 6076
1979, 3835, 3918, 3919, 3836, 6076, 6159, 6160, 6077
1980, 3836, 3919, 3920, 3837, 6077, 6160, 6161, 6078
1981, 3837, 3920, 3921, 3838, 6078, 6161, 6162, 6079
1982, 3838, 3921, 3922, 3839, 6079, 6162, 6163, 6080
1983, 3839, 3922, 3923, 3840, 6080, 6163, 6164, 6081
1984, 3840, 3923, 3924, 3841, 6081, 6164, 6165, 6082
1985, 3841, 3924, 3925, 3842, 6082, 6165, 6166, 6083
1986, 3842, 3925, 3926, 3843, 6083, 6166, 6167, 6084
1987, 3843, 3926, 3927, 3844, 6084, 6167, 6168, 6085
1988, 3844, 3927, 3928, 3845, 6085, 6168, 6169, 6086
1989, 3845, 3928, 3929, 3846, 6086, 6169, 6170, 6087
1990, 3846, 3929, 3930, 3847, 6087, 6170, 6171, 6088
1991, 3847, 3930, 3931, 3848, 6088, 6171, 6172, 6089
1992, 3848, 3931, 3932, 3849, 6089, 6172, 6173, 6090
1993, 3849, 3932, 3933, 3850, 6090, 6173, 6174, 6091
1994, 3850, 3933, 3934, 3851, 6091, 6174, 6175, 6092
1995, 3851, 3934, 3935, 3852, 6092, 6175, 6176, 6093
1996, 3852, 3935, 3936, 3853, 6093, 6176, 6177, 6094
1997, 3853, 3936, 3937, 3854, 6094, 6177, 6178, 6095
1998, 3854, 3937, 3938, 3855, 6095, 6178, 6179, 6096
1999, 3855, 3938, 3939, 3856, 6096, 6179, 6180, 6097
2000, 3856, 3939, 3940, 3857, 6097, 6180, 6181, 6098
2001, 3857, 3940, 3941, 3858, 6098, 6181, 6182, 6099
2002, 3858, 3941, 3942, 3859, 6099, 6182, 6183, 6100
2003, 3859, 3942, 3943, 3860, 6100, 6183, 6184, 6101
2004, 3860, 3943, 3944, 3861, 6101, 6184, 6185, 6102
2005, 3861, 3944, 3945, 3862, 6102, 6185, 6186, 6103
2006, 3862, 3945, 3946, 3863, 6103, 6186, 6187, 6104
2007, 3863, 3946, 3947, 3864, 6104, 6187, 6188, 6105
2008, 3864, 3947, 3948, 3865, 6105, 6188, 6189, 6106
2009, 3865, 3948, 3949, 3866, 6106, 6189, 6190, 6107
2010, 3866, 3949, 3950, 3867, 6107, 6190, 6191, 6108
2011, 3867, 3950, 3951, 3868, 6108, 6191, 6192, 6109
2012, 3868, 3951, 3952, 3869, 6109, 6192, 6193, 6110
2013, 3869, 3952, 3953, 3870, 6110, 6193, 6194, 6111
2014, 3870, 3953, 3954, 3871, 6111, 6194, 6195, 6112
2015, 3871, 3954, 3955, 3872, 6112, 6195, 6196, 6113
2016, 3872, 3955, 653, 652, 6113, 6196, 686, 687
2017, 46, 47, 3956, 3873, 95, 96, 6197, 6114
2018, 3873, 3956, 3957, 3874, 6114, 6197, 6198, 6115
2019, 3874, 3957, 3958, 3875, 6115, 6198, 6199, 6116
2020, 3875, 3958, 3959, 3876, 6116, 6199, 6200, 6117
2021, 3876, 3959, 3960, 3877, 6117, 6200, 6201, 6118
2022, 3877, 3960, 3961, 3878, 6118, 6201, 6202, 6119
2023, 3878, 3961, 3962, 3879, 6119, 6202, 6203, 6120
2024, 3879, 3962, 3963, 3880, 6120, 6203, 6204, 6121
2025, 3880, 3963, 3964, 3881, 6121, 6204, 6205, 6122
2026, 3881, 3964, 3965, 3882, 6122, 6205, 6206, 6123
2027, 3882, 3965, 3966, 3883, 6123, 6206, 6207, 6124
2028, 3883, 3966, 3967, 3884, 6124, 6207, 6208, 6125
2029, 3884, 3967, 3968, 3885, 6125, 6208, 6209, 6126
2030, 3885, 3968, 3969, 3886, 6126, 6209, 6210, 6127
2031, 3886, 3969, 3970, 3887, 6127, 6210, 6211, 6128
2032, 3887, 3970, 3971, 3888, 6128, 6211, 6212, 6129
2033, 3888, 3971, 3972, 3889, 6129, 6212, 6213, 6130
2034, 3889, 3972, 3973, 3890, 6130, 6213, 6214, 6131
2035, 3890, 3973, 3974, 3891, 6131, 6214, 6215, 6132
2036, 3891, 3974, 3975, 3892, 6132, 6215, 6216, 6133
2037, 3892, 3975, 3976, 3893, 6133, 6216, 6217, 6134
2038, 3893, 3976, 3977, 3894, 6134, 6217, 6218, 6135
2039, 3894, 3977, 3978, 3895, 6135, 6218, 6219, 6136
2040, 3895, 3978, 3979, 3896, 6136, 6219, 6220, 6137
2041, 3896, 3979, 3980, 3897, 6137, 6220, 6221, 6138
2042, 3897, 3980, 3981, 3898, 6138, 6221, 6222, 6139
2043, 3898, 3981, 3982, 3899, 6139, 6222, 6223, 6140
2044, 3899, 3982, 3983, 3900, 6140, 6223, 6224, 6141
2045, 3900, 3983, 3984, 3901, 6141, 6224, 6225, 6142
2046, 3901, 3984, 3985, 3902, 6142, 6225, 6226, 6143
2047, 3902, 3985, 3986, 3903, 6143, 6226, 6227, 6144
2048, 3903, 3986, 3987, 3904, 6144, 6227, 6228, 6145
2049, 3904, 3987, 3988, 3905, 6145, 6228, 6229, 6146
2050, 3905, 3988, 3989, 3906, 6146, 6229, 6230, 6147
2051, 3906, 3989, 3990, 3907, 6147, 6230, 6231, 6148
2052, 3907, 3990, 3991, 3908, 6148, 6231, 6232, 6149
2053, 3908, 3991, 3992, 3909, 6149, 6232, 6233, 6150
2054, 3909, 3992, 3993, 3910, 6150, 6233, 6234, 6151
2055, 3910, 3993, 3994, 3911, 6151, 6234, 6235, 6152
2056, 3911, 3994, 3995, 3912, 6152, 6235, 6236, 6153
2057, 3912, 3995, 3996, 3913, 6153, 6236, 6237, 6154
2058, 3913, 3996, 3997, 3914, 6154, 6237, 6238, 6155
2059, 3914, 3997, 3998, 3915, 6155, 6238, 6239, 6156
2060, 3915, 3998, 3999, 3916, 6156, 6239, 6240, 6157
2061, 3916, 3999, 4000, 3917, 6157, 6240, 6241, 6158
2062, 3917, 4000, 4001, 3918, 6158, 6241, 6242, 6159
2063, 3918, 4001, 4002, 3919, 6159, 6242, 6243, 6160
2064, 3919, 4002, 4003, 3920, 6160, 6243, 6244, 6161
2065, 3920, 4003, 4004, 3921, 6161, 6244, 6245, 6162
2066, 3921, 4004, 4005, 3922, 6162, 6245, 6246, 6163
2067, 3922, 4005, 4006, 3923, 6163, 6246, 6247, 6164
2068, 3923, 4006, 4007, 3924, 6164, 6247, 6248, 6165
2069, 3924, 4007, 4008, 3925, 6165, 6248, 6249, 6166
2070, 3925, 4008, 4009, 3926, 6166, 6249, 6250, 6167
2071, 3926, 4009, 4010, 3927, 6167, 6250, 6251, 6168
2072, 3927, 4010, 4011, 3928, 6168, 6251, 6252, 6169
2073, 3928, 4011, 4012, 3929, 6169, 6252, 6253, 6170
2074, 3929, 4012, 4013, 3930, 6170, 6253, 6254, 6171
2075, 3930, 4013, 4014, 3931, 6171, 6254, 6255, 6172
2076, 3931, 4014, 4015, 3932, 6172, 6255, 6256, 6173
2077, 3932, 4015, 4016, 3933, 6173, 6256, 6257, 6174
2078, 3933, 4016, 4017, 3934, 6174, 6257, 6258, 6175
2079, 3934, 4017, 4018, 3935, 6175, 6258, 6259, 6176
2080, 3935, 4018, 4019, 3936, 6176, 6259, 6260, 6177
2081, 3936, 4019, 4020, 3937, 6177, 6260, 6261, 6178
2082, 3937, 4020, 4021, 3938, 6178, 6261, 6262, 6179
2083, 3938, 4021, 4022, 3939, 6179, 6262, 6263, 6180
2084, 3939, 4022, 4023, 3940, 6180, 6263, 6264, 6181
2085, 3940, 4023, 4024, 3941, 6181, 6264, 6265, 6182
2086, 3941, 4024, 4025, 3942, 6182, 6265, 6266, 6183
2087, 3942, 4025, 4026, 3943, 6183, 6266, 6267, 6184
2088, 3943, 4026, 4027, 3944, 6184, 6267, 6268, 6185
2089, 3944, 4027, 4028, 3945, 6185, 6268, 6269, 6186
2090, 3945, 4028, 4029, 3946, 6186, 6269, 6270, 6187
2091, 3946, 4029, 4030, 3947, 6187, 6270, 6271, 6188
2092, 3947, 4030, 4031, 3948, 6188, 6271, 6272, 6189
2093, 3948, 4031, 4032, 3949, 6189, 6272, 6273, 6190
2094, 3949, 4032, 4033, 3950, 6190, 6273, 6274, 6191
2095, 3950, 4033, 4034, 3951, 6191, 6274, 6275, 6192
2096, 3951, 4034, 4035, 3952, 6192, 6275, 6276, 6193
2097, 3952, 4035, 4036, 3953, 6193, 6276, 6277, 6194
2098, 3953, 4036, 4037, 3954, 6194, 6277, 6278, 6195
2099, 3954, 4037, 4038, 3955, 6195, 6278, 6279, 6196
2100, 3955, 4038, 654, 653, 6196, 6279, 685, 686
2101, 47, 48, 4039, 3956, 96, 97, 6280, 6197
2102, 3956, 4039, 4040, 3957, 6197, 6280, 6281, 6198
2103, 3957, 4040, 4041, 3958, 6198, 6281, 6282, 6199
2104, 3958, 4041, 4042, 3959, 6199, 6282, 6283, 6200
2105, 3959, 4042, 4043, 3960, 6200, 6283, 6284, 6201
2106, 3960, 4043, 4044, 3961, 6201, 6284, 6285, 6202
2107, 3961, 4044, 4045, 3962, 6202, 6285, 6286, 6203
2108, 3962, 4045, 4046, 3963, 6203, 6286, 6287, 6204
2109, 3963, 4046, 4047, 3964, 6204, 6287, 6288, 6205
2110, 3964, 4047, 4048, 3965, 6205, 6288, 6289, 6206
2111, 3965, 4048, 4049, 3966, 6206, 6289, 6290, 6207
2112, 3966, 4049, 4050, 3967, 6207, 6290, 6291, 6208
2113, 3967, 4050, 4051, 3968, 6208, 6291, 6292, 6209
2114, 3968, 4051, 4052, 3969, 6209, 6292, 6293, 6210
2115, 3969, 4052, 4053, 3970, 6210, 6293, 6294, 6211
2116, 3970, 4053, 4054, 3971, 6211, 6294, 6295, 6212
2117, 3971, 4054, 4055, 3972, 6212, 6295, 6296, 6213
2118, 3972, 4055, 4056, 3973, 6213, 6296, 6297, 6214
2119, 3973, 4056, 4057, 3974, 6214, 6297, 6298, 6215
2120, 3974, 4057, 4058, 3975, 6215, 6298, 6299, 6216
2121, 3975, 4058, 4059, 3976, 6216, 6299, 6300, 6217
2122, 3976, 4059, 4060, 3977, 6217, 6300, 6301, 6218
2123, 3977, 4060, 4061, 3978, 6218, 6301, 6302, 6219
2124, 3978, 4061, 4062, 3979, 6219, 6302, 6303, 6220
2125, 3979, 4062, 4063, 3980, 6220, 6303, 6304, 6221
2126, 3980, 4063, 4064, 3981, 6221, 6304, 6305, 6222
2127, 3981, 4064, 4065, 3982, 6222, 6305, 6306, 6223
2128, 3982, 4065, 4066, 3983, 6223, 6306, 6307, 6224
2129, 3983, 4066, 4067, 3984, 6224, 6307, 6308, 6225
2130, 3984, 4067, 4068, 3985, 6225, 6308, 6309, 6226
2131, 3985, 4068, 4069, 3986, 6226, 6309, 6310, 6227
2132, 3986, 4069, 4070, 3987, 6227, 6310, 6311, 6228
2133, 3987, 4070, 4071, 3988, 6228, 6311, 6312, 6229
2134, 3988, 4071, 4072, 3989, 6229, 6312, 6313, 6230
2135, 3989, 4072, 4073, 3990, 6230, 6313, 6314, 6231
2136, 3990, 4073, 4074, 3991, 6231, 6314, 6315, 6232
2137, 3991, 4074, 4075, 3992, 6232, 6315, 6316, 6233
2138, 3992, 4075, 4076, 3993, 6233, 6316, 6317, 6234
2139, 3993, 4076, 4077, 3994, 6234, 6317, 6318, 6235
2140, 3994, 4077, 4078, 3995, 6235, 6318, 6319, 6236
2141, 3995, 4078, 4079, 3996, 6236, 6319, 6320, 6237
2142, 3996, 4079, 4080, 3997, 6237, 6320, 6321, 6238
2143, 3997, 4080, 4081, 3998, 6238, 6321, 6322, 6239
2144, 3998, 4081, 4082, 3999, 6239, 6322, 6323, 6240
2145, 3999, 4082, 4083, 4000, 6240, 6323, 6324, 6241
2146, 4000, 4083, 4084, 4001, 6241, 6324, 6325, 6242
2147, 4001, 4084, 4085, 4002, 6242, 6325, 6326, 6243
2148, 4002, 4085, 4086, 4003, 6243, 6326, 6327, 6244
2149, 4003, 4086, 4087, 4004, 6244, 6327, 6328, 6245
2150, 4004, 4087, 4088, 4005, 6245, 6328, 6329, 6246
2151, 4005, 4088, 4089, 4006, 6246, 6329, 6330, 6247
2152, 4006, 4089, 4090, 4007, 6247, 6330, 6331, 6248
2153, 4007, 4090, 4091, 4008, 6248, 6331, 6332, 6249
2154, 4008, 4091, 4092, 4009, 6249, 6332, 6333, 6250
2155, 4009, 4092, 4093, 4010, 6250, 6333, 6334, 6251
2156, 4010, 4093, 4094, 4011, 6251, 6334, 6335, 6252
2157, 4011, 4094, 4095, 4012, 6252, 6335, 6336, 6253
2158, 4012, 4095, 4096, 4013, 6253, 6336, 6337, 6254
2159, 4013, 4096, 4097, 4014, 6254, 6337, 6338, 6255
2160, 4014, 4097, 4098, 4015, 6255, 6338, 6339, 6256
2161, 4015, 4098, 4099, 4016, 6256, 6339, 6340, 6257
2162, 4016, 4099, 4100, 4017, 6257, 6340, 6341, 6258
2163, 4017, 4100, 4101, 4018, 6258, 6341, 6342, 6259
2164, 4018, 4101, 4102, 4019, 6259, 6342, 6343, 6260
2165, 4019, 4102, 4103, 4020, 6260, 6343, 6344, 6261
2166, 4020, 4103, 4104, 4021, 6261, 6344, 6345, 6262
2167, 4021, 4104, 4105, 4022, 6262, 6345, 6346, 6263
2168, 4022, 4105, 4106, 4023, 6263, 6346, 6347, 6264
2169, 4023, 4106, 4107, 4024, 6264, 6347, 6348, 6265
2170, 4024, 4107, 4108, 4025, 6265, 6348, 6349, 6266
2171, 4025, 4108, 4109, 4026, 6266, 6349, 6350, 6267
2172, 4026, 4109, 4110, 4027, 6267, 6350, 6351, 6268
2173, 4027, 4110, 4111, 4028, 6268, 6351, 6352, 6269
2174, 4028, 4111, 4112, 4029, 6269, 6352, 6353, 6270
2175, 4029, 4112, 4113, 4030, 6270, 6353, 6354, 6271
2176, 4030, 4113, 4114, 4031, 6271, 6354, 6355, 6272
2177, 4031, 4114, 4115, 4032, 6272, 6355, 6356, 6273
2178, 4032, 4115, 4116, 4033, 6273, 6356, 6357, 6274
2179, 4033, 4116, 4117, 4034, 6274, 6357, 6358, 6275
2180, 4034, 4117, 4118, 4035, 6275, 6358, 6359, 6276
2181, 4035, 4118, 4119, 4036, 6276, 6359, 6360, 6277
2182, 4036, 4119, 4120, 4037, 6277, 6360, 6361, 6278
2183, 4037, 4120, 4121, 4038, 6278, 6361, 6362, 6279
2184, 4038, 4121, 655, 654, 6279, 6362, 684, 685
2185, 48, 49, 4122, 4039, 97, 98, 6363, 6280
2186, 4039, 4122, 4123, 4040, 6280, 6363, 6364, 6281
2187, 4040, 4123, 4124, 4041, 6281, 6364, 6365, 6282
2188, 4041, 4124, 4125, 4042, 6282, 6365, 6366, 6283
2189, 4042, 4125, 4126, 4043, 6283, 6366, 6367, 6284
2190, 4043, 4126, 4127, 4044, 6284, 6367, 6368, 6285
2191, 4044, 4127, 4128, 4045, 6285, 6368, 6369, 6286
2192, 4045, 4128, 4129, 4046, 6286, 6369, 6370, 6287
2193, 4046, 4129, 4130, 4047, 6287, 6370, 6371, 6288
2194, 4047, 4130, 4131, 4048, 6288, 6371, 6372, 6289
2195, 4048, 4131, 4132, 4049, 6289, 6372, 6373, 6290
2196, 4049, 4132, 4133, 4050, 6290, 6373, 6374, 6291
2197, 4050, 4133, 4134, 4051, 6291, 6374, 6375, 6292
2198, 4051, 4134, 4135, 4052, 6292, 6375, 6376, 6293
2199, 4052, 4135, 4136, 4053, 6293, 6376, 6377, 6294
2200, 4053, 4136, 4137, 4054, 6294, 6377, 6378, 6295
2201, 4054, 4137, 4138, 4055, 6295, 6378, 6379, 6296
2202, 4055, 4138, 4139, 4056, 6296, 6379, 6380, 6297
2203, 4056, 4139, 4140, 4057, 6297, 6380, 6381, 6298
2204, 4057, 4140, 4141, 4058, 6298, 6381, 6382, 6299
2205, 4058, 4141, 4142, 4059, 6299, 6382, 6383, 6300
2206, 4059, 4142, 4143, 4060, 6300, 6383, 6384, 6301
2207, 4060, 4143, 4144, 4061, 6301, 6384, 6385, 6302
2208, 4061, 4144, 4145, 4062, 6302, 6385, 6386, 6303
2209, 4062, 4145, 4146, 4063, 6303, 6386, 6387, 6304
2210, 4063, 4146, 4147, 4064, 6304, 6387, 6388, 6305
2211, 4064, 4147, 4148, 4065, 6305, 6388, 6389, 6306
2212, 4065, 4148, 4149, 4066, 6306, 6389, 6390, 6307
2213, 4066, 4149, 4150, 4067, 6307, 6390, 6391, 6308
2214, 4067, 4150, 4151, 4068, 6308, 6391, 6392, 6309
2215, 4068, 4151, 4152, 4069, 6309, 6392, 6393, 6310
2216, 4069, 4152, 4153, 4070, 6310, 6393, 6394, 6311
2217, 4070, 4153, 4154, 4071, 6311, 6394, 6395, 6312
2218, 4071, 4154, 4155, 4072, 6312, 6395, 6396, 6313
2219, 4072, 4155, 4156, 4073, 6313, 6396, 6397, 6314
2220, 4073, 4156, 4157, 4074, 6314, 6397, 6398, 6315
2221, 4074, 4157, 4158, 4075, 6315, 6398, 6399, 6316
2222, 4075, 4158, 4159, 4076, 6316, 6399, 6400, 6317
2223, 4076, 4159, 4160, 4077, 6317, 6400, 6401, 6318
2224, 4077, 4160, 4161, 4078, 6318, 6401, 6402, 6319
2225, 4078, 4161, 4162, 4079, 6319, 6402, 6403, 6320
2226, 4079, 4162, 4163, 4080, 6320, 6403, 6404, 6321
2227, 4080, 4163, 4164, 4081, 6321, 6404, 6405, 6322
2228, 4081, 4164, 4165, 4082, 6322, 6405, 6406, 6323
2229, 4082, 4165, 4166, 4083, 6323, 6406, 6407, 6324
2230, 4083, 4166, 4167, 4084, 6324, 6407, 6408, 6325
2231, 4084, 4167, 4168, 4085, 6325, 6408, 6409, 6326
2232, 4085, 4168, 4169, 4086, 6326, 6409, 6410, 6327
2233, 4086, 4169, 4170, 4087, 6327, 6410, 6411, 6328
2234, 4087, 4170, 4171, 4088, 6328, 6411, 6412, 6329
2235, 4088, 4171, 4172, 4089, 6329, 6412, 6413, 6330
2236, 4089, 4172, 4173, 4090, 6330, 6413, 6414, 6331
2237, 4090, 4173, 4174, 4091, 6331, 6414, 6415, 6332
2238, 4091, 4174, 4175, 4092, 6332, 6415, 6416, 6333
2239, 4092, 4175, 4176, 4093, 6333, 6416, 6417, 6334
2240, 4093, 4176, 4177, 4094, 6334, 6417, 6418, 6335
2241, 4094, 4177, 4178, 4095, 6335, 6418, 6419, 6336
2242, 4095, 4178, 4179, 4096, 6336, 6419, 6420, 6337
2243, 4096, 4179, 4180, 4097, 6337, 6420, 6421, 6338
2244, 4097, 4180, 4181, 4098, 6338, 6421, 6422, 6339
2245, 4098, 4181, 4182, 4099, 6339, 6422, 6423, 6340
2246, 4099, 4182, 4183, 4100, 6340, 6423, 6424, 6341
2247, 4100, 4183, 4184, 4101, 6341, 6424, 6425, 6342
2248, 4101, 4184, 4185, 4102, 6342, 6425, 6426, 6343
2249, 4102, 4185, 4186, 4103, 6343, 6426, 6427, 6344
2250, 4103, 4186, 4187, 4104, 6344, 6427, 6428, 6345
2251, 4104, 4187, 4188, 4105, 6345, 6428, 6429, 6346
2252, 4105, 4188, 4189, 4106, 6346, 6429, 6430, 6347
2253, 4106, 4189, 4190, 4107, 6347, 6430, 6431, 6348
2254, 4107, 4190, 4191, 4108, 6348, 6431, 6432, 6349
2255, 4108, 4191, 4192, 4109, 6349, 6432, 6433, 6350
2256, 4109, 4192, 4193, 4110, 6350, 6433, 6434, 6351
2257, 4110, 4193, 4194, 4111, 6351, 6434, 6435, 6352
2258, 4111, 4194, 4195, 4112, 6352, 6435, 6436, 6353
2259, 4112, 4195, 4196, 4113, 6353, 6436, 6437, 6354
2260, 4113, 4196, 4197, 4114, 6354, 6437, 6438, 6355
2261, 4114, 4197, 4198, 4115, 6355, 6438, 6439, 6356
2262, 4115, 4198, 4199, 4116, 6356, 6439, 6440, 6357
2263, 4116, 4199, 4200, 4117, 6357, 6440, 6441, 6358
2264, 4117, 4200, 4201, 4118, 6358, 6441, 6442, 6359
2265, 4118, 4201, 4202, 4119, 6359, 6442, 6443, 6360
2266, 4119, 4202, 4203, 4120, 6360, 6443, 6444, 6361
2267, 4120, 4203, 4204, 4121, 6361, 6444, 6445, 6362
2268, 4121, 4204, 656, 655, 6362, 6445, 683, 684
2269, 49, 50, 4205, 4122, 98, 99, 6446, 6363
2270, 4122, 4205, 4206, 4123, 6363, 6446, 6447, 6364
2271, 4123, 4206, 4207, 4124, 6364, 6447, 6448, 6365
2272, 4124, 4207, 4208, 4125, 6365, 6448, 6449, 6366
2273, 4125, 4208, 4209, 4126, 6366, 6449, 6450, 6367
2274, 4126, 4209, 4210, 4127, 6367, 6450, 6451, 6368
2275, 4127, 4210, 4211, 4128, 6368, 6451, 6452, 6369
2276, 4128, 4211, 4212, 4129, 6369, 6452, 6453, 6370
2277, 4129, 4212, 4213, 4130, 6370, 6453, 6454, 6371
2278, 4130, 4213, 4214, 4131, 6371, 6454, 6455, 6372
2279, 4131, 4214, 4215, 4132, 6372, 6455, 6456, 6373
2280, 4132, 4215, 4216, 4133, 6373, 6456, 6457, 6374
2281, 4133, 4216, 4217, 4134, 6374, 6457, 6458, 6375
2282, 4134, 4217, 4218, 4135, 6375, 6458, 6459, 6376
2283, 4135, 4218, 4219, 4136, 6376, 6459, 6460, 6377
2284, 4136, 4219, 4220, 4137, 6377, 6460, 6461, 6378
2285, 4137, 4220, 4221, 4138, 6378, 6461, 6462, 6379
2286, 4138, 4221, 4222, 4139, 6379, 6462, 6463, 6380
2287, 4139, 4222, 4223, 4140, 6380, 6463, 6464, 6381
2288, 4140, 4223, 4224, 4141, 6381, 6464, 6465, 6382
2289, 4141, 4224, 4225, 4142, 6382, 6465, 6466, 6383
2290, 4142, 4225, 4226, 4143, 6383, 6466, 6467, 6384
2291, 4143, 4226, 4227, 4144, 6384, 6467, 6468, 6385
2292, 4144, 4227, 4228, 4145, 6385, 6468, 6469, 6386
2293, 4145, 4228, 4229, 4146, 6386, 6469, 6470, 6387
2294, 4146, 4229, 4230, 4147, 6387, 6470, 6471, 6388
2295, 4147, 4230, 4231, 4148, 6388, 6471, 6472, 6389
2296, 4148, 4231, 4232, 4149, 6389, 6472, 6473, 6390
2297, 4149, 4232, 4233, 4150, 6390, 6473, 6474, 6391
2298, 4150, 4233, 4234, 4151, 6391, 6474, 6475, 6392
2299, 4151, 4234, 4235, 4152, 6392, 6475, 6476, 6393
2300, 4152, 4235, 4236, 4153, 6393, 6476, 6477, 6394
2301, 4153, 4236, 4237, 4154, 6394, 6477, 6478, 6395
2302, 4154, 4237, 4238, 4155, 6395, 6478, 6479, 6396
2303, 4155, 4238, 4239, 4156, 6396, 6479, 6480, 6397
2304, 4156, 4239, 4240, 4157, 6397, 6480, 6481, 6398
2305, 4157, 4240, 4241, 4158, 6398, 6481, 6482, 6399
2306, 4158, 4241, 4242, 4159, 6399, 6482, 6483, 6400
2307, 4159, 4242, 4243, 4160, 6400, 6483, 6484, 6401
2308, 4160, 4243, 4244, 4161, 6401, 6484, 6485, 6402
2309, 4161, 4244, 4245, 4162, 6402, 6485, 6486, 6403
2310, 4162, 4245, 4246, 4163, 6403, 6486, 6487, 6404
2311, 4163, 4246, 4247, 4164, 6404, 6487, 6488, 6405
2312, 4164, 4247, 4248, 4165, 6405, 6488, 6489, 6406
2313, 4165, 4248, 4249, 4166, 6406, 6489, 6490, 6407
2314, 4166, 4249, 4250, 4167, 6407, 6490, 6491, 6408
2315, 4167, 4250, 4251, 4168, 6408, 6491, 6492, 6409
2316, 4168, 4251, 4252, 4169, 6409, 6492, 6493, 6410
2317, 4169, 4252, 4253, 4170, 6410, 6493, 6494, 6411
2318, 4170, 4253, 4254, 4171, 6411, 6494, 6495, 6412
2319, 4171, 4254, 4255, 4172, 6412, 6495, 6496, 6413
2320, 4172, 4255, 4256, 4173, 6413, 6496, 6497, 6414
2321, 4173, 4256, 4257, 4174, 6414, 6497, 6498, 6415
2322, 4174, 4257, 4258, 4175, 6415, 6498, 6499, 6416
2323, 4175, 4258, 4259, 4176, 6416, 6499, 6500, 6417
2324, 4176, 4259, 4260, 4177, 6417, 6500, 6501, 6418
2325, 4177, 4260, 4261, 4178, 6418, 6501, 6502, 6419
2326, 4178, 4261, 4262, 4179, 6419, 6502, 6503, 6420
2327, 4179, 4262, 4263, 4180, 6420, 6503, 6504, 6421
2328, 4180, 4263, 4264, 4181, 6421, 6504, 6505, 6422
2329, 4181, 4264, 4265, 4182, 6422, 6505, 6506, 6423
2330, 4182, 4265, 4266, 4183, 6423, 6506, 6507, 6424
2331, 4183, 4266, 4267, 4184, 6424, 6507, 6508, 6425
2332, 4184, 4267, 4268, 4185, 6425, 6508, 6509, 6426
2333, 4185, 4268, 4269, 4186, 6426, 6509, 6510, 6427
2334, 4186, 4269, 4270, 4187, 6427, 6510, 6511, 6428
2335, 4187, 4270, 4271, 4188, 6428, 6511, 6512, 6429
2336, 4188, 4271, 4272, 4189, 6429, 6512, 6513, 6430
2337, 4189, 4272, 4273, 4190, 6430, 6513, 6514, 6431
2338, 4190, 4273, 4274, 4191, 6431, 6514, 6515, 6432
2339, 4191, 4274, 4275, 4192, 6432, 6515, 6516, 6433
2340, 4192, 4275, 4276, 4193, 6433, 6516, 6517, 6434
2341, 4193, 4276, 4277, 4194, 6434, 6517, 6518, 6435
2342, 4194, 4277, 4278, 4195, 6435, 6518, 6519, 6436
2343, 4195, 4278, 4279, 4196, 6436, 6519, 6520, 6437
2344, 4196, 4279, 4280, 4197, 6437, 6520, 6521, 6438
2345, 4197, 4280, 4281, 4198, 6438, 6521, 6522, 6439
2346, 4198, 4281, 4282, 4199, 6439, 6522, 6523, 6440
2347, 4199, 4282, 4283, 4200, 6440, 6523, 6524, 6441
2348, 4200, 4283, 4284, 4201, 6441, 6524, 6525, 6442
2349, 4201, 4284, 4285, 4202, 6442, 6525, 6526, 6443
2350, 4202, 4285, 4286, 4203, 6443, 6526, 6527, 6444
2351, 4203, 4286, 4287, 4204, 6444, 6527, 6528, 6445
2352, 4204, 4287, 657, 656, 6445, 6528, 682, 683
2353, 50, 51, 4288, 4205, 99, 100, 6529, 6446
2354, 4205, 4288, 4289, 4206, 6446, 6529, 6530, 6447
2355, 4206, 4289, 4290, 4207, 6447, 6530, 6531, 6448
2356, 4207, 4290, 4291, 4208, 6448, 6531, 6532, 6449
2357, 4208, 4291, 4292, 4209, 6449, 6532, 6533, 6450
2358, 4209, 4292, 4293, 4210, 6450, 6533, 6534, 6451
2359, 4210, 4293, 4294, 4211, 6451, 6534, 6535, 6452
2360, 4211, 4294, 4295, 4212, 6452, 6535, 6536, 6453
2361, 4212, 4295, 4296, 4213, 6453, 6536, 6537, 6454
2362, 4213, 4296, 4297, 4214, 6454, 6537, 6538, 6455
2363, 4214, 4297, 4298, 4215, 6455, 6538, 6539, 6456
2364, 4215, 4298, 4299, 4216, 6456, 6539, 6540, 6457
2365, 4216, 4299, 4300, 4217, 6457, 6540, 6541, 6458
2366, 4217, 4300, 4301, 4218, 6458, 6541, 6542, 6459
2367, 4218, 4301, 4302, 4219, 6459, 6542, 6543, 6460
2368, 4219, 4302, 4303, 4220, 6460, 6543, 6544, 6461
2369, 4220, 4303, 4304, 4221, 6461, 6544, 6545, 6462
2370, 4221, 4304, 4305, 4222, 6462, 6545, 6546, 6463
2371, 4222, 4305, 4306, 4223, 6463, 6546, 6547, 6464
2372, 4223, 4306, 4307, 4224, 6464, 6547, 6548, 6465
2373, 4224, 4307, 4308, 4225, 6465, 6548, 6549, 6466
2374, 4225, 4308, 4309, 4226, 6466, 6549, 6550, 6467
2375, 4226, 4309, 4310, 4227, 6467, 6550, 6551, 6468
2376, 4227, 4310, 4311, 4228, 6468, 6551, 6552, 6469
2377, 4228, 4311, 4312, 4229, 6469, 6552, 6553, 6470
2378, 4229, 4312, 4313, 4230, 6470, 6553, 6554, 6471
2379, 4230, 4313, 4314, 4231, 6471, 6554, 6555, 6472
2380, 4231, 4314, 4315, 4232, 6472, 6555, 6556, 6473
2381, 4232, 4315, 4316, 4233, 6473, 6556, 6557, 6474
2382, 4233, 4316, 4317, 4234, 6474, 6557, 6558, 6475
2383, 4234, 4317, 4318, 4235, 6475, 6558, 6559, 6476
2384, 4235, 4318, 4319, 4236, 6476, 6559, 6560, 6477
2385, 4236, 4319, 4320, 4237, 6477, 6560, 6561, 6478
2386, 4237, 4320, 4321, 4238, 6478, 6561, 6562, 6479
2387, 4238, 4321, 4322, 4239, 6479, 6562, 6563, 6480
2388, 4239, 4322, 4323, 4240, 6480, 6563, 6564, 6481
2389, 4240, 4323, 4324, 4241, 6481, 6564, 6565, 6482
2390, 4241, 4324, 4325, 4242, 6482, 6565, 6566, 6483
2391, 4242, 4325, 4326, 4243, 6483, 6566, 6567, 6484
2392, 4243, 4326, 4327, 4244, 6484, 6567, 6568, 6485
2393, 4244, 4327, 4328, 4245, 6485, 6568, 6569, 6486
2394, 4245, 4328, 4329, 4246, 6486, 6569, 6570, 6487
2395, 4246, 4329, 4330, 4247, 6487, 6570, 6571, 6488
2396, 4247, 4330, 4331, 4248, 6488, 6571, 6572, 6489
2397, 4248, 4331, 4332, 4249, 6489, 6572, 6573, 6490
2398, 4249, 4332, 4333, 4250, 6490, 6573, 6574, 6491
2399, 4250, 4333, 4334, 4251, 6491, 6574, 6575, 6492
2400, 4251, 4334, 4335, 4252, 6492, 6575, 6576, 6493
2401, 4252, 4335, 4336, 4253, 6493, 6576, 6577, 6494
2402, 4253, 4336, 4337, 4254, 6494, 6577, 6578, 6495
2403, 4254, 4337, 4338, 4255, 6495, 6578, 6579, 6496
2404, 4255, 4338, 4339, 4256, 6496, 6579, 6580, 6497
2405, 4256, 4339, 4340, 4257, 6497, 6580, 6581, 6498
2406, 4257, 4340, 4341, 4258, 6498, 6581, 6582, 6499
2407, 4258, 4341, 4342, 4259, 6499, 6582, 6583, 6500
2408, 4259, 4342, 4343, 4260, 6500, 6583, 6584, 6501
2409, 4260, 4343, 4344, 4261, 6501, 6584, 6585, 6502
2410, 4261, 4344, 4345, 4262, 6502, 6585, 6586, 6503
2411, 4262, 4345, 4346, 4263, 6503, 6586, 6587, 6504
2412, 4263, 4346, 4347, 4264, 6504, 6587, 6588, 6505
2413, 4264, 4347, 4348, 4265, 6505, 6588, 6589, 6506
2414, 4265, 4348, 4349, 4266, 6506, 6589, 6590, 6507
2415, 4266, 4349, 4350, 4267, 6507, 6590, 6591, 6508
2416, 4267, 4350, 4351, 4268, 6508, 6591, 6592, 6509
2417, 4268, 4351, 4352, 4269, 6509, 6592, 6593, 6510
2418, 4269, 4352, 4353, 4270, 6510, 6593, 6594, 6511
2419, 4270, 4353, 4354, 4271, 6511, 6594, 6595, 6512
2420, 4271, 4354, 4355, 4272, 6512, 6595, 6596, 6513
2421, 4272, 4355, 4356, 4273, 6513, 6596, 6597, 6514
2422, 4273, 4356, 4357, 4274, 6514, 6597, 6598, 6515
2423, 4274, 4357, 4358, 4275, 6515, 6598, 6599, 6516
2424, 4275, 4358, 4359, 4276, 6516, 6599, 6600, 6517
2425, 4276, 4359, 4360, 4277, 6517, 6600, 6601, 6518
2426, 4277, 4360, 4361, 4278, 6518, 6601, 6602, 6519
2427, 4278, 4361, 4362, 4279, 6519, 6602, 6603, 6520
2428, 4279, 4362, 4363, 4280, 6520, 6603, 6604, 6521
2429, 4280, 4363, 4364, 4281, 6521, 6604, 6605, 6522
2430, 4281, 4364, 4365, 4282, 6522, 6605, 6606, 6523
2431, 4282, 4365, 4366, 4283, 6523, 6606, 6607, 6524
2432, 4283, 4366, 4367, 4284, 6524, 6607, 6608, 6525
2433, 4284, 4367, 4368, 4285, 6525, 6608, 6609, 6526
2434, 4285, 4368, 4369, 4286, 6526, 6609, 6610, 6527
2435, 4286, 4369, 4370, 4287, 6527, 6610, 6611, 6528
2436, 4287, 4370, 658, 657, 6528, 6611, 681, 682
2437, 51, 52, 4371, 4288, 100, 101, 6612, 6529
2438, 4288, 4371, 4372, 4289, 6529, 6612, 6613, 6530
2439, 4289, 4372, 4373, 4290, 6530, 6613, 6614, 6531
2440, 4290, 4373, 4374, 4291, 6531, 6614, 6615, 6532
2441, 4291, 4374, 4375, 4292, 6532, 6615, 6616, 6533
2442, 4292, 4375, 4376, 4293, 6533, 6616, 6617, 6534
2443, 4293, 4376, 4377, 4294, 6534, 6617, 6618, 6535
2444, 4294, 4377, 4378, 4295, 6535, 6618, 6619, 6536
2445, 4295, 4378, 4379, 4296, 6536, 6619, 6620, 6537
2446, 4296, 4379, 4380, 4297, 6537, 6620, 6621, 6538
2447, 4297, 4380, 4381, 4298, 6538, 6621, 6622, 6539
2448, 4298, 4381, 4382, 4299, 6539, 6622, 6623, 6540
2449, 4299, 4382, 4383, 4300, 6540, 6623, 6624, 6541
2450, 4300, 4383, 4384, 4301, 6541, 6624, 6625, 6542
2451, 4301, 4384, 4385, 4302, 6542, 6625, 6626, 6543
2452, 4302, 4385, 4386, 4303, 6543, 6626, 6627, 6544
2453, 4303, 4386, 4387, 4304, 6544, 6627, 6628, 6545
2454, 4304, 4387, 4388, 4305, 6545, 6628, 6629, 6546
2455, 4305, 4388, 4389, 4306, 6546, 6629, 6630, 6547
2456, 4306, 4389, 4390, 4307, 6547, 6630, 6631, 6548
2457, 4307, 4390, 4391, 4308, 6548, 6631, 6632, 6549
2458, 4308, 4391, 4392, 4309, 6549, 6632, 6633, 6550
2459, 4309, 4392, 4393, 4310, 6550, 6633, 6634, 6551
2460, 4310, 4393, 4394, 4311, 6551, 6634, 6635, 6552
2461, 4311, 4394, 4395, 4312, 6552, 6635, 6636, 6553
2462, 4312, 4395, 4396, 4313, 6553, 6636, 6637, 6554
2463, 4313, 4396, 4397, 4314, 6554, 6637, 6638, 6555
2464, 4314, 4397, 4398, 4315, 6555, 6638, 6639, 6556
2465, 4315, 4398, 4399, 4316, 6556, 6639, 6640, 6557
2466, 4316, 4399, 4400, 4317, 6557, 6640, 6641, 6558
2467, 4317, 4400, 4401, 4318, 6558, 6641, 6642, 6559
2468, 4318, 4401, 4402, 4319, 6559, 6642, 6643, 6560
2469, 4319, 4402, 4403, 4320, 6560, 6643, 6644, 6561
2470, 4320, 4403, 4404, 4321, 6561, 6644, 6645, 6562
2471, 4321, 4404, 4405, 4322, 6562, 6645, 6646, 6563
2472, 4322, 4405, 4406, 4323, 6563, 6646, 6647, 6564
2473, 4323, 4406, 4407, 4324, 6564, 6647, 6648, 6565
2474, 4324, 4407, 4408, 4325, 6565, 6648, 6649, 6566
2475, 4325, 4408, 4409, 4326, 6566, 6649, 6650, 6567
2476, 4326, 4409, 4410, 4327, 6567, 6650, 6651, 6568
2477, 4327, 4410, 4411, 4328, 6568, 6651, 6652, 6569
2478, 4328, 4411, 4412, 4329, 6569, 6652, 6653, 6570
2479, 4329, 4412, 4413, 4330, 6570, 6653, 6654, 6571
2480, 4330, 4413, 4414, 4331, 6571, 6654, 6655, 6572
2481, 4331, 4414, 4415, 4332, 6572, 6655, 6656, 6573
2482, 4332, 4415, 4416, 4333, 6573, 6656, 6657, 6574
2483, 4333, 4416, 4417, 4334, 6574, 6657, 6658, 6575
2484, 4334, 4417, 4418, 4335, 6575, 6658, 6659, 6576
2485, 4335, 4418, 4419, 4336, 6576, 6659, 6660, 6577
2486, 4336, 4419, 4420, 4337, 6577, 6660, 6661, 6578
2487, 4337, 4420, 4421, 4338, 6578, 6661, 6662, 6579
2488, 4338, 4421, 4422, 4339, 6579, 6662, 6663, 6580
2489, 4339, 4422, 4423, 4340, 6580, 6663, 6664, 6581
2490, 4340, 4423, 4424, 4341, 6581, 6664, 6665, 6582
2491, 4341, 4424, 4425, 4342, 6582, 6665, 6666, 6583
2492, 4342, 4425, 4426, 4343, 6583, 6666, 6667, 6584
2493, 4343, 4426, 4427, 4344, 6584, 6667, 6668, 6585
2494, 4344, 4427, 4428, 4345, 6585, 6668, 6669, 6586
2495, 4345, 4428, 4429, 4346, 6586, 6669, 6670, 6587
2496, 4346, 4429, 4430, 4347, 6587, 6670, 6671, 6588
2497, 4347, 4430, 4431, 4348, 6588, 6671, 6672, 6589
2498, 4348, 4431, 4432, 4349, 6589, 6672, 6673, 6590
2499, 4349, 4432, 4433, 4350, 6590, 6673, 6674, 6591
2500, 4350, 4433, 4434, 4351, 6591, 6674, 6675, 6592
2501, 4351, 4434, 4435, 4352, 6592, 6675, 6676, 6593
2502, 4352, 4435, 4436, 4353, 6593, 6676, 6677, 6594
2503, 4353, 4436, 4437, 4354, 6594, 6677, 6678, 6595
2504, 4354, 4437, 4438, 4355, 6595, 6678, 6679, 6596
2505, 4355, 4438, 4439, 4356, 6596, 6679, 6680, 6597
2506, 4356, 4439, 4440, 4357, 6597, 6680, 6681, 6598
2507, 4357, 4440, 4441, 4358, 6598, 6681, 6682, 6599
2508, 4358, 4441, 4442, 4359, 6599, 6682, 6683, 6600
2509, 4359, 4442, 4443, 4360, 6600, 6683, 6684, 6601
2510, 4360, 4443, 4444, 4361, 6601, 6684, 6685, 6602
2511, 4361, 4444, 4445, 4362, 6602, 6685, 6686, 6603
2512, 4362, 4445, 4446, 4363, 6603, 6686, 6687, 6604
2513, 4363, 4446, 4447, 4364, 6604, 6687, 6688, 6605
2514, 4364, 4447, 4448, 4365, 6605, 6688, 6689, 6606
2515, 4365, 4448, 4449, 4366, 6606, 6689, 6690, 6607
2516, 4366, 4449, 4450, 4367, 6607, 6690, 6691, 6608
2517, 4367, 4450, 4451, 4368, 6608, 6691, 6692, 6609
2518, 4368, 4451, 4452, 4369, 6609, 6692, 6693, 6610
2519, 4369, 4452, 4453, 4370, 6610, 6693, 6694, 6611
2520, 4370, 4453, 659, 658, 6611, 6694, 680, 681
2521, 52, 53, 4454, 4371, 101, 102, 6695, 6612
2522, 4371, 4454, 4455, 4372, 6612, 6695, 6696, 6613
2523, 4372, 4455, 4456, 4373, 6613, 6696, 6697, 6614
2524, 4373, 4456, 4457, 4374, 6614, 6697, 6698, 6615
2525, 4374, 4457, 4458, 4375, 6615, 6698, 6699, 6616
2526, 4375, 4458, 4459, 4376, 6616, 6699, 6700, 6617
2527, 4376, 4459, 4460, 4377, 6617, 6700, 6701, 6618
2528, 4377, 4460, 4461, 4378, 6618, 6701, 6702, 6619
2529, 4378, 4461, 4462, 4379, 6619, 6702, 6703, 6620
2530, 4379, 4462, 4463, 4380, 6620, 6703, 6704, 6621
2531, 4380, 4463, 4464, 4381, 6621, 6704, 6705, 6622
2532, 4381, 4464, 4465, 4382, 6622, 6705, 6706, 6623
2533, 4382, 4465, 4466, 4383, 6623, 6706, 6707, 6624
2534, 4383, 4466, 4467, 4384, 6624, 6707, 6708, 6625
2535, 4384, 4467, 4468, 4385, 6625, 6708, 6709, 6626
2536, 4385, 4468, 4469, 4386, 6626, 6709, 6710, 6627
2537, 4386, 4469, 4470, 4387, 6627, 6710, 6711, 6628
2538, 4387, 4470, 4471, 4388, 6628, 6711, 6712, 6629
2539, 4388, 4471, 4472, 4389, 6629, 6712, 6713, 6630
2540, 4389, 4472, 4473, 4390, 6630, 6713, 6714, 6631
2541, 4390, 4473, 4474, 4391, 6631, 6714, 6715, 6632
2542, 4391, 4474, 4475, 4392, 6632, 6715, 6716, 6633
2543, 4392, 4475, 4476, 4393, 6633, 6716, 6717, 6634
2544, 4393, 4476, 4477, 4394, 6634, 6717, 6718, 6635
2545, 4394, 4477, 4478, 4395, 6635, 6718, 6719, 6636
2546, 4395, 4478, 4479, 4396, 6636, 6719, 6720, 6637
2547, 4396, 4479, 4480, 4397, 6637, 6720, 6721, 6638
2548, 4397, 4480, 4481, 4398, 6638, 6721, 6722, 6639
2549, 4398, 4481, 4482, 4399, 6639, 6722, 6723, 6640
2550, 4399, 4482, 4483, 4400, 6640, 6723, 6724, 6641
2551, 4400, 4483, 4484, 4401, 6641, 6724, 6725, 6642
2552, 4401, 4484, 4485, 4402, 6642, 6725, 6726, 6643
2553, 4402, 4485, 4486, 4403, 6643, 6726, 6727, 6644
2554, 4403, 4486, 4487, 4404, 6644, 6727, 6728, 6645
2555, 4404, 4487, 4488, 4405, 6645, 6728, 6729, 6646
2556, 4405, 4488, 4489, 4406, 6646, 6729, 6730, 6647
2557, 4406, 4489, 4490, 4407, 6647, 6730, 6731, 6648
2558, 4407, 4490, 4491, 4408, 6648, 6731, 6732, 6649
2559, 4408, 4491, 4492, 4409, 6649, 6732, 6733, 6650
2560, 4409, 4492, 4493, 4410, 6650, 6733, 6734, 6651
2561, 4410, 4493, 4494, 4411, 6651, 6734, 6735, 6652
2562, 4411, 4494, 4495, 4412, 6652, 6735, 6736, 6653
2563, 4412, 4495, 4496, 4413, 6653, 6736, 6737, 6654
2564, 4413, 4496, 4497, 4414, 6654, 6737, 6738, 6655
2565, 4414, 4497, 4498, 4415, 6655, 6738, 6739, 6656
2566, 4415, 4498, 4499, 4416, 6656, 6739, 6740, 6657
2567, 4416, 4499, 4500, 4417, 6657, 6740, 6741, 6658
2568, 4417, 4500, 4501, 4418, 6658, 6741, 6742, 6659
2569, 4418, 4501, 4502, 4419, 6659, 6742, 6743, 6660
2570, 4419, 4502, 4503, 4420, 6660, 6743, 6744, 6661
2571, 4420, 4503, 4504, 4421, 6661, 6744, 6745, 6662
2572, 4421, 4504, 4505, 4422, 6662, 6745, 6746, 6663
2573, 4422, 4505, 4506, 4423, 6663, 6746, 6747, 6664
2574, 4423, 4506, 4507, 4424, 6664, 6747, 6748, 6665
2575, 4424, 4507, 4508, 4425, 6665, 6748, 6749, 6666
2576, 4425, 4508, 4509, 4426, 6666, 6749, 6750, 6667
2577, 4426, 4509, 4510, 4427, 6667, 6750, 6751, 6668
2578, 4427, 4510, 4511, 4428, 6668, 6751, 6752, 6669
2579, 4428, 4511, 4512, 4429, 6669, 6752, 6753, 6670
2580, 4429, 4512, 4513, 4430, 6670, 6753, 6754, 6671
2581, 4430, 4513, 4514, 4431, 6671, 6754, 6755, 6672
2582, 4431, 4514, 4515, 4432, 6672, 6755, 6756, 6673
2583, 4432, 4515, 4516, 4433, 6673, 6756, 6757, 6674
2584, 4433, 4516, 4517, 4434, 6674, 6757, 6758, 6675
2585, 4434, 4517, 4518, 4435, 6675, 6758, 6759, 6676
2586, 4435, 4518, 4519, 4436, 6676, 6759, 6760, 6677
2587, 4436, 4519, 4520, 4437, 6677, 6760, 6761, 6678
2588, 4437, 4520, 4521, 4438, 6678, 6761, 6762, 6679
2589, 4438, 4521, 4522, 4439, 6679, 6762, 6763, 6680
2590, 4439, 4522, 4523, 4440, 6680, 6763, 6764, 6681
2591, 4440, 4523, 4524, 4441, 6681, 6764, 6765, 6682
2592, 4441, 4524, 4525, 4442, 6682, 6765, 6766, 6683
2593, 4442, 4525, 4526, 4443, 6683, 6766, 6767, 6684
2594, 4443, 4526, 4527, 4444, 6684, 6767, 6768, 6685
2595, 4444, 4527, 4528, 4445, 6685, 6768, 6769, 6686
2596, 4445, 4528, 4529, 4446, 6686, 6769, 6770, 6687
2597, 4446, 4529, 4530, 4447, 6687, 6770, 6771, 6688
2598, 4447, 4530, 4531, 4448, 6688, 6771, 6772, 6689
2599, 4448, 4531, 4532, 4449, 6689, 6772, 6773, 6690
2600, 4449, 4532, 4533, 4450, 6690, 6773, 6774, 6691
2601, 4450, 4533, 4534, 4451, 6691, 6774, 6775, 6692
2602, 4451, 4534, 4535, 4452, 6692, 6775, 6776, 6693
2603, 4452, 4535, 4536, 4453, 6693, 6776, 6777, 6694
2604, 4453, 4536, 660, 659, 6694, 6777, 679, 680
2605, 53, 54, 4537, 4454, 102, 103, 6778, 6695
2606, 4454, 4537, 4538, 4455, 6695, 6778, 6779, 6696
2607, 4455, 4538, 4539, 4456, 6696, 6779, 6780, 6697
2608, 4456, 4539, 4540, 4457, 6697, 6780, 6781, 6698
2609, 4457, 4540, 4541, 4458, 6698, 6781, 6782, 6699
2610, 4458, 4541, 4542, 4459, 6699, 6782, 6783, 6700
2611, 4459, 4542, 4543, 4460, 6700, 6783, 6784, 6701
2612, 4460, 4543, 4544, 4461, 6701, 6784, 6785, 6702
2613, 4461, 4544, 4545, 4462, 6702, 6785, 6786, 6703
2614, 4462, 4545, 4546, 4463, 6703, 6786, 6787, 6704
2615, 4463, 4546, 4547, 4464, 6704, 6787, 6788, 6705
2616, 4464, 4547, 4548, 4465, 6705, 6788, 6789, 6706
2617, 4465, 4548, 4549, 4466, 6706, 6789, 6790, 6707
2618, 4466, 4549, 4550, 4467, 6707, 6790, 6791, 6708
2619, 4467, 4550, 4551, 4468, 6708, 6791, 6792, 6709
2620, 4468, 4551, 4552, 4469, 6709, 6792, 6793, 6710
2621, 4469, 4552, 4553, 4470, 6710, 6793, 6794, 6711
2622, 4470, 4553, 4554, 4471, 6711, 6794, 6795, 6712
2623, 4471, 4554, 4555, 4472, 6712, 6795, 6796, 6713
2624, 4472, 4555, 4556, 4473, 6713, 6796, 6797, 6714
2625, 4473, 4556, 4557, 4474, 6714, 6797, 6798, 6715
2626, 4474, 4557, 4558, 4475, 6715, 6798, 6799, 6716
2627, 4475, 4558, 4559, 4476, 6716, 6799, 6800, 6717
2628, 4476, 4559, 4560, 4477, 6717, 6800, 6801, 6718
2629, 4477, 4560, 4561, 4478, 6718, 6801, 6802, 6719
2630, 4478, 4561, 4562, 4479, 6719, 6802, 6803, 6720
2631, 4479, 4562, 4563, 4480, 6720, 6803, 6804, 6721
2632, 4480, 4563, 4564, 4481, 6721, 6804, 6805, 6722
2633, 4481, 4564, 4565, 4482, 6722, 6805, 6806, 6723
2634, 4482, 4565, 4566, 4483, 6723, 6806, 6807, 6724
2635, 4483, 4566, 4567, 4484, 6724, 6807, 6808, 6725
2636, 4484, 4567, 4568, 4485, 6725, 6808, 6809, 6726
2637, 4485, 4568, 4569, 4486, 6726, 6809, 6810, 6727
2638, 4486, 4569, 4570, 4487, 6727, 6810, 6811, 6728
2639, 4487, 4570, 4571, 4488, 6728, 6811, 6812, 6729
2640, 4488, 4571, 4572, 4489, 6729, 6812, 6813, 6730
2641, 4489, 4572, 4573, 4490, 6730, 6813, 6814, 6731
2642, 4490, 4573, 4574, 4491, 6731, 6814, 6815, 6732
2643, 4491, 4574, 4575, 4492, 6732, 6815, 6816, 6733
2644, 4492, 4575, 4576, 4493, 6733, 6816, 6817, 6734
2645, 4493, 4576, 4577, 4494, 6734, 6817, 6818, 6735
2646, 4494, 4577, 4578, 4495, 6735, 6818, 6819, 6736
2647, 4495, 4578, 4579, 4496, 6736, 6819, 6820, 6737
2648, 4496, 4579, 4580, 4497, 6737, 6820, 6821, 6738
2649, 4497, 4580, 4581, 4498, 6738, 6821, 6822, 6739
2650, 4498, 4581, 4582, 4499, 6739, 6822, 6823, 6740
2651, 4499, 4582, 4583, 4500, 6740, 6823, 6824, 6741
2652, 4500, 4583, 4584, 4501, 6741, 6824, 6825, 6742
2653, 4501, 4584, 4585, 4502, 6742, 6825, 6826, 6743
2654, 4502, 4585, 4586, 4503, 6743, 6826, 6827, 6744
2655, 4503, 4586, 4587, 4504, 6744, 6827, 6828, 6745
2656, 4504, 4587, 4588, 4505, 6745, 6828, 6829, 6746
2657, 4505, 4588, 4589, 4506, 6746, 6829, 6830, 6747
2658, 4506, 4589, 4590, 4507, 6747, 6830, 6831, 6748
2659, 4507, 4590, 4591, 4508, 6748, 6831, 6832, 6749
2660, 4508, 4591, 4592, 4509, 6749, 6832, 6833, 6750
2661, 4509, 4592, 4593, 4510, 6750, 6833, 6834, 6751
2662, 4510, 4593, 4594, 4511, 6751, 6834, 6835, 6752
2663, 4511, 4594, 4595, 4512, 6752, 6835, 6836, 6753
2664, 4512, 4595, 4596, 4513, 6753, 6836, 6837, 6754
2665, 4513, 4596, 4597, 4514, 6754, 6837, 6838, 6755
2666, 4514, 4597, 4598, 4515, 6755, 6838, 6839, 6756
2667, 4515, 4598, 4599, 4516, 6756, 6839, 6840, 6757
2668, 4516, 4599, 4600, 4517, 6757, 6840, 6841, 6758
2669, 4517, 4600, 4601, 4518, 6758, 6841, 6842, 6759
2670, 4518, 4601, 4602, 4519, 6759, 6842, 6843, 6760
2671, 4519, 4602, 4603, 4520, 6760, 6843, 6844, 6761
2672, 4520, 4603, 4604, 4521, 6761, 6844, 6845, 6762
2673, 4521, 4604, 4605, 4522, 6762, 6845, 6846, 6763
2674, 4522, 4605, 4606, 4523, 6763, 6846, 6847, 6764
2675, 4523, 4606, 4607, 4524, 6764, 6847, 6848, 6765
2676, 4524, 4607, 4608, 4525, 6765, 6848, 6849, 6766
2677, 4525, 4608, 4609, 4526, 6766, 6849, 6850, 6767
2678, 4526, 4609, 4610, 4527, 6767, 6850, 6851, 6768
2679, 4527, 4610, 4611, 4528, 6768, 6851, 6852, 6769
2680, 4528, 4611, 4612, 4529, 6769, 6852, 6853, 6770
2681, 4529, 4612, 4613, 4530, 6770, 6853, 6854, 6771
2682, 4530, 4613, 4614, 4531, 6771, 6854, 6855, 6772
2683, 4531, 4614, 4615, 4532, 6772, 6855, 6856, 6773
2684, 4532, 4615, 4616, 4533, 6773, 6856, 6857, 6774
2685, 4533, 4616, 4617, 4534, 6774, 6857, 6858, 6775
2686, 4534, 4617, 4618, 4535, 6775, 6858, 6859, 6776
2687, 4535, 4618, 4619, 4536, 6776, 6859, 6860, 6777
2688, 4536, 4619, 661, 660, 6777, 6860, 678, 679
2689, 54, 55, 4620, 4537, 103, 104, 6861, 6778
2690, 4537, 4620, 4621, 4538, 6778, 6861, 6862, 6779
2691, 4538, 4621, 4622, 4539, 6779, 6862, 6863, 6780
2692, 4539, 4622, 4623, 4540, 6780, 6863, 6864, 6781
2693, 4540, 4623, 4624, 4541, 6781, 6864, 6865, 6782
2694, 4541, 4624, 4625, 4542, 6782, 6865, 6866, 6783
2695, 4542, 4625, 4626, 4543, 6783, 6866, 6867, 6784
2696, 4543, 4626, 4627, 4544, 6784, 6867, 6868, 6785
2697, 4544, 4627, 4628, 4545, 6785, 6868, 6869, 6786
2698, 4545, 4628, 4629, 4546, 6786, 6869, 6870, 6787
2699, 4546, 4629, 4630, 4547, 6787, 6870, 6871, 6788
2700, 4547, 4630, 4631, 4548, 6788, 6871, 6872, 6789
2701, 4548, 4631, 4632, 4549, 6789, 6872, 6873, 6790
2702, 4549, 4632, 4633, 4550, 6790, 6873, 6874, 6791
2703, 4550, 4633, 4634, 4551, 6791, 6874, 6875, 6792
2704, 4551, 4634, 4635, 4552, 6792, 6875, 6876, 6793
2705, 4552, 4635, 4636, 4553, 6793, 6876, 6877, 6794
2706, 4553, 4636, 4637, 4554, 6794, 6877, 6878, 6795
2707, 4554, 4637, 4638, 4555, 6795, 6878, 6879, 6796
2708, 4555, 4638, 4639, 4556, 6796, 6879, 6880, 6797
2709, 4556, 4639, 4640, 4557, 6797, 6880, 6881, 6798
2710, 4557, 4640, 4641, 4558, 6798, 6881, 6882, 6799
2711, 4558, 4641, 4642, 4559, 6799, 6882, 6883, 6800
2712, 4559, 4642, 4643, 4560, 6800, 6883, 6884, 6801
2713, 4560, 4643, 4644, 4561, 6801, 6884, 6885, 6802
2714, 4561, 4644, 4645, 4562, 6802, 6885, 6886, 6803
2715, 4562, 4645, 4646, 4563, 6803, 6886, 6887, 6804
2716, 4563, 4646, 4647, 4564, 6804, 6887, 6888, 6805
2717, 4564, 4647, 4648, 4565, 6805, 6888, 6889, 6806
2718, 4565, 4648, 4649, 4566, 6806, 6889, 6890, 6807
2719, 4566, 4649, 4650, 4567, 6807, 6890, 6891, 6808
2720, 4567, 4650, 4651, 4568, 6808, 6891, 6892, 6809
2721, 4568, 4651, 4652, 4569, 6809, 6892, 6893, 6810
2722, 4569, 4652, 4653, 4570, 6810, 6893, 6894, 6811
2723, 4570, 4653, 4654, 4571, 6811, 6894, 6895, 6812
2724, 4571, 4654, 4655, 4572, 6812, 6895, 6896, 6813
2725, 4572, 4655, 4656, 4573, 6813, 6896, 6897, 6814
2726, 4573, 4656, 4657, 4574, 6814, 6897, 6898, 6815
2727, 4574, 4657, 4658, 4575, 6815, 6898, 6899, 6816
2728, 4575, 4658, 4659, 4576, 6816, 6899, 6900, 6817
2729, 4576, 4659, 4660, 4577, 6817, 6900, 6901, 6818
2730, 4577, 4660, 4661, 4578, 6818, 6901, 6902, 6819
2731, 4578, 4661, 4662, 4579, 6819, 6902, 6903, 6820
2732, 4579, 4662, 4663, 4580, 6820, 6903, 6904, 6821
2733, 4580, 4663, 4664, 4581, 6821, 6904, 6905, 6822
2734, 4581, 4664, 4665, 4582, 6822, 6905, 6906, 6823
2735, 4582, 4665, 4666, 4583, 6823, 6906, 6907, 6824
2736, 4583, 4666, 4667, 4584, 6824, 6907, 6908, 6825
2737, 4584, 4667, 4668, 4585, 6825, 6908, 6909, 6826
2738, 4585, 4668, 4669, 4586, 6826, 6909, 6910, 6827
2739, 4586, 4669, 4670, 4587, 6827, 6910, 6911, 6828
2740, 4587, 4670, 4671, 4588, 6828, 6911, 6912, 6829
2741, 4588, 4671, 4672, 4589, 6829, 6912, 6913, 6830
2742, 4589, 4672, 4673, 4590, 6830, 6913, 6914, 6831
2743, 4590, 4673, 4674, 4591, 6831, 6914, 6915, 6832
2744, 4591, 4674, 4675, 4592, 6832, 6915, 6916, 6833
2745, 4592, 4675, 4676, 4593, 6833, 6916, 6917, 6834
2746, 4593, 4676, 4677, 4594, 6834, 6917, 6918, 6835
2747, 4594, 4677, 4678, 4595, 6835, 6918, 6919, 6836
2748, 4595, 4678, 4679, 4596, 6836, 6919, 6920, 6837
2749, 4596, 4679, 4680, 4597, 6837, 6920, 6921, 6838
2750, 4597, 4680, 4681, 4598, 6838, 6921, 6922, 6839
2751, 4598, 4681, 4682, 4599, 6839, 6922, 6923, 6840
2752, 4599, 4682, 4683, 4600, 6840, 6923, 6924, 6841
2753, 4600, 4683, 4684, 4601, 6841, 6924, 6925, 6842
2754, 4601, 4684, 4685, 4602, 6842, 6925, 6926, 6843
2755, 4602, 4685, 4686, 4603, 6843, 6926, 6927, 6844
2756, 4603, 4686, 4687, 4604, 6844, 6927, 6928, 6845
2757, 4604, 4687, 4688, 4605, 6845, 6928, 6929, 6846
2758, 4605, 4688, 4689, 4606, 6846, 6929, 6930, 6847
2759, 4606, 4689, 4690, 4607, 6847, 6930, 6931, 6848
2760, 4607, 4690, 4691, 4608, 6848, 6931, 6932, 6849
2761, 4608, 4691, 4692, 4609, 6849, 6932, 6933, 6850
2762, 4609, 4692, 4693, 4610, 6850, 6933, 6934, 6851
2763, 4610, 4693, 4694, 4611, 6851, 6934, 6935, 6852
2764, 4611, 4694, 4695, 4612, 6852, 6935, 6936, 6853
2765, 4612, 4695, 4696, 4613, 6853, 6936, 6937, 6854
2766, 4613, 4696, 4697, 4614, 6854, 6937, 6938, 6855
2767, 4614, 4697, 4698, 4615, 6855, 6938, 6939, 6856
2768, 4615, 4698, 4699, 4616, 6856, 6939, 6940, 6857
2769, 4616, 4699, 4700, 4617, 6857, 6940, 6941, 6858
2770, 4617, 4700, 4701, 4618, 6858, 6941, 6942, 6859
2771, 4618, 4701, 4702, 4619, 6859, 6942, 6943, 6860
2772, 4619, 4702, 662, 661, 6860, 6943, 677, 678
2773, 55, 56, 4703, 4620, 104, 105, 6944, 6861
2774, 4620, 4703, 4704, 4621, 6861, 6944, 6945, 6862
2775, 4621, 4704, 4705, 4622, 6862, 6945, 6946, 6863
2776, 4622, 4705, 4706, 4623, 6863, 6946, 6947, 6864
2777, 4623, 4706, 4707, 4624, 6864, 6947, 6948, 6865
2778, 4624, 4707, 4708, 4625, 6865, 6948, 6949, 6866
2779, 4625, 4708, 4709, 4626, 6866, 6949, 6950, 6867
2780, 4626, 4709, 4710, 4627, 6867, 6950, 6951, 6868
2781, 4627, 4710, 4711, 4628, 6868, 6951, 6952, 6869
2782, 4628, 4711, 4712, 4629, 6869, 6952, 6953, 6870
2783, 4629, 4712, 4713, 4630, 6870, 6953, 6954, 6871
2784, 4630, 4713, 4714, 4631, 6871, 6954, 6955, 6872
2785, 4631, 4714, 4715, 4632, 6872, 6955, 6956, 6873
2786, 4632, 4715, 4716, 4633, 6873, 6956, 6957, 6874
2787, 4633, 4716, 4717, 4634, 6874, 6957, 6958, 6875
2788, 4634, 4717, 4718, 4635, 6875, 6958, 6959, 6876
2789, 4635, 4718, 4719, 4636, 6876, 6959, 6960, 6877
2790, 4636, 4719, 4720, 4637, 6877, 6960, 6961, 6878
2791, 4637, 4720, 4721, 4638, 6878, 6961, 6962, 6879
2792, 4638, 4721, 4722, 4639, 6879, 6962, 6963, 6880
2793, 4639, 4722, 4723, 4640, 6880, 6963, 6964, 6881
2794, 4640, 4723, 4724, 4641, 6881, 6964, 6965, 6882
2795, 4641, 4724, 4725, 4642, 6882, 6965, 6966, 6883
2796, 4642, 4725, 4726, 4643, 6883, 6966, 6967, 6884
2797, 4643, 4726, 4727, 4644, 6884, 6967, 6968, 6885
2798, 4644, 4727, 4728, 4645, 6885, 6968, 6969, 6886
2799, 4645, 4728, 4729, 4646, 6886, 6969, 6970, 6887
2800, 4646, 4729, 4730, 4647, 6887, 6970, 6971, 6888
2801, 4647, 4730, 4731, 4648, 6888, 6971, 6972, 6889
2802, 4648, 4731, 4732, 4649, 6889, 6972, 6973, 6890
2803, 4649, 4732, 4733, 4650, 6890, 6973, 6974, 6891
2804, 4650, 4733, 4734, 4651, 6891, 6974, 6975, 6892
2805, 4651, 4734, 4735, 4652, 6892, 6975, 6976, 6893
2806, 4652, 4735, 4736, 4653, 6893, 6976, 6977, 6894
2807, 4653, 4736, 4737, 4654, 6894, 6977, 6978, 6895
2808, 4654, 4737, 4738, 4655, 6895, 6978, 6979, 6896
2809, 4655, 4738, 4739, 4656, 6896, 6979, 6980, 6897
2810, 4656, 4739, 4740, 4657, 6897, 6980, 6981, 6898
2811, 4657, 4740, 4741, 4658, 6898, 6981, 6982, 6899
2812, 4658, 4741, 4742, 4659, 6899, 6982, 6983, 6900
2813, 4659, 4742, 4743, 4660, 6900, 6983, 6984, 6901
2814, 4660, 4743, 4744, 4661, 6901, 6984, 6985, 6902
2815, 4661, 4744, 4745, 4662, 6902, 6985, 6986, 6903
2816, 4662, 4745, 4746, 4663, 6903, 6986, 6987, 6904
2817, 4663, 4746, 4747, 4664, 6904, 6987, 6988, 6905
2818, 4664, 4747, 4748, 4665, 6905, 6988, 6989, 6906
2819, 4665, 4748, 4749, 4666, 6906, 6989, 6990, 6907
2820, 4666, 4749, 4750, 4667, 6907, 6990, 6991, 6908
2821, 4667, 4750, 4751, 4668, 6908, 6991, 6992, 6909
2822, 4668, 4751, 4752, 4669, 6909, 6992, 6993, 6910
2823, 4669, 4752, 4753, 4670, 6910, 6993, 6994, 6911
2824, 4670, 4753, 4754, 4671, 6911, 6994, 6995, 6912
2825, 4671, 4754, 4755, 4672, 6912, 6995, 6996, 6913
2826, 4672, 4755, 4756, 4673, 6913, 6996, 6997, 6914
2827, 4673, 4756, 4757, 4674, 6914, 6997, 6998, 6915
2828, 4674, 4757, 4758, 4675, 6915, 6998, 6999, 6916
2829, 4675, 4758, 4759, 4676, 6916, 6999, 7000, 6917
2830, 4676, 4759, 4760, 4677, 6917, 7000, 7001, 6918
2831, 4677, 4760, 4761, 4678, 6918, 7001, 7002, 6919
2832, 4678, 4761, 4762, 4679, 6919, 7002, 7003, 6920
2833, 4679, 4762, 4763, 4680, 6920, 7003, 7004, 6921
2834, 4680, 4763, 4764, 4681, 6921, 7004, 7005, 6922
2835, 4681, 4764, 4765, 4682, 6922, 7005, 7006, 6923
2836, 4682, 4765, 4766, 4683, 6923, 7006, 7007, 6924
2837, 4683, 4766, 4767, 4684, 6924, 7007, 7008, 6925
2838, 4684, 4767, 4768, 4685, 6925, 7008, 7009, 6926
2839, 4685, 4768, 4769, 4686, 6926, 7009, 7010, 6927
2840, 4686, 4769, 4770, 4687, 6927, 7010, 7011, 6928
2841, 4687, 4770, 4771, 4688, 6928, 7011, 7012, 6929
2842, 4688, 4771, 4772, 4689, 6929, 7012, 7013, 6930
2843, 4689, 4772, 4773, 4690, 6930, 7013, 7014, 6931
2844, 4690, 4773, 4774, 4691, 6931, 7014, 7015, 6932
2845, 4691, 4774, 4775, 4692, 6932, 7015, 7016, 6933
2846, 4692, 4775, 4776, 4693, 6933, 7016, 7017, 6934
2847, 4693, 4776, 4777, 4694, 6934, 7017, 7018, 6935
2848, 4694, 4777, 4778, 4695, 6935, 7018, 7019, 6936
2849, 4695, 4778, 4779, 4696, 6936, 7019, 7020, 6937
2850, 4696, 4779, 4780, 4697, 6937, 7020, 7021, 6938
2851, 4697, 4780, 4781, 4698, 6938, 7021, 7022, 6939
2852, 4698, 4781, 4782, 4699, 6939, 7022, 7023, 6940
2853, 4699, 4782, 4783, 4700, 6940, 7023, 7024, 6941
2854, 4700, 4783, 4784, 4701, 6941, 7024, 7025, 6942
2855, 4701, 4784, 4785, 4702, 6942, 7025, 7026, 6943
2856, 4702, 4785, 663, 662, 6943, 7026, 676, 677
2857, 56, 57, 4786, 4703, 105, 106, 7027, 6944
2858, 4703, 4786, 4787, 4704, 6944, 7027, 7028, 6945
2859, 4704, 4787, 4788, 4705, 6945, 7028, 7029, 6946
2860, 4705, 4788, 4789, 4706, 6946, 7029, 7030, 6947
2861, 4706, 4789, 4790, 4707, 6947, 7030, 7031, 6948
2862, 4707, 4790, 4791, 4708, 6948, 7031, 7032, 6949
2863, 4708, 4791, 4792, 4709, 6949, 7032, 7033, 6950
2864, 4709, 4792, 4793, 4710, 6950, 7033, 7034, 6951
2865, 4710, 4793, 4794, 4711, 6951, 7034, 7035, 6952
2866, 4711, 4794, 4795, 4712, 6952, 7035, 7036, 6953
2867, 4712, 4795, 4796, 4713, 6953, 7036, 7037, 6954
2868, 4713, 4796, 4797, 4714, 6954, 7037, 7038, 6955
2869, 4714, 4797, 4798, 4715, 6955, 7038, 7039, 6956
2870, 4715, 4798, 4799, 4716, 6956, 7039, 7040, 6957
2871, 4716, 4799, 4800, 4717, 6957, 7040, 7041, 6958
2872, 4717, 4800, 4801, 4718, 6958, 7041, 7042, 6959
2873, 4718, 4801, 4802, 4719, 6959, 7042, 7043, 6960
2874, 4719, 4802, 4803, 4720, 6960, 7043, 7044, 6961
2875, 4720, 4803, 4804, 4721, 6961, 7044, 7045, 6962
2876, 4721, 4804, 4805, 4722, 6962, 7045, 7046, 6963
2877, 4722, 4805, 4806, 4723, 6963, 7046, 7047, 6964
2878, 4723, 4806, 4807, 4724, 6964, 7047, 7048, 6965
2879, 4724, 4807, 4808, 4725, 6965, 7048, 7049, 6966
2880, 4725, 4808, 4809, 4726, 6966, 7049, 7050, 6967
2881, 4726, 4809, 4810, 4727, 6967, 7050, 7051, 6968
2882, 4727, 4810, 4811, 4728, 6968, 7051, 7052, 6969
2883, 4728, 4811, 4812, 4729, 6969, 7052, 7053, 6970
2884, 4729, 4812, 4813, 4730, 6970, 7053, 7054, 6971
2885, 4730, 4813, 4814, 4731, 6971, 7054, 7055, 6972
2886, 4731, 4814, 4815, 4732, 6972, 7055, 7056, 6973
2887, 4732, 4815, 4816, 4733, 6973, 7056, 7057, 6974
2888, 4733, 4816, 4817, 4734, 6974, 7057, 7058, 6975
2889, 4734, 4817, 4818, 4735, 6975, 7058, 7059, 6976
2890, 4735, 4818, 4819, 4736, 6976, 7059, 7060, 6977
2891, 4736, 4819, 4820, 4737, 6977, 7060, 7061, 6978
2892, 4737, 4820, 4821, 4738, 6978, 7061, 7062, 6979
2893, 4738, 4821, 4822, 4739, 6979, 7062, 7063, 6980
2894, 4739, 4822, 4823, 4740, 6980, 7063, 7064, 6981
2895, 4740, 4823, 4824, 4741, 6981, 7064, 7065, 6982
2896, 4741, 4824, 4825, 4742, 6982, 7065, 7066, 6983
2897, 4742, 4825, 4826, 4743, 6983, 7066, 7067, 6984
2898, 4743, 4826, 4827, 4744, 6984, 7067, 7068, 6985
2899, 4744, 4827, 4828, 4745, 6985, 7068, 7069, 6986
2900, 4745, 4828, 4829, 4746, 6986, 7069, 7070, 6987
2901, 4746, 4829, 4830, 4747, 6987, 7070, 7071, 6988
2902, 4747, 4830, 4831, 4748, 6988, 7071, 7072, 6989
2903, 4748, 4831, 4832, 4749, 6989, 7072, 7073, 6990
2904, 4749, 4832, 4833, 4750, 6990, 7073, 7074, 6991
2905, 4750, 4833, 4834, 4751, 6991, 7074, 7075, 6992
2906, 4751, 4834, 4835, 4752, 6992, 7075, 7076, 6993
2907, 4752, 4835, 4836, 4753, 6993, 7076, 7077, 6994
2908, 4753, 4836, 4837, 4754, 6994, 7077, 7078, 6995
2909, 4754, 4837, 4838, 4755, 6995, 7078, 7079, 6996
2910, 4755, 4838, 4839, 4756, 6996, 7079, 7080, 6997
2911, 4756, 4839, 4840, 4757, 6997, 7080, 7081, 6998
2912, 4757, 4840, 4841, 4758, 6998, 7081, 7082, 6999
2913, 4758, 4841, 4842, 4759, 6999, 7082, 7083, 7000
2914, 4759, 4842, 4843, 4760, 7000, 7083, 7084, 7001
2915, 4760, 4843, 4844, 4761, 7001, 7084, 7085, 7002
2916, 4761, 4844, 4845, 4762, 7002, 7085, 7086, 7003
2917, 4762, 4845, 4846, 4763, 7003, 7086, 7087, 7004
2918, 4763, 4846, 4847, 4764, 7004, 7087, 7088, 7005
2919, 4764, 4847, 4848, 4765, 7005, 7088, 7089, 7006
2920, 4765, 4848, 4849, 4766, 7006, 7089, 7090, 7007
2921, 4766, 4849, 4850, 4767, 7007, 7090, 7091, 7008
2922, 4767, 4850, 4851, 4768, 7008, 7091, 7092, 7009
2923, 4768, 4851, 4852, 4769, 7009, 7092, 7093, 7010
2924, 4769, 4852, 4853, 4770, 7010, 7093, 7094, 7011
2925, 4770, 4853, 4854, 4771, 7011, 7094, 7095, 7012
2926, 4771, 4854, 4855, 4772, 7012, 7095, 7096, 7013
2927, 4772, 4855, 4856, 4773, 7013, 7096, 7097, 7014
2928, 4773, 4856, 4857, 4774, 7014, 7097, 7098, 7015
2929, 4774, 4857, 4858, 4775, 7015, 7098, 7099, 7016
2930, 4775, 4858, 4859, 4776, 7016, 7099, 7100, 7017
2931, 4776, 4859, 4860, 4777, 7017, 7100, 7101, 7018
2932, 4777, 4860, 4861, 4778, 7018, 7101, 7102, 7019
2933, 4778, 4861, 4862, 4779, 7019, 7102, 7103, 7020
2934, 4779, 4862, 4863, 4780, 7020, 7103, 7104, 7021
2935, 4780, 4863, 4864, 4781, 7021, 7104, 7105, 7022
2936, 4781, 4864, 4865, 4782, 7022, 7105, 7106, 7023
2937, 4782, 4865, 4866, 4783, 7023, 7106, 7107, 7024
2938, 4783, 4866, 4867, 4784, 7024, 7107, 7108, 7025
2939, 4784, 4867, 4868, 4785, 7025, 7108, 7109, 7026
2940, 4785, 4868, 664, 663, 7026, 7109, 675, 676
2941, 57, 58, 4869, 4786, 106, 107, 7110, 7027
2942, 4786, 4869, 4870, 4787, 7027, 7110, 7111, 7028
2943, 4787, 4870, 4871, 4788, 7028, 7111, 7112, 7029
2944, 4788, 4871, 4872, 4789, 7029, 7112, 7113, 7030
2945, 4789, 4872, 4873, 4790, 7030, 7113, 7114, 7031
2946, 4790, 4873, 4874, 4791, 7031, 7114, 7115, 7032
2947, 4791, 4874, 4875, 4792, 7032, 7115, 7116, 7033
2948, 4792, 4875, 4876, 4793, 7033, 7116, 7117, 7034
2949, 4793, 4876, 4877, 4794, 7034, 7117, 7118, 7035
2950, 4794, 4877, 4878, 4795, 7035, 7118, 7119, 7036
2951, 4795, 4878, 4879, 4796, 7036, 7119, 7120, 7037
2952, 4796, 4879, 4880, 4797, 7037, 7120, 7121, 7038
2953, 4797, 4880, 4881, 4798, 7038, 7121, 7122, 7039
2954, 4798, 4881, 4882, 4799, 7039, 7122, 7123, 7040
2955, 4799, 4882, 4883, 4800, 7040, 7123, 7124, 7041
2956, 4800, 4883, 4884, 4801, 7041, 7124, 7125, 7042
2957, 4801, 4884, 4885, 4802, 7042, 7125, 7126, 7043
2958, 4802, 4885, 4886, 4803, 7043, 7126, 7127, 7044
2959, 4803, 4886, 4887, 4804, 7044, 7127, 7128, 7045
2960, 4804, 4887, 4888, 4805, 7045, 7128, 7129, 7046
2961, 4805, 4888, 4889, 4806, 7046, 7129, 7130, 7047
2962, 4806, 4889, 4890, 4807, 7047, 7130, 7131, 7048
2963, 4807, 4890, 4891, 4808, 7048, 7131, 7132, 7049
2964, 4808, 4891, 4892, 4809, 7049, 7132, 7133, 7050
2965, 4809, 4892, 4893, 4810, 7050, 7133, 7134, 7051
2966, 4810, 4893, 4894, 4811, 7051, 7134, 7135, 7052
2967, 4811, 4894, 4895, 4812, 7052, 7135, 7136, 7053
2968, 4812, 4895, 4896, 4813, 7053, 7136, 7137, 7054
2969, 4813, 4896, 4897, 4814, 7054, 7137, 7138, 7055
2970, 4814, 4897, 4898, 4815, 7055, 7138, 7139, 7056
2971, 4815, 4898, 4899, 4816, 7056, 7139, 7140, 7057
2972, 4816, 4899, 4900, 4817, 7057, 7140, 7141, 7058
2973, 4817, 4900, 4901, 4818, 7058, 7141, 7142, 7059
2974, 4818, 4901, 4902, 4819, 7059, 7142, 7143, 7060
2975, 4819, 4902, 4903, 4820, 7060, 7143, 7144, 7061
2976, 4820, 4903, 4904, 4821, 7061, 7144, 7145, 7062
2977, 4821, 4904, 4905, 4822, 7062, 7145, 7146, 7063
2978, 4822, 4905, 4906, 4823, 7063, 7146, 7147, 7064
2979, 4823, 4906, 4907, 4824, 7064, 7147, 7148, 7065
2980, 4824, 4907, 4908, 4825, 7065, 7148, 7149, 7066
2981, 4825, 4908, 4909, 4826, 7066, 7149, 7150, 7067
2982, 4826, 4909, 4910, 4827, 7067, 7150, 7151, 7068
2983, 4827, 4910, 4911, 4828, 7068, 7151, 7152, 7069
2984, 4828, 4911, 4912, 4829, 7069, 7152, 7153, 7070
2985, 4829, 4912, 4913, 4830, 7070, 7153, 7154, 7071
2986, 4830, 4913, 4914, 4831, 7071, 7154, 7155, 7072
2987, 4831, 4914, 4915, 4832, 7072, 7155, 7156, 7073
2988, 4832, 4915, 4916, 4833, 7073, 7156, 7157, 7074
2989, 4833, 4916, 4917, 4834, 7074, 7157, 7158, 7075
2990, 4834, 4917, 4918, 4835, 7075, 7158, 7159, 7076
2991, 4835, 4918, 4919, 4836, 7076, 7159, 7160, 7077
2992, 4836, 4919, 4920, 4837, 7077, 7160, 7161, 7078
2993, 4837, 4920, 4921, 4838, 7078, 7161, 7162, 7079
2994, 4838, 4921, 4922, 4839, 7079, 7162, 7163, 7080
2995, 4839, 4922, 4923, 4840, 7080, 7163, 7164, 7081
2996, 4840, 4923, 4924, 4841, 7081, 7164, 7165, 7082
2997, 4841, 4924, 4925, 4842, 7082, 7165, 7166, 7083
2998, 4842, 4925, 4926, 4843, 7083, 7166, 7167, 7084
2999, 4843, 4926, 4927, 4844, 7084, 7167, 7168, 7085
3000, 4844, 4927, 4928, 4845, 7085, 7168, 7169, 7086
3001, 4845, 4928, 4929, 4846, 7086, 7169, 7170, 7087
3002, 4846, 4929, 4930, 4847, 7087, 7170, 7171, 7088
3003, 4847, 4930, 4931, 4848, 7088, 7171, 7172, 7089
3004, 4848, 4931, 4932, 4849, 7089, 7172, 7173, 7090
3005, 4849, 4932, 4933, 4850, 7090, 7173, 7174, 7091
3006, 4850, 4933, 4934, 4851, 7091, 7174, 7175, 7092
3007, 4851, 4934, 4935, 4852, 7092, 7175, 7176, 7093
3008, 4852, 4935, 4936, 4853, 7093, 7176, 7177, 7094
3009, 4853, 4936, 4937, 4854, 7094, 7177, 7178, 7095
3010, 4854, 4937, 4938, 4855, 7095, 7178, 7179, 7096
3011, 4855, 4938, 4939, 4856, 7096, 7179, 7180, 7097
3012, 4856, 4939, 4940, 4857, 7097, 7180, 7181, 7098
3013, 4857, 4940, 4941, 4858, 7098, 7181, 7182, 7099
3014, 4858, 4941, 4942, 4859, 7099, 7182, 7183, 7100
3015, 4859, 4942, 4943, 4860, 7100, 7183, 7184, 7101
3016, 4860, 4943, 4944, 4861, 7101, 7184, 7185, 7102
3017, 4861, 4944, 4945, 4862, 7102, 7185, 7186, 7103
3018, 4862, 4945, 4946, 4863, 7103, 7186, 7187, 7104
3019, 4863, 4946, 4947, 4864, 7104, 7187, 7188, 7105
3020, 4864, 4947, 4948, 4865, 7105, 7188, 7189, 7106
3021, 4865, 4948, 4949, 4866, 7106, 7189, 7190, 7107
3022, 4866, 4949, 4950, 4867, 7107, 7190, 7191, 7108
3023, 4867, 4950, 4951, 4868, 7108, 7191, 7192, 7109
3024, 4868, 4951, 665, 664, 7109, 7192, 674, 675
3025, 58, 59, 4952, 4869, 107, 108, 7193, 7110
3026, 4869, 4952, 4953, 4870, 7110, 7193, 7194, 7111
3027, 4870, 4953, 4954, 4871, 7111, 7194, 7195, 7112
3028, 4871, 4954, 4955, 4872, 7112, 7195, 7196, 7113
3029, 4872, 4955, 4956, 4873, 7113, 7196, 7197, 7114
3030, 4873, 4956, 4957, 4874, 7114, 7197, 7198, 7115
3031, 4874, 4957, 4958, 4875, 7115, 7198, 7199, 7116
3032, 4875, 4958, 4959, 4876, 7116, 7199, 7200, 7117
3033, 4876, 4959, 4960, 4877, 7117, 7200, 7201, 7118
3034, 4877, 4960, 4961, 4878, 7118, 7201, 7202, 7119
3035, 4878, 4961, 4962, 4879, 7119, 7202, 7203, 7120
3036, 4879, 4962, 4963, 4880, 7120, 7203, 7204, 7121
3037, 4880, 4963, 4964, 4881, 7121, 7204, 7205, 7122
3038, 4881, 4964, 4965, 4882, 7122, 7205, 7206, 7123
3039, 4882, 4965, 4966, 4883, 7123, 7206, 7207, 7124
3040, 4883, 4966, 4967, 4884, 7124, 7207, 7208, 7125
3041, 4884, 4967, 4968, 4885, 7125, 7208, 7209, 7126
3042, 4885, 4968, 4969, 4886, 7126, 7209, 7210, 7127
3043, 4886, 4969, 4970, 4887, 7127, 7210, 7211, 7128
3044, 4887, 4970, 4971, 4888, 7128, 7211, 7212, 7129
3045, 4888, 4971, 4972, 4889, 7129, 7212, 7213, 7130
3046, 4889, 4972, 4973, 4890, 7130, 7213, 7214, 7131
3047, 4890, 4973, 4974, 4891, 7131, 7214, 7215, 7132
3048, 4891, 4974, 4975, 4892, 7132, 7215, 7216, 7133
3049, 4892, 4975, 4976, 4893, 7133, 7216, 7217, 7134
3050, 4893, 4976, 4977, 4894, 7134, 7217, 7218, 7135
3051, 4894, 4977, 4978, 4895, 7135, 7218, 7219, 7136
3052, 4895, 4978, 4979, 4896, 7136, 7219, 7220, 7137
3053, 4896, 4979, 4980, 4897, 7137, 7220, 7221, 7138
3054, 4897, 4980, 4981, 4898, 7138, 7221, 7222, 7139
3055, 4898, 4981, 4982, 4899, 7139, 7222, 7223, 7140
3056, 4899, 4982, 4983, 4900, 7140, 7223, 7224, 7141
3057, 4900, 4983, 4984, 4901, 7141, 7224, 7225, 7142
3058, 4901, 4984, 4985, 4902, 7142, 7225, 7226, 7143
3059, 4902, 4985, 4986, 4903, 7143, 7226, 7227, 7144
3060, 4903, 4986, 4987, 4904, 7144, 7227, 7228, 7145
3061, 4904, 4987, 4988, 4905, 7145, 7228, 7229, 7146
3062, 4905, 4988, 4989, 4906, 7146, 7229, 7230, 7147
3063, 4906, 4989, 4990, 4907, 7147, 7230, 7231, 7148
3064, 4907, 4990, 4991, 4908, 7148, 7231, 7232, 7149
3065, 4908, 4991, 4992, 4909, 7149, 7232, 7233, 7150
3066, 4909, 4992, 4993, 4910, 7150, 7233, 7234, 7151
3067, 4910, 4993, 4994, 4911, 7151, 7234, 7235, 7152
3068, 4911, 4994, 4995, 4912, 7152, 7235, 7236, 7153
3069, 4912, 4995, 4996, 4913, 7153, 7236, 7237, 7154
3070, 4913, 4996, 4997, 4914, 7154, 7237, 7238, 7155
3071, 4914, 4997, 4998, 4915, 7155, 7238, 7239, 7156
3072, 4915, 4998, 4999, 4916, 7156, 7239, 7240, 7157
3073, 4916, 4999, 5000, 4917, 7157, 7240, 7241, 7158
3074, 4917, 5000, 5001, 4918, 7158, 7241, 7242, 7159
3075, 4918, 5001, 5002, 4919, 7159, 7242, 7243, 7160
3076, 4919, 5002, 5003, 4920, 7160, 7243, 7244, 7161
3077, 4920, 5003, 5004, 4921, 7161, 7244, 7245, 7162
3078, 4921, 5004, 5005, 4922, 7162, 7245, 7246, 7163
3079, 4922, 5005, 5006, 4923, 7163, 7246, 7247, 7164
3080, 4923, 5006, 5007, 4924, 7164, 7247, 7248, 7165
3081, 4924, 5007, 5008, 4925, 7165, 7248, 7249, 7166
3082, 4925, 5008, 5009, 4926, 7166, 7249, 7250, 7167
3083, 4926, 5009, 5010, 4927, 7167, 7250, 7251, 7168
3084, 4927, 5010, 5011, 4928, 7168, 7251, 7252, 7169
3085, 4928, 5011, 5012, 4929, 7169, 7252, 7253, 7170
3086, 4929, 5012, 5013, 4930, 7170, 7253, 7254, 7171
3087, 4930, 5013, 5014, 4931, 7171, 7254, 7255, 7172
3088, 4931, 5014, 5015, 4932, 7172, 7255, 7256, 7173
3089, 4932, 5015, 5016, 4933, 7173, 7256, 7257, 7174
3090, 4933, 5016, 5017, 4934, 7174, 7257, 7258, 7175
3091, 4934, 5017, 5018, 4935, 7175, 7258, 7259, 7176
3092, 4935, 5018, 5019, 4936, 7176, 7259, 7260, 7177
3093, 4936, 5019, 5020, 4937, 7177, 7260, 7261, 7178
3094, 4937, 5020, 5021, 4938, 7178, 7261, 7262, 7179
3095, 4938, 5021, 5022, 4939, 7179, 7262, 7263, 7180
3096, 4939, 5022, 5023, 4940, 7180, 7263, 7264, 7181
3097, 4940, 5023, 5024, 4941, 7181, 7264, 7265, 7182
3098, 4941, 5024, 5025, 4942, 7182, 7265, 7266, 7183
3099, 4942, 5025, 5026, 4943, 7183, 7266, 7267, 7184
3100, 4943, 5026, 5027, 4944, 7184, 7267, 7268, 7185
3101, 4944, 5027, 5028, 4945, 7185, 7268, 7269, 7186
3102, 4945, 5028, 5029, 4946, 7186, 7269, 7270, 7187
3103, 4946, 5029, 5030, 4947, 7187, 7270, 7271, 7188
3104, 4947, 5030, 5031, 4948, 7188, 7271, 7272, 7189
3105, 4948, 5031, 5032, 4949, 7189, 7272, 7273, 7190
3106, 4949, 5032, 5033, 4950, 7190, 7273, 7274, 7191
3107, 4950, 5033, 5034, 4951, 7191, 7274, 7275, 7192
3108, 4951, 5034, 666, 665, 7192, 7275, 673, 674
3109, 59, 60, 5035, 4952, 108, 109, 7276, 7193
3110, 4952, 5035, 5036, 4953, 7193, 7276, 7277, 7194
3111, 4953, 5036, 5037, 4954, 7194, 7277, 7278, 7195
3112, 4954, 5037, 5038, 4955, 7195, 7278, 7279, 7196
3113, 4955, 5038, 5039, 4956, 7196, 7279, 7280, 7197
3114, 4956, 5039, 5040, 4957, 7197, 7280, 7281, 7198
3115, 4957, 5040, 5041, 4958, 7198, 7281, 7282, 7199
3116, 4958, 5041, 5042, 4959, 7199, 7282, 7283, 7200
3117, 4959, 5042, 5043, 4960, 7200, 7283, 7284, 7201
3118, 4960, 5043, 5044, 4961, 7201, 7284, 7285, 7202
3119, 4961, 5044, 5045, 4962, 7202, 7285, 7286, 7203
3120, 4962, 5045, 5046, 4963, 7203, 7286, 7287, 7204
3121, 4963, 5046, 5047, 4964, 7204, 7287, 7288, 7205
3122, 4964, 5047, 5048, 4965, 7205, 7288, 7289, 7206
3123, 4965, 5048, 5049, 4966, 7206, 7289, 7290, 7207
3124, 4966, 5049, 5050, 4967, 7207, 7290, 7291, 7208
3125, 4967, 5050, 5051, 4968, 7208, 7291, 7292, 7209
3126, 4968, 5051, 5052, 4969, 7209, 7292, 7293, 7210
3127, 4969, 5052, 5053, 4970, 7210, 7293, 7294, 7211
3128, 4970, 5053, 5054, 4971, 7211, 7294, 7295, 7212
3129, 4971, 5054, 5055, 4972, 7212, 7295, 7296, 7213
3130, 4972, 5055, 5056, 4973, 7213, 7296, 7297, 7214
3131, 4973, 5056, 5057, 4974, 7214, 7297, 7298, 7215
3132, 4974, 5057, 5058, 4975, 7215, 7298, 7299, 7216
3133, 4975, 5058, 5059, 4976, 7216, 7299, 7300, 7217
3134, 4976, 5059, 5060, 4977, 7217, 7300, 7301, 7218
3135, 4977, 5060, 5061, 4978, 7218, 7301, 7302, 7219
3136, 4978, 5061, 5062, 4979, 7219, 7302, 7303, 7220
3137, 4979, 5062, 5063, 4980, 7220, 7303, 7304, 7221
3138, 4980, 5063, 5064, 4981, 7221, 7304, 7305, 7222
3139, 4981, 5064, 5065, 4982, 7222, 7305, 7306, 7223
3140, 4982, 5065, 5066, 4983, 7223, 7306, 7307, 7224
3141, 4983, 5066, 5067, 4984, 7224, 7307, 7308, 7225
3142, 4984, 5067, 5068, 4985, 7225, 7308, 7309, 7226
3143, 4985, 5068, 5069, 4986, 7226, 7309, 7310, 7227
3144, 4986, 5069, 5070, 4987, 7227, 7310, 7311, 7228
3145, 4987, 5070, 5071, 4988, 7228, 7311, 7312, 7229
3146, 4988, 5071, 5072, 4989, 7229, 7312, 7313, 7230
3147, 4989, 5072, 5073, 4990, 7230, 7313, 7314, 7231
3148, 4990, 5073, 5074, 4991, 7231, 7314, 7315, 7232
3149, 4991, 5074, 5075, 4992, 7232, 7315, 7316, 7233
3150, 4992, 5075, 5076, 4993, 7233, 7316, 7317, 7234
3151, 4993, 5076, 5077, 4994, 7234, 7317, 7318, 7235
3152, 4994, 5077, 5078, 4995, 7235, 7318, 7319, 7236
3153, 4995, 5078, 5079, 4996, 7236, 7319, 7320, 7237
3154, 4996, 5079, 5080, 4997, 7237, 7320, 7321, 7238
3155, 4997, 5080, 5081, 4998, 7238, 7321, 7322, 7239
3156, 4998, 5081, 5082, 4999, 7239, 7322, 7323, 7240
3157, 4999, 5082, 5083, 5000, 7240, 7323, 7324, 7241
3158, 5000, 5083, 5084, 5001, 7241, 7324, 7325, 7242
3159, 5001, 5084, 5085, 5002, 7242, 7325, 7326, 7243
3160, 5002, 5085, 5086, 5003, 7243, 7326, 7327, 7244
3161, 5003, 5086, 5087, 5004, 7244, 7327, 7328, 7245
3162, 5004, 5087, 5088, 5005, 7245, 7328, 7329, 7246
3163, 5005, 5088, 5089, 5006, 7246, 7329, 7330, 7247
3164, 5006, 5089, 5090, 5007, 7247, 7330, 7331, 7248
3165, 5007, 5090, 5091, 5008, 7248, 7331, 7332, 7249
3166, 5008, 5091, 5092, 5009, 7249, 7332, 7333, 7250
3167, 5009, 5092, 5093, 5010, 7250, 7333, 7334, 7251
3168, 5010, 5093, 5094, 5011, 7251, 7334, 7335, 7252
3169, 5011, 5094, 5095, 5012, 7252, 7335, 7336, 7253
3170, 5012, 5095, 5096, 5013, 7253, 7336, 7337, 7254
3171, 5013, 5096, 5097, 5014, 7254, 7337, 7338, 7255
3172, 5014, 5097, 5098, 5015, 7255, 7338, 7339, 7256
3173, 5015, 5098, 5099, 5016, 7256, 7339, 7340, 7257
3174, 5016, 5099, 5100, 5017, 7257, 7340, 7341, 7258
3175, 5017, 5100, 5101, 5018, 7258, 7341, 7342, 7259
3176, 5018, 5101, 5102, 5019, 7259, 7342, 7343, 7260
3177, 5019, 5102, 5103, 5020, 7260, 7343, 7344, 7261
3178, 5020, 5103, 5104, 5021, 7261, 7344, 7345, 7262
3179, 5021, 5104, 5105, 5022, 7262, 7345, 7346, 7263
3180, 5022, 5105, 5106, 5023, 7263, 7346, 7347, 7264
3181, 5023, 5106, 5107, 5024, 7264, 7347, 7348, 7265
3182, 5024, 5107, 5108, 5025, 7265, 7348, 7349, 7266
3183, 5025, 5108, 5109, 5026, 7266, 7349, 7350, 7267
3184, 5026, 5109, 5110, 5027, 7267, 7350, 7351, 7268
3185, 5027, 5110, 5111, 5028, 7268, 7351, 7352, 7269
3186, 5028, 5111, 5112, 5029, 7269, 7352, 7353, 7270
3187, 5029, 5112, 5113, 5030, 7270, 7353, 7354, 7271
3188, 5030, 5113, 5114, 5031, 7271, 7354, 7355, 7272
3189, 5031, 5114, 5115, 5032, 7272, 7355, 7356, 7273
3190, 5032, 5115, 5116, 5033, 7273, 7356, 7357, 7274
3191, 5033, 5116, 5117, 5034, 7274, 7357, 7358, 7275
3192, 5034, 5117, 667, 666, 7275, 7358, 672, 673
3193, 60, 61, 5118, 5035, 109, 110, 7359, 7276
3194, 5035, 5118, 5119, 5036, 7276, 7359, 7360, 7277
3195, 5036, 5119, 5120, 5037, 7277, 7360, 7361, 7278
3196, 5037, 5120, 5121, 5038, 7278, 7361, 7362, 7279
3197, 5038, 5121, 5122, 5039, 7279, 7362, 7363, 7280
3198, 5039, 5122, 5123, 5040, 7280, 7363, 7364, 7281
3199, 5040, 5123, 5124, 5041, 7281, 7364, 7365, 7282
3200, 5041, 5124, 5125, 5042, 7282, 7365, 7366, 7283
3201, 5042, 5125, 5126, 5043, 7283, 7366, 7367, 7284
3202, 5043, 5126, 5127, 5044, 7284, 7367, 7368, 7285
3203, 5044, 5127, 5128, 5045, 7285, 7368, 7369, 7286
3204, 5045, 5128, 5129, 5046, 7286, 7369, 7370, 7287
3205, 5046, 5129, 5130, 5047, 7287, 7370, 7371, 7288
3206, 5047, 5130, 5131, 5048, 7288, 7371, 7372, 7289
3207, 5048, 5131, 5132, 5049, 7289, 7372, 7373, 7290
3208, 5049, 5132, 5133, 5050, 7290, 7373, 7374, 7291
3209, 5050, 5133, 5134, 5051, 7291, 7374, 7375, 7292
3210, 5051, 5134, 5135, 5052, 7292, 7375, 7376, 7293
3211, 5052, 5135, 5136, 5053, 7293, 7376, 7377, 7294
3212, 5053, 5136, 5137, 5054, 7294, 7377, 7378, 7295
3213, 5054, 5137, 5138, 5055, 7295, 7378, 7379, 7296
3214, 5055, 5138, 5139, 5056, 7296, 7379, 7380, 7297
3215, 5056, 5139, 5140, 5057, 7297, 7380, 7381, 7298
3216, 5057, 5140, 5141, 5058, 7298, 7381, 7382, 7299
3217, 5058, 5141, 5142, 5059, 7299, 7382, 7383, 7300
3218, 5059, 5142, 5143, 5060, 7300, 7383, 7384, 7301
3219, 5060, 5143, 5144, 5061, 7301, 7384, 7385, 7302
3220, 5061, 5144, 5145, 5062, 7302, 7385, 7386, 7303
3221, 5062, 5145, 5146, 5063, 7303, 7386, 7387, 7304
3222, 5063, 5146, 5147, 5064, 7304, 7387, 7388, 7305
3223, 5064, 5147, 5148, 5065, 7305, 7388, 7389, 7306
3224, 5065, 5148, 5149, 5066, 7306, 7389, 7390, 7307
3225, 5066, 5149, 5150, 5067, 7307, 7390, 7391, 7308
3226, 5067, 5150, 5151, 5068, 7308, 7391, 7392, 7309
3227, 5068, 5151, 5152, 5069, 7309, 7392, 7393, 7310
3228, 5069, 5152, 5153, 5070, 7310, 7393, 7394, 7311
3229, 5070, 5153, 5154, 5071, 7311, 7394, 7395, 7312
3230, 5071, 5154, 5155, 5072, 7312, 7395, 7396, 7313
3231, 5072, 5155, 5156, 5073, 7313, 7396, 7397, 7314
3232, 5073, 5156, 5157, 5074, 7314, 7397, 7398, 7315
3233, 5074, 5157, 5158, 5075, 7315, 7398, 7399, 7316
3234, 5075, 5158, 5159, 5076, 7316, 7399, 7400, 7317
3235, 5076, 5159, 5160, 5077, 7317, 7400, 7401, 7318
3236, 5077, 5160, 5161, 5078, 7318, 7401, 7402, 7319
3237, 5078, 5161, 5162, 5079, 7319, 7402, 7403, 7320
3238, 5079, 5162, 5163, 5080, 7320, 7403, 7404, 7321
3239, 5080, 5163, 5164, 5081, 7321, 7404, 7405, 7322
3240, 5081, 5164, 5165, 5082, 7322, 7405, 7406, 7323
3241, 5082, 5165, 5166, 5083, 7323, 7406, 7407, 7324
3242, 5083, 5166, 5167, 5084, 7324, 7407, 7408, 7325
3243, 5084, 5167, 5168, 5085, 7325, 7408, 7409, 7326
3244, 5085, 5168, 5169, 5086, 7326, 7409, 7410, 7327
3245, 5086, 5169, 5170, 5087, 7327, 7410, 7411, 7328
3246, 5087, 5170, 5171, 5088, 7328, 7411, 7412, 7329
3247, 5088, 5171, 5172, 5089, 7329, 7412, 7413, 7330
3248, 5089, 5172, 5173, 5090, 7330, 7413, 7414, 7331
3249, 5090, 5173, 5174, 5091, 7331, 7414, 7415, 7332
3250, 5091, 5174, 5175, 5092, 7332, 7415, 7416, 7333
3251, 5092, 5175, 5176, 5093, 7333, 7416, 7417, 7334
3252, 5093, 5176, 5177, 5094, 7334, 7417, 7418, 7335
3253, 5094, 5177, 5178, 5095, 7335, 7418, 7419, 7336
3254, 5095, 5178, 5179, 5096, 7336, 7419, 7420, 7337
3255, 5096, 5179, 5180, 5097, 7337, 7420, 7421, 7338
3256, 5097, 5180, 5181, 5098, 7338, 7421, 7422, 7339
3257, 5098, 5181, 5182, 5099, 7339, 7422, 7423, 7340
3258, 5099, 5182, 5183, 5100, 7340, 7423, 7424, 7341
3259, 5100, 5183, 5184, 5101, 7341, 7424, 7425, 7342
3260, 5101, 5184, 5185, 5102, 7342, 7425, 7426, 7343
3261, 5102, 5185, 5186, 5103, 7343, 7426, 7427, 7344
3262, 5103, 5186, 5187, 5104, 7344, 7427, 7428, 7345
3263, 5104, 5187, 5188, 5105, 7345, 7428, 7429, 7346
3264, 5105, 5188, 5189, 5106, 7346, 7429, 7430, 7347
3265, 5106, 5189, 5190, 5107, 7347, 7430, 7431, 7348
3266, 5107, 5190, 5191, 5108, 7348, 7431, 7432, 7349
3267, 5108, 5191, 5192, 5109, 7349, 7432, 7433, 7350
3268, 5109, 5192, 5193, 5110, 7350, 7433, 7434, 7351
3269, 5110, 5193, 5194, 5111, 7351, 7434, 7435, 7352
3270, 5111, 5194, 5195, 5112, 7352, 7435, 7436, 7353
3271, 5112, 5195, 5196, 5113, 7353, 7436, 7437, 7354
3272, 5113, 5196, 5197, 5114, 7354, 7437, 7438, 7355
3273, 5114, 5197, 5198, 5115, 7355, 7438, 7439, 7356
3274, 5115, 5198, 5199, 5116, 7356, 7439, 7440, 7357
3275, 5116, 5199, 5200, 5117, 7357, 7440, 7441, 7358
3276, 5117, 5200, 668, 667, 7358, 7441, 671, 672
3277, 61, 62, 5201, 5118, 110, 111, 7442, 7359
3278, 5118, 5201, 5202, 5119, 7359, 7442, 7443, 7360
3279, 5119, 5202, 5203, 5120, 7360, 7443, 7444, 7361
3280, 5120, 5203, 5204, 5121, 7361, 7444, 7445, 7362
3281, 5121, 5204, 5205, 5122, 7362, 7445, 7446, 7363
3282, 5122, 5205, 5206, 5123, 7363, 7446, 7447, 7364
3283, 5123, 5206, 5207, 5124, 7364, 7447, 7448, 7365
3284, 5124, 5207, 5208, 5125, 7365, 7448, 7449, 7366
3285, 5125, 5208, 5209, 5126, 7366, 7449, 7450, 7367
3286, 5126, 5209, 5210, 5127, 7367, 7450, 7451, 7368
3287, 5127, 5210, 5211, 5128, 7368, 7451, 7452, 7369
3288, 5128, 5211, 5212, 5129, 7369, 7452, 7453, 7370
3289, 5129, 5212, 5213, 5130, 7370, 7453, 7454, 7371
3290, 5130, 5213, 5214, 5131, 7371, 7454, 7455, 7372
3291, 5131, 5214, 5215, 5132, 7372, 7455, 7456, 7373
3292, 5132, 5215, 5216, 5133, 7373, 7456, 7457, 7374
3293, 5133, 5216, 5217, 5134, 7374, 7457, 7458, 7375
3294, 5134, 5217, 5218, 5135, 7375, 7458, 7459, 7376
3295, 5135, 5218, 5219, 5136, 7376, 7459, 7460, 7377
3296, 5136, 5219, 5220, 5137, 7377, 7460, 7461, 7378
3297, 5137, 5220, 5221, 5138, 7378, 7461, 7462, 7379
3298, 5138, 5221, 5222, 5139, 7379, 7462, 7463, 7380
3299, 5139, 5222, 5223, 5140, 7380, 7463, 7464, 7381
3300, 5140, 5223, 5224, 5141, 7381, 7464, 7465, 7382
3301, 5141, 5224, 5225, 5142, 7382, 7465, 7466, 7383
3302, 5142, 5225, 5226, 5143, 7383, 7466, 7467, 7384
3303, 5143, 5226, 5227, 5144, 7384, 7467, 7468, 7385
3304, 5144, 5227, 5228, 5145, 7385, 7468, 7469, 7386
3305, 5145, 5228, 5229, 5146, 7386, 7469, 7470, 7387
3306, 5146, 5229, 5230, 5147, 7387, 7470, 7471, 7388
3307, 5147, 5230, 5231, 5148, 7388, 7471, 7472, 7389
3308, 5148, 5231, 5232, 5149, 7389, 7472, 7473, 7390
3309, 5149, 5232, 5233, 5150, 7390, 7473, 7474, 7391
3310, 5150, 5233, 5234, 5151, 7391, 7474, 7475, 7392
3311, 5151, 5234, 5235, 5152, 7392, 7475, 7476, 7393
3312, 5152, 5235, 5236, 5153, 7393, 7476, 7477, 7394
3313, 5153, 5236, 5237, 5154, 7394, 7477, 7478, 7395
3314, 5154, 5237, 5238, 5155, 7395, 7478, 7479, 7396
3315, 5155, 5238, 5239, 5156, 7396, 7479, 7480, 7397
3316, 5156, 5239, 5240, 5157, 7397, 7480, 7481, 7398
3317, 5157, 5240, 5241, 5158, 7398, 7481, 7482, 7399
3318, 5158, 5241, 5242, 5159, 7399, 7482, 7483, 7400
3319, 5159, 5242, 5243, 5160, 7400, 7483, 7484, 7401
3320, 5160, 5243, 5244, 5161, 7401, 7484, 7485, 7402
3321, 5161, 5244, 5245, 5162, 7402, 7485, 7486, 7403
3322, 5162, 5245, 5246, 5163, 7403, 7486, 7487, 7404
3323, 5163, 5246, 5247, 5164, 7404, 7487, 7488, 7405
3324, 5164, 5247, 5248, 5165, 7405, 7488, 7489, 7406
3325, 5165, 5248, 5249, 5166, 7406, 7489, 7490, 7407
3326, 5166, 5249, 5250, 5167, 7407, 7490, 7491, 7408
3327, 5167, 5250, 5251, 5168, 7408, 7491, 7492, 7409
3328, 5168, 5251, 5252, 5169, 7409, 7492, 7493, 7410
3329, 5169, 5252, 5253, 5170, 7410, 7493, 7494, 7411
3330, 5170, 5253, 5254, 5171, 7411, 7494, 7495, 7412
3331, 5171, 5254, 5255, 5172, 7412, 7495, 7496, 7413
3332, 5172, 5255, 5256, 5173, 7413, 7496, 7497, 7414
3333, 5173, 5256, 5257, 5174, 7414, 7497, 7498, 7415
3334, 5174, 5257, 5258, 5175, 7415, 7498, 7499, 7416
3335, 5175, 5258, 5259, 5176, 7416, 7499, 7500, 7417
3336, 5176, 5259, 5260, 5177, 7417, 7500, 7501, 7418
3337, 5177, 5260, 5261, 5178, 7418, 7501, 7502, 7419
3338, 5178, 5261, 5262, 5179, 7419, 7502, 7503, 7420
3339, 5179, 5262, 5263, 5180, 7420, 7503, 7504, 7421
3340, 5180, 5263, 5264, 5181, 7421, 7504, 7505, 7422
3341, 5181, 5264, 5265, 5182, 7422, 7505, 7506, 7423
3342, 5182, 5265, 5266, 5183, 7423, 7506, 7507, 7424
3343, 5183, 5266, 5267, 5184, 7424, 7507, 7508, 7425
3344, 5184, 5267, 5268, 5185, 7425, 7508, 7509, 7426
3345, 5185, 5268, 5269, 5186, 7426, 7509, 7510, 7427
3346, 5186, 5269, 5270, 5187, 7427, 7510, 7511, 7428
3347, 5187, 5270, 5271, 5188, 7428, 7511, 7512, 7429
3348, 5188, 5271, 5272, 5189, 7429, 7512, 7513, 7430
3349, 5189, 5272, 5273, 5190, 7430, 7513, 7514, 7431
3350, 5190, 5273, 5274, 5191, 7431, 7514, 7515, 7432
3351, 5191, 5274, 5275, 5192, 7432, 7515, 7516, 7433
3352, 5192, 5275, 5276, 5193, 7433, 7516, 7517, 7434
3353, 5193, 5276, 5277, 5194, 7434, 7517, 7518, 7435
3354, 5194, 5277, 5278, 5195, 7435, 7518, 7519, 7436
3355, 5195, 5278, 5279, 5196, 7436, 7519, 7520, 7437
3356, 5196, 5279, 5280, 5197, 7437, 7520, 7521, 7438
3357, 5197, 5280, 5281, 5198, 7438, 7521, 7522, 7439
3358, 5198, 5281, 5282, 5199, 7439, 7522, 7523, 7440
3359, 5199, 5282, 5283, 5200, 7440, 7523, 7524, 7441
3360, 5200, 5283, 669, 668, 7441, 7524, 670, 671
3361, 62, 4, 697, 5201, 111, 10, 780, 7442
3362, 5201, 697, 698, 5202, 7442, 780, 781, 7443
3363, 5202, 698, 699, 5203, 7443, 781, 782, 7444
3364, 5203, 699, 700, 5204, 7444, 782, 783, 7445
3365, 5204, 700, 701, 5205, 7445, 783, 784, 7446
3366, 5205, 701, 702, 5206, 7446, 784, 785, 7447
3367, 5206, 702, 703, 5207, 7447, 785, 786, 7448
3368, 5207, 703, 704, 5208, 7448, 786, 787, 7449
3369, 5208, 704, 705, 5209, 7449, 787, 788, 7450
3370, 5209, 705, 706, 5210, 7450, 788, 789, 7451
3371, 5210, 706, 707, 5211, 7451, 789, 790, 7452
3372, 5211, 707, 708, 5212, 7452, 790, 791, 7453
3373, 5212, 708, 709, 5213, 7453, 791, 792, 7454
3374, 5213, 709, 710, 5214, 7454, 792, 793, 7455
3375, 5214, 710, 711, 5215, 7455, 793, 794, 7456
3376, 5215, 711, 712, 5216, 7456, 794, 795, 7457
3377, 5216, 712, 713, 5217, 7457, 795, 796, 7458
3378, 5217, 713, 714, 5218, 7458, 796, 797, 7459
3379, 5218, 714, 715, 5219, 7459, 797, 798, 7460
3380, 5219, 715, 716, 5220, 7460, 798, 799, 7461
3381, 5220, 716, 717, 5221, 7461, 799, 800, 7462
3382, 5221, 717, 718, 5222, 7462, 800, 801, 7463
3383, 5222, 718, 719, 5223, 7463, 801, 802, 7464
3384, 5223, 719, 720, 5224, 7464, 802, 803, 7465
3385, 5224, 720, 721, 5225, 7465, 803, 804, 7466
3386, 5225, 721, 722, 5226, 7466, 804, 805, 7467
3387, 5226, 722, 723, 5227, 7467, 805, 806, 7468
3388, 5227, 723, 724, 5228, 7468, 806, 807, 7469
3389, 5228, 724, 725, 5229, 7469, 807, 808, 7470
3390, 5229, 725, 726, 5230, 7470, 808, 809, 7471
3391, 5230, 726, 727, 5231, 7471, 809, 810, 7472
3392, 5231, 727, 728, 5232, 7472, 810, 811, 7473
3393, 5232, 728, 729, 5233, 7473, 811, 812, 7474
3394, 5233, 729, 730, 5234, 7474, 812, 813, 7475
3395, 5234, 730, 731, 5235, 7475, 813, 814, 7476
3396, 5235, 731, 732, 5236, 7476, 814, 815, 7477
3397, 5236, 732, 733, 5237, 7477, 815, 816, 7478
3398, 5237, 733, 734, 5238, 7478, 816, 817, 7479
3399, 5238, 734, 735, 5239, 7479, 817, 818, 7480
3400, 5239, 735, 736, 5240, 7480, 818, 819, 7481
3401, 5240, 736, 737, 5241, 7481, 819, 820, 7482
3402, 5241, 737, 738, 5242, 7482, 820, 821, 7483
3403, 5242, 738, 739, 5243, 7483, 821, 822, 7484
3404, 5243, 739, 740, 5244, 7484, 822, 823, 7485
3405, 5244, 740, 741, 5245, 7485, 823, 824, 7486
3406, 5245, 741, 742, 5246, 7486, 824, 825, 7487
3407, 5246, 742, 743, 5247, 7487, 825, 826, 7488
3408, 5247, 743, 744, 5248, 7488, 826, 827, 7489
3409, 5248, 744, 745, 5249, 7489, 827, 828, 7490
3410, 5249, 745, 746, 5250, 7490, 828, 829, 7491
3411, 5250, 746, 747, 5251, 7491, 829, 830, 7492
3412, 5251, 747, 748, 5252, 7492, 830, 831, 7493
3413, 5252, 748, 749, 5253, 7493, 831, 832, 7494
3414, 5253, 749, 750, 5254, 7494, 832, 833, 7495
3415, 5254, 750, 751, 5255, 7495, 833, 834, 7496
3416, 5255, 751, 752, 5256, 7496, 834, 835, 7497
3417, 5256, 752, 753, 5257, 7497, 835, 836, 7498
3418, 5257, 753, 754, 5258, 7498, 836, 837, 7499
3419, 5258, 754, 755, 5259, 7499, 837, 838, 7500
3420, 5259, 755, 756, 5260, 7500, 838, 839, 7501
3421, 5260, 756, 757, 5261, 7501, 839, 840, 7502
3422, 5261, 757, 758, 5262, 7502, 840, 841, 7503
3423, 5262, 758, 759, 5263, 7503, 841, 842, 7504
3424, 5263, 759, 760, 5264, 7504, 842, 843, 7505
3425, 5264, 760, 761, 5265, 7505, 843, 844, 7506
3426, 5265, 761, 762, 5266, 7506, 844, 845, 7507
3427, 5266, 762, 763, 5267, 7507, 845, 846, 7508
3428, 5267, 763, 764, 5268, 7508, 846, 847, 7509
3429, 5268, 764, 765, 5269, 7509, 847, 848, 7510
3430, 5269, 765, 766, 5270, 7510, 848, 849, 7511
3431, 5270, 766, 767, 5271, 7511, 849, 850, 7512
3432, 5271, 767, 768, 5272, 7512, 850, 851, 7513
3433, 5272, 768, 769, 5273, 7513, 851, 852, 7514
3434, 5273, 769, 770, 5274, 7514, 852, 853, 7515
3435, 5274, 770, 771, 5275, 7515, 853, 854, 7516
3436, 5275, 771, 772, 5276, 7516, 854, 855, 7517
3437, 5276, 772, 773, 5277, 7517, 855, 856, 7518
3438, 5277, 773, 774, 5278, 7518, 856, 857, 7519
3439, 5278, 774, 775, 5279, 7519, 857, 858, 7520
3440, 5279, 775, 776, 5280, 7520, 858, 859, 7521
3441, 5280, 776, 777, 5281, 7521, 859, 860, 7522
3442, 5281, 777, 778, 5282, 7522, 860, 861, 7523
3443, 5282, 778, 779, 5283, 7523, 861, 862, 7524
3444, 5283, 779, 19, 669, 7524, 862, 20, 670
3445, 4, 63, 7525, 697, 10, 112, 7774, 780
3446, 697, 7525, 7526, 698, 780, 7774, 7775, 781
3447, 698, 7526, 7527, 699, 781, 7775, 7776, 782
3448, 699, 7527, 7528, 700, 782, 7776, 7777, 783
3449, 700, 7528, 7529, 701, 783, 7777, 7778, 784
3450, 701, 7529, 7530, 702, 784, 7778, 7779, 785
3451, 702, 7530, 7531, 703, 785, 7779, 7780, 786
3452, 703, 7531, 7532, 704, 786, 7780, 7781, 787
3453, 704, 7532, 7533, 705, 787, 7781, 7782, 788
3454, 705, 7533, 7534, 706, 788, 7782, 7783, 789
3455, 706, 7534, 7535, 707, 789, 7783, 7784, 790
3456, 707, 7535, 7536, 708, 790, 7784, 7785, 791
3457, 708, 7536, 7537, 709, 791, 7785, 7786, 792
3458, 709, 7537, 7538, 710, 792, 7786, 7787, 793
3459, 710, 7538, 7539, 711, 793, 7787, 7788, 794
3460, 711, 7539, 7540, 712, 794, 7788, 7789, 795
3461, 712, 7540, 7541, 713, 795, 7789, 7790, 796
3462, 713, 7541, 7542, 714, 796, 7790, 7791, 797
3463, 714, 7542, 7543, 715, 797, 7791, 7792, 798
3464, 715, 7543, 7544, 716, 798, 7792, 7793, 799
3465, 716, 7544, 7545, 717, 799, 7793, 7794, 800
3466, 717, 7545, 7546, 718, 800, 7794, 7795, 801
3467, 718, 7546, 7547, 719, 801, 7795, 7796, 802
3468, 719, 7547, 7548, 720, 802, 7796, 7797, 803
3469, 720, 7548, 7549, 721, 803, 7797, 7798, 804
3470, 721, 7549, 7550, 722, 804, 7798, 7799, 805
3471, 722, 7550, 7551, 723, 805, 7799, 7800, 806
3472, 723, 7551, 7552, 724, 806, 7800, 7801, 807
3473, 724, 7552, 7553, 725, 807, 7801, 7802, 808
3474, 725, 7553, 7554, 726, 808, 7802, 7803, 809
3475, 726, 7554, 7555, 727, 809, 7803, 7804, 810
3476, 727, 7555, 7556, 728, 810, 7804, 7805, 811
3477, 728, 7556, 7557, 729, 811, 7805, 7806, 812
3478, 729, 7557, 7558, 730, 812, 7806, 7807, 813
3479, 730, 7558, 7559, 731, 813, 7807, 7808, 814
3480, 731, 7559, 7560, 732, 814, 7808, 7809, 815
3481, 732, 7560, 7561, 733, 815, 7809, 7810, 816
3482, 733, 7561, 7562, 734, 816, 7810, 7811, 817
3483, 734, 7562, 7563, 735, 817, 7811, 7812, 818
3484, 735, 7563, 7564, 736, 818, 7812, 7813, 819
3485, 736, 7564, 7565, 737, 819, 7813, 7814, 820
3486, 737, 7565, 7566, 738, 820, 7814, 7815, 821
3487, 738, 7566, 7567, 739, 821, 7815, 7816, 822
3488, 739, 7567, 7568, 740, 822, 7816, 7817, 823
3489, 740, 7568, 7569, 741, 823, 7817, 7818, 824
3490, 741, 7569, 7570, 742, 824, 7818, 7819, 825
3491, 742, 7570, 7571, 743, 825, 7819, 7820, 826
3492, 743, 7571, 7572, 744, 826, 7820, 7821, 827
3493, 744, 7572, 7573, 745, 827, 7821, 7822, 828
3494, 745, 7573, 7574, 746, 828, 7822, 7823, 829
3495, 746, 7574, 7575, 747, 829, 7823, 7824, 830
3496, 747, 7575, 7576, 748, 830, 7824, 7825, 831
3497, 748, 7576, 7577, 749, 831, 7825, 7826, 832
3498, 749, 7577, 7578, 750, 832, 7826, 7827, 833
3499, 750, 7578, 7579, 751, 833, 7827, 7828, 834
3500, 751, 7579, 7580, 752, 834, 7828, 7829, 835
3501, 752, 7580, 7581, 753, 835, 7829, 7830, 836
3502, 753, 7581, 7582, 754, 836, 7830, 7831, 837
3503, 754, 7582, 7583, 755, 837, 7831, 7832, 838
3504, 755, 7583, 7584, 756, 838, 7832, 7833, 839
3505, 756, 7584, 7585, 757, 839, 7833, 7834, 840
3506, 757, 7585, 7586, 758, 840, 7834, 7835, 841
3507, 758, 7586, 7587, 759, 841, 7835, 7836, 842
3508, 759, 7587, 7588, 760, 842, 7836, 7837, 843
3509, 760, 7588, 7589, 761, 843, 7837, 7838, 844
3510, 761, 7589, 7590, 762, 844, 7838, 7839, 845
3511, 762, 7590, 7591, 763, 845, 7839, 7840, 846
3512, 763, 7591, 7592, 764, 846, 7840, 7841, 847
3513, 764, 7592, 7593, 765, 847, 7841, 7842, 848
3514, 765, 7593, 7594, 766, 848, 7842, 7843, 849
3515, 766, 7594, 7595, 767, 849, 7843, 7844, 850
3516, 767, 7595, 7596, 768, 850, 7844, 7845, 851
3517, 768, 7596, 7597, 769, 851, 7845, 7846, 852
3518, 769, 7597, 7598, 770, 852, 7846, 7847, 853
3519, 770, 7598, 7599, 771, 853, 7847, 7848, 854
3520, 771, 7599, 7600, 772, 854, 7848, 7849, 855
3521, 772, 7600, 7601, 773, 855, 7849, 7850, 856
3522, 773, 7601, 7602, 774, 856, 7850, 7851, 857
3523, 774, 7602, 7603, 775, 857, 7851, 7852, 858
3524, 775, 7603, 7604, 776, 858, 7852, 7853, 859
3525, 776, 7604, 7605, 777, 859, 7853, 7854, 860
3526, 777, 7605, 7606, 778, 860, 7854, 7855, 861
3527, 778, 7606, 7607, 779, 861, 7855, 7856, 862
3528, 779, 7607, 863, 19, 862, 7856, 868, 20
3529, 63, 64, 7608, 7525, 112, 113, 7857, 7774
3530, 7525, 7608, 7609, 7526, 7774, 7857, 7858, 7775
3531, 7526, 7609, 7610, 7527, 7775, 7858, 7859, 7776
3532, 7527, 7610, 7611, 7528, 7776, 7859, 7860, 7777
3533, 7528, 7611, 7612, 7529, 7777, 7860, 7861, 7778
3534, 7529, 7612, 7613, 7530, 7778, 7861, 7862, 7779
3535, 7530, 7613, 7614, 7531, 7779, 7862, 7863, 7780
3536, 7531, 7614, 7615, 7532, 7780, 7863, 7864, 7781
3537, 7532, 7615, 7616, 7533, 7781, 7864, 7865, 7782
3538, 7533, 7616, 7617, 7534, 7782, 7865, 7866, 7783
3539, 7534, 7617, 7618, 7535, 7783, 7866, 7867, 7784
3540, 7535, 7618, 7619, 7536, 7784, 7867, 7868, 7785
3541, 7536, 7619, 7620, 7537, 7785, 7868, 7869, 7786
3542, 7537, 7620, 7621, 7538, 7786, 7869, 7870, 7787
3543, 7538, 7621, 7622, 7539, 7787, 7870, 7871, 7788
3544, 7539, 7622, 7623, 7540, 7788, 7871, 7872, 7789
3545, 7540, 7623, 7624, 7541, 7789, 7872, 7873, 7790
3546, 7541, 7624, 7625, 7542, 7790, 7873, 7874, 7791
3547, 7542, 7625, 7626, 7543, 7791, 7874, 7875, 7792
3548, 7543, 7626, 7627, 7544, 7792, 7875, 7876, 7793
3549, 7544, 7627, 7628, 7545, 7793, 7876, 7877, 7794
3550, 7545, 7628, 7629, 7546, 7794, 7877, 7878, 7795
3551, 7546, 7629, 7630, 7547, 7795, 7878, 7879, 7796
3552, 7547, 7630, 7631, 7548, 7796, 7879, 7880, 7797
3553, 7548, 7631, 7632, 7549, 7797, 7880, 7881, 7798
3554, 7549, 7632, 7633, 7550, 7798, 7881, 7882, 7799
3555, 7550, 7633, 7634, 7551, 7799, 7882, 7883, 7800
3556, 7551, 7634, 7635, 7552, 7800, 7883, 7884, 7801
3557, 7552, 7635, 7636, 7553, 7801, 7884, 7885, 7802
3558, 7553, 7636, 7637, 7554, 7802, 7885, 7886, 7803
3559, 7554, 7637, 7638, 7555, 7803, 7886, 7887, 7804
3560, 7555, 7638, 7639, 7556, 7804, 7887, 7888, 7805
3561, 7556, 7639, 7640, 7557, 7805, 7888, 7889, 7806
3562, 7557, 7640, 7641, 7558, 7806, 7889, 7890, 7807
3563, 7558, 7641, 7642, 7559, 7807, 7890, 7891, 7808
3564, 7559, 7642, 7643, 7560, 7808, 7891, 7892, 7809
3565, 7560, 7643, 7644, 7561, 7809, 7892, 7893, 7810
3566, 7561, 7644, 7645, 7562, 7810, 7893, 7894, 7811
3567, 7562, 7645, 7646, 7563, 7811, 7894, 7895, 7812
3568, 7563, 7646, 7647, 7564, 7812, 7895, 7896, 7813
3569, 7564, 7647, 7648, 7565, 7813, 7896, 7897, 7814
3570, 7565, 7648, 7649, 7566, 7814, 7897, 7898, 7815
3571, 7566, 7649, 7650, 7567, 7815, 7898, 7899, 7816
3572, 7567, 7650, 7651, 7568, 7816, 7899, 7900, 7817
3573, 7568, 7651, 7652, 7569, 7817, 7900, 7901, 7818
3574, 7569, 7652, 7653, 7570, 7818, 7901, 7902, 7819
3575, 7570, 7653, 7654, 7571, 7819, 7902, 7903, 7820
3576, 7571, 7654, 7655, 7572, 7820, 7903, 7904, 7821
3577, 7572, 7655, 7656, 7573, 7821, 7904, 7905, 7822
3578, 7573, 7656, 7657, 7574, 7822, 7905, 7906, 7823
3579, 7574, 7657, 7658, 7575, 7823, 7906, 7907, 7824
3580, 7575, 7658, 7659, 7576, 7824, 7907, 7908, 7825
3581, 7576, 7659, 7660, 7577, 7825, 7908, 7909, 7826
3582, 7577, 7660, 7661, 7578, 7826, 7909, 7910, 7827
3583, 7578, 7661, 7662, 7579, 7827, 7910, 7911, 7828
3584, 7579, 7662, 7663, 7580, 7828, 7911, 7912, 7829
3585, 7580, 7663, 7664, 7581, 7829, 7912, 7913, 7830
3586, 7581, 7664, 7665, 7582, 7830, 7913, 7914, 7831
3587, 7582, 7665, 7666, 7583, 7831, 7914, 7915, 7832
3588, 7583, 7666, 7667, 7584, 7832, 7915, 7916, 7833
3589, 7584, 7667, 7668, 7585, 7833, 7916, 7917, 7834
3590, 7585, 7668, 7669, 7586, 7834, 7917, 7918, 7835
3591, 7586, 7669, 7670, 7587, 7835, 7918, 7919, 7836
3592, 7587, 7670, 7671, 7588, 7836, 7919, 7920, 7837
3593, 7588, 7671, 7672, 7589, 7837, 7920, 7921, 7838
3594, 7589, 7672, 7673, 7590, 7838, 7921, 7922, 7839
3595, 7590, 7673, 7674, 7591, 7839, 7922, 7923, 7840
3596, 7591, 7674, 7675, 7592, 7840, 7923, 7924, 7841
3597, 7592, 7675, 7676, 7593, 7841, 7924, 7925, 7842
3598, 7593, 7676, 7677, 7594, 7842, 7925, 7926, 7843
3599, 7594, 7677, 7678, 7595, 7843, 7926, 7927, 7844
3600, 7595, 7678, 7679, 7596, 7844, 7927, 7928, 7845
3601, 7596, 7679, 7680, 7597, 7845, 7928, 7929, 7846
3602, 7597, 7680, 7681, 7598, 7846, 7929, 7930, 7847
3603, 7598, 7681, 7682, 7599, 7847, 7930, 7931, 7848
3604, 7599, 7682, 7683, 7600, 7848, 7931, 7932, 7849
3605, 7600, 7683, 7684, 7601, 7849, 7932, 7933, 7850
3606, 7601, 7684, 7685, 7602, 7850, 7933, 7934, 7851
3607, 7602, 7685, 7686, 7603, 7851, 7934, 7935, 7852
3608, 7603, 7686, 7687, 7604, 7852, 7935, 7936, 7853
3609, 7604, 7687, 7688, 7605, 7853, 7936, 7937, 7854
3610, 7605, 7688, 7689, 7606, 7854, 7937, 7938, 7855
3611, 7606, 7689, 7690, 7607, 7855, 7938, 7939, 7856
3612, 7607, 7690, 864, 863, 7856, 7939, 867, 868
3613, 64, 65, 7691, 7608, 113, 114, 7940, 7857
3614, 7608, 7691, 7692, 7609, 7857, 7940, 7941, 7858
3615, 7609, 7692, 7693, 7610, 7858, 7941, 7942, 7859
3616, 7610, 7693, 7694, 7611, 7859, 7942, 7943, 7860
3617, 7611, 7694, 7695, 7612, 7860, 7943, 7944, 7861
3618, 7612, 7695, 7696, 7613, 7861, 7944, 7945, 7862
3619, 7613, 7696, 7697, 7614, 7862, 7945, 7946, 7863
3620, 7614, 7697, 7698, 7615, 7863, 7946, 7947, 7864
3621, 7615, 7698, 7699, 7616, 7864, 7947, 7948, 7865
3622, 7616, 7699, 7700, 7617, 7865, 7948, 7949, 7866
3623, 7617, 7700, 7701, 7618, 7866, 7949, 7950, 7867
3624, 7618, 7701, 7702, 7619, 7867, 7950, 7951, 7868
3625, 7619, 7702, 7703, 7620, 7868, 7951, 7952, 7869
3626, 7620, 7703, 7704, 7621, 7869, 7952, 7953, 7870
3627, 7621, 7704, 7705, 7622, 7870, 7953, 7954, 7871
3628, 7622, 7705, 7706, 7623, 7871, 7954, 7955, 7872
3629, 7623, 7706, 7707, 7624, 7872, 7955, 7956, 7873
3630, 7624, 7707, 7708, 7625, 7873, 7956, 7957, 7874
3631, 7625, 7708, 7709, 7626, 7874, 7957, 7958, 7875
3632, 7626, 7709, 7710, 7627, 7875, 7958, 7959, 7876
3633, 7627, 7710, 7711, 7628, 7876, 7959, 7960, 7877
3634, 7628, 7711, 7712, 7629, 7877, 7960, 7961, 7878
3635, 7629, 7712, 7713, 7630, 7878, 7961, 7962, 7879
3636, 7630, 7713, 7714, 7631, 7879, 7962, 7963, 7880
3637, 7631, 7714, 7715, 7632, 7880, 7963, 7964, 7881
3638, 7632, 7715, 7716, 7633, 7881, 7964, 7965, 7882
3639, 7633, 7716, 7717, 7634, 7882, 7965, 7966, 7883
3640, 7634, 7717, 7718, 7635, 7883, 7966, 7967, 7884
3641, 7635, 7718, 7719, 7636, 7884, 7967, 7968, 7885
3642, 7636, 7719, 7720, 7637, 7885, 7968, 7969, 7886
3643, 7637, 7720, 7721, 7638, 7886, 7969, 7970, 7887
3644, 7638, 7721, 7722, 7639, 7887, 7970, 7971, 7888
3645, 7639, 7722, 7723, 7640, 7888, 7971, 7972, 7889
3646, 7640, 7723, 7724, 7641, 7889, 7972, 7973, 7890
3647, 7641, 7724, 7725, 7642, 7890, 7973, 7974, 7891
3648, 7642, 7725, 7726, 7643, 7891, 7974, 7975, 7892
3649, 7643, 7726, 7727, 7644, 7892, 7975, 7976, 7893
3650, 7644, 7727, 7728, 7645, 7893, 7976, 7977, 7894
3651, 7645, 7728, 7729, 7646, 7894, 7977, 7978, 7895
3652, 7646, 7729, 7730, 7647, 7895, 7978, 7979, 7896
3653, 7647, 7730, 7731, 7648, 7896, 7979, 7980, 7897
3654, 7648, 7731, 7732, 7649, 7897, 7980, 7981, 7898
3655, 7649, 7732, 7733, 7650, 7898, 7981, 7982, 7899
3656, 7650, 7733, 7734, 7651, 7899, 7982, 7983, 7900
3657, 7651, 7734, 7735, 7652, 7900, 7983, 7984, 7901
3658, 7652, 7735, 7736, 7653, 7901, 7984, 7985, 7902
3659, 7653, 7736, 7737, 7654, 7902, 7985, 7986, 7903
3660, 7654, 7737, 7738, 7655, 7903, 7986, 7987, 7904
3661, 7655, 7738, 7739, 7656, 7904, 7987, 7988, 7905
3662, 7656, 7739, 7740, 7657, 7905, 7988, 7989, 7906
3663, 7657, 7740, 7741, 7658, 7906, 7989, 7990, 7907
3664, 7658, 7741, 7742, 7659, 7907, 7990, 7991, 7908
3665, 7659, 7742, 7743, 7660, 7908, 7991, 7992, 7909
3666, 7660, 7743, 7744, 7661, 7909, 7992, 7993, 7910
3667, 7661, 7744, 7745, 7662, 7910, 7993, 7994, 7911
3668, 7662, 7745, 7746, 7663, 7911, 7994, 7995, 7912
3669, 7663, 7746, 7747, 7664, 7912, 7995, 7996, 7913
3670, 7664, 7747, 7748, 7665, 7913, 7996, 7997, 7914
3671, 7665, 7748, 7749, 7666, 7914, 7997, 7998, 7915
3672, 7666, 7749, 7750, 7667, 7915, 7998, 7999, 7916
3673, 7667, 7750, 7751, 7668, 7916, 7999, 8000, 7917
3674, 7668, 7751, 7752, 7669, 7917, 8000, 8001, 7918
3675, 7669, 7752, 7753, 7670, 7918, 8001, 8002, 7919
3676, 7670, 7753, 7754, 7671, 7919, 8002, 8003, 7920
3677, 7671, 7754, 7755, 7672, 7920, 8003, 8004, 7921
3678, 7672, 7755, 7756, 7673, 7921, 8004, 8005, 7922
3679, 7673, 7756, 7757, 7674, 7922, 8005, 8006, 7923
3680, 7674, 7757, 7758, 7675, 7923, 8006, 8007, 7924
3681, 7675, 7758, 7759, 7676, 7924, 8007, 8008, 7925
3682, 7676, 7759, 7760, 7677, 7925, 8008, 8009, 7926
3683, 7677, 7760, 7761, 7678, 7926, 8009, 8010, 7927
3684, 7678, 7761, 7762, 7679, 7927, 8010, 8011, 7928
3685, 7679, 7762, 7763, 7680, 7928, 8011, 8012, 7929
3686, 7680, 7763, 7764, 7681, 7929, 8012, 8013, 7930
3687, 7681, 7764, 7765, 7682, 7930, 8013, 8014, 7931
3688, 7682, 7765, 7766, 7683, 7931, 8014, 8015, 7932
3689, 7683, 7766, 7767, 7684, 7932, 8015, 8016, 7933
3690, 7684, 7767, 7768, 7685, 7933, 8016, 8017, 7934
3691, 7685, 7768, 7769, 7686, 7934, 8017, 8018, 7935
3692, 7686, 7769, 7770, 7687, 7935, 8018, 8019, 7936
3693, 7687, 7770, 7771, 7688, 7936, 8019, 8020, 7937
3694, 7688, 7771, 7772, 7689, 7937, 8020, 8021, 7938
3695, 7689, 7772, 7773, 7690, 7938, 8021, 8022, 7939
3696, 7690, 7773, 865, 864, 7939, 8022, 866, 867
3697, 65, 5, 869, 7691, 114, 11, 952, 7940
3698, 7691, 869, 870, 7692, 7940, 952, 953, 7941
3699, 7692, 870, 871, 7693, 7941, 953, 954, 7942
3700, 7693, 871, 872, 7694, 7942, 954, 955, 7943
3701, 7694, 872, 873, 7695, 7943, 955, 956, 7944
3702, 7695, 873, 874, 7696, 7944, 956, 957, 7945
3703, 7696, 874, 875, 7697, 7945, 957, 958, 7946
3704, 7697, 875, 876, 7698, 7946, 958, 959, 7947
3705, 7698, 876, 877, 7699, 7947, 959, 960, 7948
3706, 7699, 877, 878, 7700, 7948, 960, 961, 7949
3707, 7700, 878, 879, 7701, 7949, 961, 962, 7950
3708, 7701, 879, 880, 7702, 7950, 962, 963, 7951
3709, 7702, 880, 881, 7703, 7951, 963, 964, 7952
3710, 7703, 881, 882, 7704, 7952, 964, 965, 7953
3711, 7704, 882, 883, 7705, 7953, 965, 966, 7954
3712, 7705, 883, 884, 7706, 7954, 966, 967, 7955
3713, 7706, 884, 885, 7707, 7955, 967, 968, 7956
3714, 7707, 885, 886, 7708, 7956, 968, 969, 7957
3715, 7708, 886, 887, 7709, 7957, 969, 970, 7958
3716, 7709, 887, 888, 7710, 7958, 970, 971, 7959
3717, 7710, 888, 889, 7711, 7959, 971, 972, 7960
3718, 7711, 889, 890, 7712, 7960, 972, 973, 7961
3719, 7712, 890, 891, 7713, 7961, 973, 974, 7962
3720, 7713, 891, 892, 7714, 7962, 974, 975, 7963
3721, 7714, 892, 893, 7715, 7963, 975, 976, 7964
3722, 7715, 893, 894, 7716, 7964, 976, 977, 7965
3723, 7716, 894, 895, 7717, 7965, 977, 978, 7966
3724, 7717, 895, 896, 7718, 7966, 978, 979, 7967
3725, 7718, 896, 897, 7719, 7967, 979, 980, 7968
3726, 7719, 897, 898, 7720, 7968, 980, 981, 7969
3727, 7720, 898, 899, 7721, 7969, 981, 982, 7970
3728, 7721, 899, 900, 7722, 7970, 982, 983, 7971
3729, 7722, 900, 901, 7723, 7971, 983, 984, 7972
3730, 7723, 901, 902, 7724, 7972, 984, 985, 7973
3731, 7724, 902, 903, 7725, 7973, 985, 986, 7974
3732, 7725, 903, 904, 7726, 7974, 986, 987, 7975
3733, 7726, 904, 905, 7727, 7975, 987, 988, 7976
3734, 7727, 905, 906, 7728, 7976, 988, 989, 7977
3735, 7728, 906, 907, 7729, 7977, 989, 990, 7978
3736, 7729, 907, 908, 7730, 7978, 990, 991, 7979
3737, 7730, 908, 909, 7731, 7979, 991, 992, 7980
3738, 7731, 909, 910, 7732, 7980, 992, 993, 7981
3739, 7732, 910, 911, 7733, 7981, 993, 994, 7982
3740, 7733, 911, 912, 7734, 7982, 994, 995, 7983
3741, 7734, 912, 913, 7735, 7983, 995, 996, 7984
3742, 7735, 913, 914, 7736, 7984, 996, 997, 7985
3743, 7736, 914, 915, 7737, 7985, 997, 998, 7986
3744, 7737, 915, 916, 7738, 7986, 998, 999, 7987
3745, 7738, 916, 917, 7739, 7987, 999, 1000, 7988
3746, 7739, 917, 918, 7740, 7988, 1000, 1001, 7989
3747, 7740, 918, 919, 7741, 7989, 1001, 1002, 7990
3748, 7741, 919, 920, 7742, 7990, 1002, 1003, 7991
3749, 7742, 920, 921, 7743, 7991, 1003, 1004, 7992
3750, 7743, 921, 922, 7744, 7992, 1004, 1005, 7993
3751, 7744, 922, 923, 7745, 7993, 1005, 1006, 7994
3752, 7745, 923, 924, 7746, 7994, 1006, 1007, 7995
3753, 7746, 924, 925, 7747, 7995, 1007, 1008, 7996
3754, 7747, 925, 926, 7748, 7996, 1008, 1009, 7997
3755, 7748, 926, 927, 7749, 7997, 1009, 1010, 7998
3756, 7749, 927, 928, 7750, 7998, 1010, 1011, 7999
3757, 7750, 928, 929, 7751, 7999, 1011, 1012, 8000
3758, 7751, 929, 930, 7752, 8000, 1012, 1013, 8001
3759, 7752, 930, 931, 7753, 8001, 1013, 1014, 8002
3760, 7753, 931, 932, 7754, 8002, 1014, 1015, 8003
3761, 7754, 932, 933, 7755, 8003, 1015, 1016, 8004
3762, 7755, 933, 934, 7756, 8004, 1016, 1017, 8005
3763, 7756, 934, 935, 7757, 8005, 1017, 1018, 8006
3764, 7757, 935, 936, 7758, 8006, 1018, 1019, 8007
3765, 7758, 936, 937, 7759, 8007, 1019, 1020, 8008
3766, 7759, 937, 938, 7760, 8008, 1020, 1021, 8009
3767, 7760, 938, 939, 7761, 8009, 1021, 1022, 8010
3768, 7761, 939, 940, 7762, 8010, 1022, 1023, 8011
3769, 7762, 940, 941, 7763, 8011, 1023, 1024, 8012
3770, 7763, 941, 942, 7764, 8012, 1024, 1025, 8013
3771, 7764, 942, 943, 7765, 8013, 1025, 1026, 8014
3772, 7765, 943, 944, 7766, 8014, 1026, 1027, 8015
3773, 7766, 944, 945, 7767, 8015, 1027, 1028, 8016
3774, 7767, 945, 946, 7768, 8016, 1028, 1029, 8017
3775, 7768, 946, 947, 7769, 8017, 1029, 1030, 8018
3776, 7769, 947, 948, 7770, 8018, 1030, 1031, 8019
3777, 7770, 948, 949, 7771, 8019, 1031, 1032, 8020
3778, 7771, 949, 950, 7772, 8020, 1032, 1033, 8021
3779, 7772, 950, 951, 7773, 8021, 1033, 1034, 8022
3780, 7773, 951, 21, 865, 8022, 1034, 22, 866
3781, 5, 66, 8023, 869, 11, 115, 8687, 952
3782, 869, 8023, 8024, 870, 952, 8687, 8688, 953
3783, 870, 8024, 8025, 871, 953, 8688, 8689, 954
3784, 871, 8025, 8026, 872, 954, 8689, 8690, 955
3785, 872, 8026, 8027, 873, 955, 8690, 8691, 956
3786, 873, 8027, 8028, 874, 956, 8691, 8692, 957
3787, 874, 8028, 8029, 875, 957, 8692, 8693, 958
3788, 875, 8029, 8030, 876, 958, 8693, 8694, 959
3789, 876, 8030, 8031, 877, 959, 8694, 8695, 960
3790, 877, 8031, 8032, 878, 960, 8695, 8696, 961
3791, 878, 8032, 8033, 879, 961, 8696, 8697, 962
3792, 879, 8033, 8034, 880, 962, 8697, 8698, 963
3793, 880, 8034, 8035, 881, 963, 8698, 8699, 964
3794, 881, 8035, 8036, 882, 964, 8699, 8700, 965
3795, 882, 8036, 8037, 883, 965, 8700, 8701, 966
3796, 883, 8037, 8038, 884, 966, 8701, 8702, 967
3797, 884, 8038, 8039, 885, 967, 8702, 8703, 968
3798, 885, 8039, 8040, 886, 968, 8703, 8704, 969
3799, 886, 8040, 8041, 887, 969, 8704, 8705, 970
3800, 887, 8041, 8042, 888, 970, 8705, 8706, 971
3801, 888, 8042, 8043, 889, 971, 8706, 8707, 972
3802, 889, 8043, 8044, 890, 972, 8707, 8708, 973
3803, 890, 8044, 8045, 891, 973, 8708, 8709, 974
3804, 891, 8045, 8046, 892, 974, 8709, 8710, 975
3805, 892, 8046, 8047, 893, 975, 8710, 8711, 976
3806, 893, 8047, 8048, 894, 976, 8711, 8712, 977
3807, 894, 8048, 8049, 895, 977, 8712, 8713, 978
3808, 895, 8049, 8050, 896, 978, 8713, 8714, 979
3809, 896, 8050, 8051, 897, 979, 8714, 8715, 980
3810, 897, 8051, 8052, 898, 980, 8715, 8716, 981
3811, 898, 8052, 8053, 899, 981, 8716, 8717, 982
3812, 899, 8053, 8054, 900, 982, 8717, 8718, 983
3813, 900, 8054, 8055, 901, 983, 8718, 8719, 984
3814, 901, 8055, 8056, 902, 984, 8719, 8720, 985
3815, 902, 8056, 8057, 903, 985, 8720, 8721, 986
3816, 903, 8057, 8058, 904, 986, 8721, 8722, 987
3817, 904, 8058, 8059, 905, 987, 8722, 8723, 988
3818, 905, 8059, 8060, 906, 988, 8723, 8724, 989
3819, 906, 8060, 8061, 907, 989, 8724, 8725, 990
3820, 907, 8061, 8062, 908, 990, 8725, 8726, 991
3821, 908, 8062, 8063, 909, 991, 8726, 8727, 992
3822, 909, 8063, 8064, 910, 992, 8727, 8728, 993
3823, 910, 8064, 8065, 911, 993, 8728, 8729, 994
3824, 911, 8065, 8066, 912, 994, 8729, 8730, 995
3825, 912, 8066, 8067, 913, 995, 8730, 8731, 996
3826, 913, 8067, 8068, 914, 996, 8731, 8732, 997
3827, 914, 8068, 8069, 915, 997, 8732, 8733, 998
3828, 915, 8069, 8070, 916, 998, 8733, 8734, 999
3829, 916, 8070, 8071, 917, 999, 8734, 8735, 1000
3830, 917, 8071, 8072, 918, 1000, 8735, 8736, 1001
3831, 918, 8072, 8073, 919, 1001, 8736, 8737, 1002
3832, 919, 8073, 8074, 920, 1002, 8737, 8738, 1003
3833, 920, 8074, 8075, 921, 1003, 8738, 8739, 1004
3834, 921, 8075, 8076, 922, 1004, 8739, 8740, 1005
3835, 922, 8076, 8077, 923, 1005, 8740, 8741, 1006
3836, 923, 8077, 8078, 924, 1006, 8741, 8742, 1007
3837, 924, 8078, 8079, 925, 1007, 8742, 8743, 1008
3838, 925, 8079, 8080, 926, 1008, 8743, 8744, 1009
3839, 926, 8080, 8081, 927, 1009, 8744, 8745, 1010
3840, 927, 8081, 8082, 928, 1010, 8745, 8746, 1011
3841, 928, 8082, 8083, 929, 1011, 8746, 8747, 1012
3842, 929, 8083, 8084, 930, 1012, 8747, 8748, 1013
3843, 930, 8084, 8085, 931, 1013, 8748, 8749, 1014
3844, 931, 8085, 8086, 932, 1014, 8749, 8750, 1015
3845, 932, 8086, 8087, 933, 1015, 8750, 8751, 1016
3846, 933, 8087, 8088, 934, 1016, 8751, 8752, 1017
3847, 934, 8088, 8089, 935, 1017, 8752, 8753, 1018
3848, 935, 8089, 8090, 936, 1018, 8753, 8754, 1019
3849, 936, 8090, 8091, 937, 1019, 8754, 8755, 1020
3850, 937, 8091, 8092, 938, 1020, 8755, 8756, 1021
3851, 938, 8092, 8093, 939, 1021, 8756, 8757, 1022
3852, 939, 8093, 8094, 940, 1022, 8757, 8758, 1023
3853, 940, 8094, 8095, 941, 1023, 8758, 8759, 1024
3854, 941, 8095, 8096, 942, 1024, 8759, 8760, 1025
3855, 942, 8096, 8097, 943, 1025, 8760, 8761, 1026
3856, 943, 8097, 8098, 944, 1026, 8761, 8762, 1027
3857, 944, 8098, 8099, 945, 1027, 8762, 8763, 1028
3858, 945, 8099, 8100, 946, 1028, 8763, 8764, 1029
3859, 946, 8100, 8101, 947, 1029, 8764, 8765, 1030
3860, 947, 8101, 8102, 948, 1030, 8765, 8766, 1031
3861, 948, 8102, 8103, 949, 1031, 8766, 8767, 1032
3862, 949, 8103, 8104, 950, 1032, 8767, 8768, 1033
3863, 950, 8104, 8105, 951, 1033, 8768, 8769, 1034
3864, 951, 8105, 1035, 21, 1034, 8769, 1050, 22
3865, 66, 67, 8106, 8023, 115, 116, 8770, 8687
3866, 8023, 8106, 8107, 8024, 8687, 8770, 8771, 8688
3867, 8024, 8107, 8108, 8025, 8688, 8771, 8772, 8689
3868, 8025, 8108, 8109, 8026, 8689, 8772, 8773, 8690
3869, 8026, 8109, 8110, 8027, 8690, 8773, 8774, 8691
3870, 8027, 8110, 8111, 8028, 8691, 8774, 8775, 8692
3871, 8028, 8111, 8112, 8029, 8692, 8775, 8776, 8693
3872, 8029, 8112, 8113, 8030, 8693, 8776, 8777, 8694
3873, 8030, 8113, 8114, 8031, 8694, 8777, 8778, 8695
3874, 8031, 8114, 8115, 8032, 8695, 8778, 8779, 8696
3875, 8032, 8115, 8116, 8033, 8696, 8779, 8780, 8697
3876, 8033, 8116, 8117, 8034, 8697, 8780, 8781, 8698
3877, 8034, 8117, 8118, 8035, 8698, 8781, 8782, 8699
3878, 8035, 8118, 8119, 8036, 8699, 8782, 8783, 8700
3879, 8036, 8119, 8120, 8037, 8700, 8783, 8784, 8701
3880, 8037, 8120, 8121, 8038, 8701, 8784, 8785, 8702
3881, 8038, 8121, 8122, 8039, 8702, 8785, 8786, 8703
3882, 8039, 8122, 8123, 8040, 8703, 8786, 8787, 8704
3883, 8040, 8123, 8124, 8041, 8704, 8787, 8788, 8705
3884, 8041, 8124, 8125, 8042, 8705, 8788, 8789, 8706
3885, 8042, 8125, 8126, 8043, 8706, 8789, 8790, 8707
3886, 8043, 8126, 8127, 8044, 8707, 8790, 8791, 8708
3887, 8044, 8127, 8128, 8045, 8708, 8791, 8792, 8709
3888, 8045, 8128, 8129, 8046, 8709, 8792, 8793, 8710
3889, 8046, 8129, 8130, 8047, 8710, 8793, 8794, 8711
3890, 8047, 8130, 8131, 8048, 8711, 8794, 8795, 8712
3891, 8048, 8131, 8132, 8049, 8712, 8795, 8796, 8713
3892, 8049, 8132, 8133, 8050, 8713, 8796, 8797, 8714
3893, 8050, 8133, 8134, 8051, 8714, 8797, 8798, 8715
3894, 8051, 8134, 8135, 8052, 8715, 8798, 8799, 8716
3895, 8052, 8135, 8136, 8053, 8716, 8799, 8800, 8717
3896, 8053, 8136, 8137, 8054, 8717, 8800, 8801, 8718
3897, 8054, 8137, 8138, 8055, 8718, 8801, 8802, 8719
3898, 8055, 8138, 8139, 8056, 8719, 8802, 8803, 8720
3899, 8056, 8139, 8140, 8057, 8720, 8803, 8804, 8721
3900, 8057, 8140, 8141, 8058, 8721, 8804, 8805, 8722
3901, 8058, 8141, 8142, 8059, 8722, 8805, 8806, 8723
3902, 8059, 8142, 8143, 8060, 8723, 8806, 8807, 8724
3903, 8060, 8143, 8144, 8061, 8724, 8807, 8808, 8725
3904, 8061, 8144, 8145, 8062, 8725, 8808, 8809, 8726
3905, 8062, 8145, 8146, 8063, 8726, 8809, 8810, 8727
3906, 8063, 8146, 8147, 8064, 8727, 8810, 8811, 8728
3907, 8064, 8147, 8148, 8065, 8728, 8811, 8812, 8729
3908, 8065, 8148, 8149, 8066, 8729, 8812, 8813, 8730
3909, 8066, 8149, 8150, 8067, 8730, 8813, 8814, 8731
3910, 8067, 8150, 8151, 8068, 8731, 8814, 8815, 8732
3911, 8068, 8151, 8152, 8069, 8732, 8815, 8816, 8733
3912, 8069, 8152, 8153, 8070, 8733, 8816, 8817, 8734
3913, 8070, 8153, 8154, 8071, 8734, 8817, 8818, 8735
3914, 8071, 8154, 8155, 8072, 8735, 8818, 8819, 8736
3915, 8072, 8155, 8156, 8073, 8736, 8819, 8820, 8737
3916, 8073, 8156, 8157, 8074, 8737, 8820, 8821, 8738
3917, 8074, 8157, 8158, 8075, 8738, 8821, 8822, 8739
3918, 8075, 8158, 8159, 8076, 8739, 8822, 8823, 8740
3919, 8076, 8159, 8160, 8077, 8740, 8823, 8824, 8741
3920, 8077, 8160, 8161, 8078, 8741, 8824, 8825, 8742
3921, 8078, 8161, 8162, 8079, 8742, 8825, 8826, 8743
3922, 8079, 8162, 8163, 8080, 8743, 8826, 8827, 8744
3923, 8080, 8163, 8164, 8081, 8744, 8827, 8828, 8745
3924, 8081, 8164, 8165, 8082, 8745, 8828, 8829, 8746
3925, 8082, 8165, 8166, 8083, 8746, 8829, 8830, 8747
3926, 8083, 8166, 8167, 8084, 8747, 8830, 8831, 8748
3927, 8084, 8167, 8168, 8085, 8748, 8831, 8832, 8749
3928, 8085, 8168, 8169, 8086, 8749, 8832, 8833, 8750
3929, 8086, 8169, 8170, 8087, 8750, 8833, 8834, 8751
3930, 8087, 8170, 8171, 8088, 8751, 8834, 8835, 8752
3931, 8088, 8171, 8172, 8089, 8752, 8835, 8836, 8753
3932, 8089, 8172, 8173, 8090, 8753, 8836, 8837, 8754
3933, 8090, 8173, 8174, 8091, 8754, 8837, 8838, 8755
3934, 8091, 8174, 8175, 8092, 8755, 8838, 8839, 8756
3935, 8092, 8175, 8176, 8093, 8756, 8839, 8840, 8757
3936, 8093, 8176, 8177, 8094, 8757, 8840, 8841, 8758
3937, 8094, 8177, 8178, 8095, 8758, 8841, 8842, 8759
3938, 8095, 8178, 8179, 8096, 8759, 8842, 8843, 8760
3939, 8096, 8179, 8180, 8097, 8760, 8843, 8844, 8761
3940, 8097, 8180, 8181, 8098, 8761, 8844, 8845, 8762
3941, 8098, 8181, 8182, 8099, 8762, 8845, 8846, 8763
3942, 8099, 8182, 8183, 8100, 8763, 8846, 8847, 8764
3943, 8100, 8183, 8184, 8101, 8764, 8847, 8848, 8765
3944, 8101, 8184, 8185, 8102, 8765, 8848, 8849, 8766
3945, 8102, 8185, 8186, 8103, 8766, 8849, 8850, 8767
3946, 8103, 8186, 8187, 8104, 8767, 8850, 8851, 8768
3947, 8104, 8187, 8188, 8105, 8768, 8851, 8852, 8769
3948, 8105, 8188, 1036, 1035, 8769, 8852, 1049, 1050
3949, 67, 68, 8189, 8106, 116, 117, 8853, 8770
3950, 8106, 8189, 8190, 8107, 8770, 8853, 8854, 8771
3951, 8107, 8190, 8191, 8108, 8771, 8854, 8855, 8772
3952, 8108, 8191, 8192, 8109, 8772, 8855, 8856, 8773
3953, 8109, 8192, 8193, 8110, 8773, 8856, 8857, 8774
3954, 8110, 8193, 8194, 8111, 8774, 8857, 8858, 8775
3955, 8111, 8194, 8195, 8112, 8775, 8858, 8859, 8776
3956, 8112, 8195, 8196, 8113, 8776, 8859, 8860, 8777
3957, 8113, 8196, 8197, 8114, 8777, 8860, 8861, 8778
3958, 8114, 8197, 8198, 8115, 8778, 8861, 8862, 8779
3959, 8115, 8198, 8199, 8116, 8779, 8862, 8863, 8780
3960, 8116, 8199, 8200, 8117, 8780, 8863, 8864, 8781
3961, 8117, 8200, 8201, 8118, 8781, 8864, 8865, 8782
3962, 8118, 8201, 8202, 8119, 8782, 8865, 8866, 8783
3963, 8119, 8202, 8203, 8120, 8783, 8866, 8867, 8784
3964, 8120, 8203, 8204, 8121, 8784, 8867, 8868, 8785
3965, 8121, 8204, 8205, 8122, 8785, 8868, 8869, 8786
3966, 8122, 8205, 8206, 8123, 8786, 8869, 8870, 8787
3967, 8123, 8206, 8207, 8124, 8787, 8870, 8871, 8788
3968, 8124, 8207, 8208, 8125, 8788, 8871, 8872, 8789
3969, 8125, 8208, 8209, 8126, 8789, 8872, 8873, 8790
3970, 8126, 8209, 8210, 8127, 8790, 8873, 8874, 8791
3971, 8127, 8210, 8211, 8128, 8791, 8874, 8875, 8792
3972, 8128, 8211, 8212, 8129, 8792, 8875, 8876, 8793
3973, 8129, 8212, 8213, 8130, 8793, 8876, 8877, 8794
3974, 8130, 8213, 8214, 8131, 8794, 8877, 8878, 8795
3975, 8131, 8214, 8215, 8132, 8795, 8878, 8879, 8796
3976, 8132, 8215, 8216, 8133, 8796, 8879, 8880, 8797
3977, 8133, 8216, 8217, 8134, 8797, 8880, 8881, 8798
3978, 8134, 8217, 8218, 8135, 8798, 8881, 8882, 8799
3979, 8135, 8218, 8219, 8136, 8799, 8882, 8883, 8800
3980, 8136, 8219, 8220, 8137, 8800, 8883, 8884, 8801
3981, 8137, 8220, 8221, 8138, 8801, 8884, 8885, 8802
3982, 8138, 8221, 8222, 8139, 8802, 8885, 8886, 8803
3983, 8139, 8222, 8223, 8140, 8803, 8886, 8887, 8804
3984, 8140, 8223, 8224, 8141, 8804, 8887, 8888, 8805
3985, 8141, 8224, 8225, 8142, 8805, 8888, 8889, 8806
3986, 8142, 8225, 8226, 8143, 8806, 8889, 8890, 8807
3987, 8143, 8226, 8227, 8144, 8807, 8890, 8891, 8808
3988, 8144, 8227, 8228, 8145, 8808, 8891, 8892, 8809
3989, 8145, 8228, 8229, 8146, 8809, 8892, 8893, 8810
3990, 8146, 8229, 8230, 8147, 8810, 8893, 8894, 8811
3991, 8147, 8230, 8231, 8148, 8811, 8894, 8895, 8812
3992, 8148, 8231, 8232, 8149, 8812, 8895, 8896, 8813
3993, 8149, 8232, 8233, 8150, 8813, 8896, 8897, 8814
3994, 8150, 8233, 8234, 8151, 8814, 8897, 8898, 8815
3995, 8151, 8234, 8235, 8152, 8815, 8898, 8899, 8816
3996, 8152, 8235, 8236, 8153, 8816, 8899, 8900, 8817
3997, 8153, 8236, 8237, 8154, 8817, 8900, 8901, 8818
3998, 8154, 8237, 8238, 8155, 8818, 8901, 8902, 8819
3999, 8155, 8238, 8239, 8156, 8819, 8902, 8903, 8820
4000, 8156, 8239, 8240, 8157, 8820, 8903, 8904, 8821
4001, 8157, 8240, 8241, 8158, 8821, 8904, 8905, 8822
4002, 8158, 8241, 8242, 8159, 8822, 8905, 8906, 8823
4003, 8159, 8242, 8243, 8160, 8823, 8906, 8907, 8824
4004, 8160, 8243, 8244, 8161, 8824, 8907, 8908, 8825
4005, 8161, 8244, 8245, 8162, 8825, 8908, 8909, 8826
4006, 8162, 8245, 8246, 8163, 8826, 8909, 8910, 8827
4007, 8163, 8246, 8247, 8164, 8827, 8910, 8911, 8828
4008, 8164, 8247, 8248, 8165, 8828, 8911, 8912, 8829
4009, 8165, 8248, 8249, 8166, 8829, 8912, 8913, 8830
4010, 8166, 8249, 8250, 8167, 8830, 8913, 8914, 8831
4011, 8167, 8250, 8251, 8168, 8831, 8914, 8915, 8832
4012, 8168, 8251, 8252, 8169, 8832, 8915, 8916, 8833
4013, 8169, 8252, 8253, 8170, 8833, 8916, 8917, 8834
4014, 8170, 8253, 8254, 8171, 8834, 8917, 8918, 8835
4015, 8171, 8254, 8255, 8172, 8835, 8918, 8919, 8836
4016, 8172, 8255, 8256, 8173, 8836, 8919, 8920, 8837
4017, 8173, 8256, 8257, 8174, 8837, 8920, 8921, 8838
4018, 8174, 8257, 8258, 8175, 8838, 8921, 8922, 8839
4019, 8175, 8258, 8259, 8176, 8839, 8922, 8923, 8840
4020, 8176, 8259, 8260, 8177, 8840, 8923, 8924, 8841
4021, 8177, 8260, 8261, 8178, 8841, 8924, 8925, 8842
4022, 8178, 8261, 8262, 8179, 8842, 8925, 8926, 8843
4023, 8179, 8262, 8263, 8180, 8843, 8926, 8927, 8844
4024, 8180, 8263, 8264, 8181, 8844, 8927, 8928, 8845
4025, 8181, 8264, 8265, 8182, 8845, 8928, 8929, 8846
4026, 8182, 8265, 8266, 8183, 8846, 8929, 8930, 8847
4027, 8183, 8266, 8267, 8184, 8847, 8930, 8931, 8848
4028, 8184, 8267, 8268, 8185, 8848, 8931, 8932, 8849
4029, 8185, 8268, 8269, 8186, 8849, 8932, 8933, 8850
4030, 8186, 8269, 8270, 8187, 8850, 8933, 8934, 8851
4031, 8187, 8270, 8271, 8188, 8851, 8934, 8935, 8852
4032, 8188, 8271, 1037, 1036, 8852, 8935, 1048, 1049
4033, 68, 69, 8272, 8189, 117, 118, 8936, 8853
4034, 8189, 8272, 8273, 8190, 8853, 8936, 8937, 8854
4035, 8190, 8273, 8274, 8191, 8854, 8937, 8938, 8855
4036, 8191, 8274, 8275, 8192, 8855, 8938, 8939, 8856
4037, 8192, 8275, 8276, 8193, 8856, 8939, 8940, 8857
4038, 8193, 8276, 8277, 8194, 8857, 8940, 8941, 8858
4039, 8194, 8277, 8278, 8195, 8858, 8941, 8942, 8859
4040, 8195, 8278, 8279, 8196, 8859, 8942, 8943, 8860
4041, 8196, 8279, 8280, 8197, 8860, 8943, 8944, 8861
4042, 8197, 8280, 8281, 8198, 8861, 8944, 8945, 8862
4043, 8198, 8281, 8282, 8199, 8862, 8945, 8946, 8863
4044, 8199, 8282, 8283, 8200, 8863, 8946, 8947, 8864
4045, 8200, 8283, 8284, 8201, 8864, 8947, 8948, 8865
4046, 8201, 8284, 8285, 8202, 8865, 8948, 8949, 8866
4047, 8202, 8285, 8286, 8203, 8866, 8949, 8950, 8867
4048, 8203, 8286, 8287, 8204, 8867, 8950, 8951, 8868
4049, 8204, 8287, 8288, 8205, 8868, 8951, 8952, 8869
4050, 8205, 8288, 8289, 8206, 8869, 8952, 8953, 8870
4051, 8206, 8289, 8290, 8207, 8870, 8953, 8954, 8871
4052, 8207, 8290, 8291, 8208, 8871, 8954, 8955, 8872
4053, 8208, 8291, 8292, 8209, 8872, 8955, 8956, 8873
4054, 8209, 8292, 8293, 8210, 8873, 8956, 8957, 8874
4055, 8210, 8293, 8294, 8211, 8874, 8957, 8958, 8875
4056, 8211, 8294, 8295, 8212, 8875, 8958, 8959, 8876
4057, 8212, 8295, 8296, 8213, 8876, 8959, 8960, 8877
4058, 8213, 8296, 8297, 8214, 8877, 8960, 8961, 8878
4059, 8214, 8297, 8298, 8215, 8878, 8961, 8962, 8879
4060, 8215, 8298, 8299, 8216, 8879, 8962, 8963, 8880
4061, 8216, 8299, 8300, 8217, 8880, 8963, 8964, 8881
4062, 8217, 8300, 8301, 8218, 8881, 8964, 8965, 8882
4063, 8218, 8301, 8302, 8219, 8882, 8965, 8966, 8883
4064, 8219, 8302, 8303, 8220, 8883, 8966, 8967, 8884
4065, 8220, 8303, 8304, 8221, 8884, 8967, 8968, 8885
4066, 8221, 8304, 8305, 8222, 8885, 8968, 8969, 8886
4067, 8222, 8305, 8306, 8223, 8886, 8969, 8970, 8887
4068, 8223, 8306, 8307, 8224, 8887, 8970, 8971, 8888
4069, 8224, 8307, 8308, 8225, 8888, 8971, 8972, 8889
4070, 8225, 8308, 8309, 8226, 8889, 8972, 8973, 8890
4071, 8226, 8309, 8310, 8227, 8890, 8973, 8974, 8891
4072, 8227, 8310, 8311, 8228, 8891, 8974, 8975, 8892
4073, 8228, 8311, 8312, 8229, 8892, 8975, 8976, 8893
4074, 8229, 8312, 8313, 8230, 8893, 8976, 8977, 8894
4075, 8230, 8313, 8314, 8231, 8894, 8977, 8978, 8895
4076, 8231, 8314, 8315, 8232, 8895, 8978, 8979, 8896
4077, 8232, 8315, 8316, 8233, 8896, 8979, 8980, 8897
4078, 8233, 8316, 8317, 8234, 8897, 8980, 8981, 8898
4079, 8234, 8317, 8318, 8235, 8898, 8981, 8982, 8899
4080, 8235, 8318, 8319, 8236, 8899, 8982, 8983, 8900
4081, 8236, 8319, 8320, 8237, 8900, 8983, 8984, 8901
4082, 8237, 8320, 8321, 8238, 8901, 8984, 8985, 8902
4083, 8238, 8321, 8322, 8239, 8902, 8985, 8986, 8903
4084, 8239, 8322, 8323, 8240, 8903, 8986, 8987, 8904
4085, 8240, 8323, 8324, 8241, 8904, 8987, 8988, 8905
4086, 8241, 8324, 8325, 8242, 8905, 8988, 8989, 8906
4087, 8242, 8325, 8326, 8243, 8906, 8989, 8990, 8907
4088, 8243, 8326, 8327, 8244, 8907, 8990, 8991, 8908
4089, 8244, 8327, 8328, 8245, 8908, 8991, 8992, 8909
4090, 8245, 8328, 8329, 8246, 8909, 8992, 8993, 8910
4091, 8246, 8329, 8330, 8247, 8910, 8993, 8994, 8911
4092, 8247, 8330, 8331, 8248, 8911, 8994, 8995, 8912
4093, 8248, 8331, 8332, 8249, 8912, 8995, 8996, 8913
4094, 8249, 8332, 8333, 8250, 8913, 8996, 8997, 8914
4095, 8250, 8333, 8334, 8251, 8914, 8997, 8998, 8915
4096, 8251, 8334, 8335, 8252, 8915, 8998, 8999, 8916
4097, 8252, 8335, 8336, 8253, 8916, 8999, 9000, 8917
4098, 8253, 8336, 8337, 8254, 8917, 9000, 9001, 8918
4099, 8254, 8337, 8338, 8255, 8918, 9001, 9002, 8919
4100, 8255, 8338, 8339, 8256, 8919, 9002, 9003, 8920
4101, 8256, 8339, 8340, 8257, 8920, 9003, 9004, 8921
4102, 8257, 8340, 8341, 8258, 8921, 9004, 9005, 8922
4103, 8258, 8341, 8342, 8259, 8922, 9005, 9006, 8923
4104, 8259, 8342, 8343, 8260, 8923, 9006, 9007, 8924
4105, 8260, 8343, 8344, 8261, 8924, 9007, 9008, 8925
4106, 8261, 8344, 8345, 8262, 8925, 9008, 9009, 8926
4107, 8262, 8345, 8346, 8263, 8926, 9009, 9010, 8927
4108, 8263, 8346, 8347, 8264, 8927, 9010, 9011, 8928
4109, 8264, 8347, 8348, 8265, 8928, 9011, 9012, 8929
4110, 8265, 8348, 8349, 8266, 8929, 9012, 9013, 8930
4111, 8266, 8349, 8350, 8267, 8930, 9013, 9014, 8931
4112, 8267, 8350, 8351, 8268, 8931, 9014, 9015, 8932
4113, 8268, 8351, 8352, 8269, 8932, 9015, 9016, 8933
4114, 8269, 8352, 8353, 8270, 8933, 9016, 9017, 8934
4115, 8270, 8353, 8354, 8271, 8934, 9017, 9018, 8935
4116, 8271, 8354, 1038, 1037, 8935, 9018, 1047, 1048
4117, 69, 70, 8355, 8272, 118, 119, 9019, 8936
4118, 8272, 8355, 8356, 8273, 8936, 9019, 9020, 8937
4119, 8273, 8356, 8357, 8274, 8937, 9020, 9021, 8938
4120, 8274, 8357, 8358, 8275, 8938, 9021, 9022, 8939
4121, 8275, 8358, 8359, 8276, 8939, 9022, 9023, 8940
4122, 8276, 8359, 8360, 8277, 8940, 9023, 9024, 8941
4123, 8277, 8360, 8361, 8278, 8941, 9024, 9025, 8942
4124, 8278, 8361, 8362, 8279, 8942, 9025, 9026, 8943
4125, 8279, 8362, 8363, 8280, 8943, 9026, 9027, 8944
4126, 8280, 8363, 8364, 8281, 8944, 9027, 9028, 8945
4127, 8281, 8364, 8365, 8282, 8945, 9028, 9029, 8946
4128, 8282, 8365, 8366, 8283, 8946, 9029, 9030, 8947
4129, 8283, 8366, 8367, 8284, 8947, 9030, 9031, 8948
4130, 8284, 8367, 8368, 8285, 8948, 9031, 9032, 8949
4131, 8285, 8368, 8369, 8286, 8949, 9032, 9033, 8950
4132, 8286, 8369, 8370, 8287, 8950, 9033, 9034, 8951
4133, 8287, 8370, 8371, 8288, 8951, 9034, 9035, 8952
4134, 8288, 8371, 8372, 8289, 8952, 9035, 9036, 8953
4135, 8289, 8372, 8373, 8290, 8953, 9036, 9037, 8954
4136, 8290, 8373, 8374, 8291, 8954, 9037, 9038, 8955
4137, 8291, 8374, 8375, 8292, 8955, 9038, 9039, 8956
4138, 8292, 8375, 8376, 8293, 8956, 9039, 9040, 8957
4139, 8293, 8376, 8377, 8294, 8957, 9040, 9041, 8958
4140, 8294, 8377, 8378, 8295, 8958, 9041, 9042, 8959
4141, 8295, 8378, 8379, 8296, 8959, 9042, 9043, 8960
4142, 8296, 8379, 8380, 8297, 8960, 9043, 9044, 8961
4143, 8297, 8380, 8381, 8298, 8961, 9044, 9045, 8962
4144, 8298, 8381, 8382, 8299, 8962, 9045, 9046, 8963
4145, 8299, 8382, 8383, 8300, 8963, 9046, 9047, 8964
4146, 8300, 8383, 8384, 8301, 8964, 9047, 9048, 8965
4147, 8301, 8384, 8385, 8302, 8965, 9048, 9049, 8966
4148, 8302, 8385, 8386, 8303, 8966, 9049, 9050, 8967
4149, 8303, 8386, 8387, 8304, 8967, 9050, 9051, 8968
4150, 8304, 8387, 8388, 8305, 8968, 9051, 9052, 8969
4151, 8305, 8388, 8389, 8306, 8969, 9052, 9053, 8970
4152, 8306, 8389, 8390, 8307, 8970, 9053, 9054, 8971
4153, 8307, 8390, 8391, 8308, 8971, 9054, 9055, 8972
4154, 8308, 8391, 8392, 8309, 8972, 9055, 9056, 8973
4155, 8309, 8392, 8393, 8310, 8973, 9056, 9057, 8974
4156, 8310, 8393, 8394, 8311, 8974, 9057, 9058, 8975
4157, 8311, 8394, 8395, 8312, 8975, 9058, 9059, 8976
4158, 8312, 8395, 8396, 8313, 8976, 9059, 9060, 8977
4159, 8313, 8396, 8397, 8314, 8977, 9060, 9061, 8978
4160, 8314, 8397, 8398, 8315, 8978, 9061, 9062, 8979
4161, 8315, 8398, 8399, 8316, 8979, 9062, 9063, 8980
4162, 8316, 8399, 8400, 8317, 8980, 9063, 9064, 8981
4163, 8317, 8400, 8401, 8318, 8981, 9064, 9065, 8982
4164, 8318, 8401, 8402, 8319, 8982, 9065, 9066, 8983
4165, 8319, 8402, 8403, 8320, 8983, 9066, 9067, 8984
4166, 8320, 8403, 8404, 8321, 8984, 9067, 9068, 8985
4167, 8321, 8404, 8405, 8322, 8985, 9068, 9069, 8986
4168, 8322, 8405, 8406, 8323, 8986, 9069, 9070, 8987
4169, 8323, 8406, 8407, 8324, 8987, 9070, 9071, 8988
4170, 8324, 8407, 8408, 8325, 8988, 9071, 9072, 8989
4171, 8325, 8408, 8409, 8326, 8989, 9072, 9073, 8990
4172, 8326, 8409, 8410, 8327, 8990, 9073, 9074, 8991
4173, 8327, 8410, 8411, 8328, 8991, 9074, 9075, 8992
4174, 8328, 8411, 8412, 8329, 8992, 9075, 9076, 8993
4175, 8329, 8412, 8413, 8330, 8993, 9076, 9077, 8994
4176, 8330, 8413, 8414, 8331, 8994, 9077, 9078, 8995
4177, 8331, 8414, 8415, 8332, 8995, 9078, 9079, 8996
4178, 8332, 8415, 8416, 8333, 8996, 9079, 9080, 8997
4179, 8333, 8416, 8417, 8334, 8997, 9080, 9081, 8998
4180, 8334, 8417, 8418, 8335, 8998, 9081, 9082, 8999
4181, 8335, 8418, 8419, 8336, 8999, 9082, 9083, 9000
4182, 8336, 8419, 8420, 8337, 9000, 9083, 9084, 9001
4183, 8337, 8420, 8421, 8338, 9001, 9084, 9085, 9002
4184, 8338, 8421, 8422, 8339, 9002, 9085, 9086, 9003
4185, 8339, 8422, 8423, 8340, 9003, 9086, 9087, 9004
4186, 8340, 8423, 8424, 8341, 9004, 9087, 9088, 9005
4187, 8341, 8424, 8425, 8342, 9005, 9088, 9089, 9006
4188, 8342, 8425, 8426, 8343, 9006, 9089, 9090, 9007
4189, 8343, 8426, 8427, 8344, 9007, 9090, 9091, 9008
4190, 8344, 8427, 8428, 8345, 9008, 9091, 9092, 9009
4191, 8345, 8428, 8429, 8346, 9009, 9092, 9093, 9010
4192, 8346, 8429, 8430, 8347, 9010, 9093, 9094, 9011
4193, 8347, 8430, 8431, 8348, 9011, 9094, 9095, 9012
4194, 8348, 8431, 8432, 8349, 9012, 9095, 9096, 9013
4195, 8349, 8432, 8433, 8350, 9013, 9096, 9097, 9014
4196, 8350, 8433, 8434, 8351, 9014, 9097, 9098, 9015
4197, 8351, 8434, 8435, 8352, 9015, 9098, 9099, 9016
4198, 8352, 8435, 8436, 8353, 9016, 9099, 9100, 9017
4199, 8353, 8436, 8437, 8354, 9017, 9100, 9101, 9018
4200, 8354, 8437, 1039, 1038, 9018, 9101, 1046, 1047
4201, 70, 71, 8438, 8355, 119, 120, 9102, 9019
4202, 8355, 8438, 8439, 8356, 9019, 9102, 9103, 9020
4203, 8356, 8439, 8440, 8357, 9020, 9103, 9104, 9021
4204, 8357, 8440, 8441, 8358, 9021, 9104, 9105, 9022
4205, 8358, 8441, 8442, 8359, 9022, 9105, 9106, 9023
4206, 8359, 8442, 8443, 8360, 9023, 9106, 9107, 9024
4207, 8360, 8443, 8444, 8361, 9024, 9107, 9108, 9025
4208, 8361, 8444, 8445, 8362, 9025, 9108, 9109, 9026
4209, 8362, 8445, 8446, 8363, 9026, 9109, 9110, 9027
4210, 8363, 8446, 8447, 8364, 9027, 9110, 9111, 9028
4211, 8364, 8447, 8448, 8365, 9028, 9111, 9112, 9029
4212, 8365, 8448, 8449, 8366, 9029, 9112, 9113, 9030
4213, 8366, 8449, 8450, 8367, 9030, 9113, 9114, 9031
4214, 8367, 8450, 8451, 8368, 9031, 9114, 9115, 9032
4215, 8368, 8451, 8452, 8369, 9032, 9115, 9116, 9033
4216, 8369, 8452, 8453, 8370, 9033, 9116, 9117, 9034
4217, 8370, 8453, 8454, 8371, 9034, 9117, 9118, 9035
4218, 8371, 8454, 8455, 8372, 9035, 9118, 9119, 9036
4219, 8372, 8455, 8456, 8373, 9036, 9119, 9120, 9037
4220, 8373, 8456, 8457, 8374, 9037, 9120, 9121, 9038
4221, 8374, 8457, 8458, 8375, 9038, 9121, 9122, 9039
4222, 8375, 8458, 8459, 8376, 9039, 9122, 9123, 9040
4223, 8376, 8459, 8460, 8377, 9040, 9123, 9124, 9041
4224, 8377, 8460, 8461, 8378, 9041, 9124, 9125, 9042
4225, 8378, 8461, 8462, 8379, 9042, 9125, 9126, 9043
4226, 8379, 8462, 8463, 8380, 9043, 9126, 9127, 9044
4227, 8380, 8463, 8464, 8381, 9044, 9127, 9128, 9045
4228, 8381, 8464, 8465, 8382, 9045, 9128, 9129, 9046
4229, 8382, 8465, 8466, 8383, 9046, 9129, 9130, 9047
4230, 8383, 8466, 8467, 8384, 9047, 9130, 9131, 9048
4231, 8384, 8467, 8468, 8385, 9048, 9131, 9132, 9049
4232, 8385, 8468, 8469, 8386, 9049, 9132, 9133, 9050
4233, 8386, 8469, 8470, 8387, 9050, 9133, 9134, 9051
4234, 8387, 8470, 8471, 8388, 9051, 9134, 9135, 9052
4235, 8388, 8471, 8472, 8389, 9052, 9135, 9136, 9053
4236, 8389, 8472, 8473, 8390, 9053, 9136, 9137, 9054
4237, 8390, 8473, 8474, 8391, 9054, 9137, 9138, 9055
4238, 8391, 8474, 8475, 8392, 9055, 9138, 9139, 9056
4239, 8392, 8475, 8476, 8393, 9056, 9139, 9140, 9057
4240, 8393, 8476, 8477, 8394, 9057, 9140, 9141, 9058
4241, 8394, 8477, 8478, 8395, 9058, 9141, 9142, 9059
4242, 8395, 8478, 8479, 8396, 9059, 9142, 9143, 9060
4243, 8396, 8479, 8480, 8397, 9060, 9143, 9144, 9061
4244, 8397, 8480, 8481, 8398, 9061, 9144, 9145, 9062
4245, 8398, 8481, 8482, 8399, 9062, 9145, 9146, 9063
4246, 8399, 8482, 8483, 8400, 9063, 9146, 9147, 9064
4247, 8400, 8483, 8484, 8401, 9064, 9147, 9148, 9065
4248, 8401, 8484, 8485, 8402, 9065, 9148, 9149, 9066
4249, 8402, 8485, 8486, 8403, 9066, 9149, 9150, 9067
4250, 8403, 8486, 8487, 8404, 9067, 9150, 9151, 9068
4251, 8404, 8487, 8488, 8405, 9068, 9151, 9152, 9069
4252, 8405, 8488, 8489, 8406, 9069, 9152, 9153, 9070
4253, 8406, 8489, 8490, 8407, 9070, 9153, 9154, 9071
4254, 8407, 8490, 8491, 8408, 9071, 9154, 9155, 9072
4255, 8408, 8491, 8492, 8409, 9072, 9155, 9156, 9073
4256, 8409, 8492, 8493, 8410, 9073, 9156, 9157, 9074
4257, 8410, 8493, 8494, 8411, 9074, 9157, 9158, 9075
4258, 8411, 8494, 8495, 8412, 9075, 9158, 9159, 9076
4259, 8412, 8495, 8496, 8413, 9076, 9159, 9160, 9077
4260, 8413, 8496, 8497, 8414, 9077, 9160, 9161, 9078
4261, 8414, 8497, 8498, 8415, 9078, 9161, 9162, 9079
4262, 8415, 8498, 8499, 8416, 9079, 9162, 9163, 9080
4263, 8416, 8499, 8500, 8417, 9080, 9163, 9164, 9081
4264, 8417, 8500, 8501, 8418, 9081, 9164, 9165, 9082
4265, 8418, 8501, 8502, 8419, 9082, 9165, 9166, 9083
4266, 8419, 8502, 8503, 8420, 9083, 9166, 9167, 9084
4267, 8420, 8503, 8504, 8421, 9084, 9167, 9168, 9085
4268, 8421, 8504, 8505, 8422, 9085, 9168, 9169, 9086
4269, 8422, 8505, 8506, 8423, 9086, 9169, 9170, 9087
4270, 8423, 8506, 8507, 8424, 9087, 9170, 9171, 9088
4271, 8424, 8507, 8508, 8425, 9088, 9171, 9172, 9089
4272, 8425, 8508, 8509, 8426, 9089, 9172, 9173, 9090
4273, 8426, 8509, 8510, 8427, 9090, 9173, 9174, 9091
4274, 8427, 8510, 8511, 8428, 9091, 9174, 9175, 9092
4275, 8428, 8511, 8512, 8429, 9092, 9175, 9176, 9093
4276, 8429, 8512, 8513, 8430, 9093, 9176, 9177, 9094
4277, 8430, 8513, 8514, 8431, 9094, 9177, 9178, 9095
4278, 8431, 8514, 8515, 8432, 9095, 9178, 9179, 9096
4279, 8432, 8515, 8516, 8433, 9096, 9179, 9180, 9097
4280, 8433, 8516, 8517, 8434, 9097, 9180, 9181, 9098
4281, 8434, 8517, 8518, 8435, 9098, 9181, 9182, 9099
4282, 8435, 8518, 8519, 8436, 9099, 9182, 9183, 9100
4283, 8436, 8519, 8520, 8437, 9100, 9183, 9184, 9101
4284, 8437, 8520, 1040, 1039, 9101, 9184, 1045, 1046
4285, 71, 72, 8521, 8438, 120, 121, 9185, 9102
4286, 8438, 8521, 8522, 8439, 9102, 9185, 9186, 9103
4287, 8439, 8522, 8523, 8440, 9103, 9186, 9187, 9104
4288, 8440, 8523, 8524, 8441, 9104, 9187, 9188, 9105
4289, 8441, 8524, 8525, 8442, 9105, 9188, 9189, 9106
4290, 8442, 8525, 8526, 8443, 9106, 9189, 9190, 9107
4291, 8443, 8526, 8527, 8444, 9107, 9190, 9191, 9108
4292, 8444, 8527, 8528, 8445, 9108, 9191, 9192, 9109
4293, 8445, 8528, 8529, 8446, 9109, 9192, 9193, 9110
4294, 8446, 8529, 8530, 8447, 9110, 9193, 9194, 9111
4295, 8447, 8530, 8531, 8448, 9111, 9194, 9195, 9112
4296, 8448, 8531, 8532, 8449, 9112, 9195, 9196, 9113
4297, 8449, 8532, 8533, 8450, 9113, 9196, 9197, 9114
4298, 8450, 8533, 8534, 8451, 9114, 9197, 9198, 9115
4299, 8451, 8534, 8535, 8452, 9115, 9198, 9199, 9116
4300, 8452, 8535, 8536, 8453, 9116, 9199, 9200, 9117
4301, 8453, 8536, 8537, 8454, 9117, 9200, 9201, 9118
4302, 8454, 8537, 8538, 8455, 9118, 9201, 9202, 9119
4303, 8455, 8538, 8539, 8456, 9119, 9202, 9203, 9120
4304, 8456, 8539, 8540, 8457, 9120, 9203, 9204, 9121
4305, 8457, 8540, 8541, 8458, 9121, 9204, 9205, 9122
4306, 8458, 8541, 8542, 8459, 9122, 9205, 9206, 9123
4307, 8459, 8542, 8543, 8460, 9123, 9206, 9207, 9124
4308, 8460, 8543, 8544, 8461, 9124, 9207, 9208, 9125
4309, 8461, 8544, 8545, 8462, 9125, 9208, 9209, 9126
4310, 8462, 8545, 8546, 8463, 9126, 9209, 9210, 9127
4311, 8463, 8546, 8547, 8464, 9127, 9210, 9211, 9128
4312, 8464, 8547, 8548, 8465, 9128, 9211, 9212, 9129
4313, 8465, 8548, 8549, 8466, 9129, 9212, 9213, 9130
4314, 8466, 8549, 8550, 8467, 9130, 9213, 9214, 9131
4315, 8467, 8550, 8551, 8468, 9131, 9214, 9215, 9132
4316, 8468, 8551, 8552, 8469, 9132, 9215, 9216, 9133
4317, 8469, 8552, 8553, 8470, 9133, 9216, 9217, 9134
4318, 8470, 8553, 8554, 8471, 9134, 9217, 9218, 9135
4319, 8471, 8554, 8555, 8472, 9135, 9218, 9219, 9136
4320, 8472, 8555, 8556, 8473, 9136, 9219, 9220, 9137
4321, 8473, 8556, 8557, 8474, 9137, 9220, 9221, 9138
4322, 8474, 8557, 8558, 8475, 9138, 9221, 9222, 9139
4323, 8475, 8558, 8559, 8476, 9139, 9222, 9223, 9140
4324, 8476, 8559, 8560, 8477, 9140, 9223, 9224, 9141
4325, 8477, 8560, 8561, 8478, 9141, 9224, 9225, 9142
4326, 8478, 8561, 8562, 8479, 9142, 9225, 9226, 9143
4327, 8479, 8562, 8563, 8480, 9143, 9226, 9227, 9144
4328, 8480, 8563, 8564, 8481, 9144, 9227, 9228, 9145
4329, 8481, 8564, 8565, 8482, 9145, 9228, 9229, 9146
4330, 8482, 8565, 8566, 8483, 9146, 9229, 9230, 9147
4331, 8483, 8566, 8567, 8484, 9147, 9230, 9231, 9148
4332, 8484, 8567, 8568, 8485, 9148, 9231, 9232, 9149
4333, 8485, 8568, 8569, 8486, 9149, 9232, 9233, 9150
4334, 8486, 8569, 8570, 8487, 9150, 9233, 9234, 9151
4335, 8487, 8570, 8571, 8488, 9151, 9234, 9235, 9152
4336, 8488, 8571, 8572, 8489, 9152, 9235, 9236, 9153
4337, 8489, 8572, 8573, 8490, 9153, 9236, 9237, 9154
4338, 8490, 8573, 8574, 8491, 9154, 9237, 9238, 9155
4339, 8491, 8574, 8575, 8492, 9155, 9238, 9239, 9156
4340, 8492, 8575, 8576, 8493, 9156, 9239, 9240, 9157
4341, 8493, 8576, 8577, 8494, 9157, 9240, 9241, 9158
4342, 8494, 8577, 8578, 8495, 9158, 9241, 9242, 9159
4343, 8495, 8578, 8579, 8496, 9159, 9242, 9243, 9160
4344, 8496, 8579, 8580, 8497, 9160, 9243, 9244, 9161
4345, 8497, 8580, 8581, 8498, 9161, 9244, 9245, 9162
4346, 8498, 8581, 8582, 8499, 9162, 9245, 9246, 9163
4347, 8499, 8582, 8583, 8500, 9163, 9246, 9247, 9164
4348, 8500, 8583, 8584, 8501, 9164, 9247, 9248, 9165
4349, 8501, 8584, 8585, 8502, 9165, 9248, 9249, 9166
4350, 8502, 8585, 8586, 8503, 9166, 9249, 9250, 9167
4351, 8503, 8586, 8587, 8504, 9167, 9250, 9251, 9168
4352, 8504, 8587, 8588, 8505, 9168, 9251, 9252, 9169
4353, 8505, 8588, 8589, 8506, 9169, 9252, 9253, 9170
4354, 8506, 8589, 8590, 8507, 9170, 9253, 9254, 9171
4355, 8507, 8590, 8591, 8508, 9171, 9254, 9255, 9172
4356, 8508, 8591, 8592, 8509, 9172, 9255, 9256, 9173
4357, 8509, 8592, 8593, 8510, 9173, 9256, 9257, 9174
4358, 8510, 8593, 8594, 8511, 9174, 9257, 9258, 9175
4359, 8511, 8594, 8595, 8512, 9175, 9258, 9259, 9176
4360, 8512, 8595, 8596, 8513, 9176, 9259, 9260, 9177
4361, 8513, 8596, 8597, 8514, 9177, 9260, 9261, 9178
4362, 8514, 8597, 8598, 8515, 9178, 9261, 9262, 9179
4363, 8515, 8598, 8599, 8516, 9179, 9262, 9263, 9180
4364, 8516, 8599, 8600, 8517, 9180, 9263, 9264, 9181
4365, 8517, 8600, 8601, 8518, 9181, 9264, 9265, 9182
4366, 8518, 8601, 8602, 8519, 9182, 9265, 9266, 9183
4367, 8519, 8602, 8603, 8520, 9183, 9266, 9267, 9184
4368, 8520, 8603, 1041, 1040, 9184, 9267, 1044, 1045
4369, 72, 73, 8604, 8521, 121, 122, 9268, 9185
4370, 8521, 8604, 8605, 8522, 9185, 9268, 9269, 9186
4371, 8522, 8605, 8606, 8523, 9186, 9269, 9270, 9187
4372, 8523, 8606, 8607, 8524, 9187, 9270, 9271, 9188
4373, 8524, 8607, 8608, 8525, 9188, 9271, 9272, 9189
4374, 8525, 8608, 8609, 8526, 9189, 9272, 9273, 9190
4375, 8526, 8609, 8610, 8527, 9190, 9273, 9274, 9191
4376, 8527, 8610, 8611, 8528, 9191, 9274, 9275, 9192
4377, 8528, 8611, 8612, 8529, 9192, 9275, 9276, 9193
4378, 8529, 8612, 8613, 8530, 9193, 9276, 9277, 9194
4379, 8530, 8613, 8614, 8531, 9194, 9277, 9278, 9195
4380, 8531, 8614, 8615, 8532, 9195, 9278, 9279, 9196
4381, 8532, 8615, 8616, 8533, 9196, 9279, 9280, 9197
4382, 8533, 8616, 8617, 8534, 9197, 9280, 9281, 9198
4383, 8534, 8617, 8618, 8535, 9198, 9281, 9282, 9199
4384, 8535, 8618, 8619, 8536, 9199, 9282, 9283, 9200
4385, 8536, 8619, 8620, 8537, 9200, 9283, 9284, 9201
4386, 8537, 8620, 8621, 8538, 9201, 9284, 9285, 9202
4387, 8538, 8621, 8622, 8539, 9202, 9285, 9286, 9203
4388, 8539, 8622, 8623, 8540, 9203, 9286, 9287, 9204
4389, 8540, 8623, 8624, 8541, 9204, 9287, 9288, 9205
4390, 8541, 8624, 8625, 8542, 9205, 9288, 9289, 9206
4391, 8542, 8625, 8626, 8543, 9206, 9289, 9290, 9207
4392, 8543, 8626, 8627, 8544, 9207, 9290, 9291, 9208
4393, 8544, 8627, 8628, 8545, 9208, 9291, 9292, 9209
4394, 8545, 8628, 8629, 8546, 9209, 9292, 9293, 9210
4395, 8546, 8629, 8630, 8547, 9210, 9293, 9294, 9211
4396, 8547, 8630, 8631, 8548, 9211, 9294, 9295, 9212
4397, 8548, 8631, 8632, 8549, 9212, 9295, 9296, 9213
4398, 8549, 8632, 8633, 8550, 9213, 9296, 9297, 9214
4399, 8550, 8633, 8634, 8551, 9214, 9297, 9298, 9215
4400, 8551, 8634, 8635, 8552, 9215, 9298, 9299, 9216
4401, 8552, 8635, 8636, 8553, 9216, 9299, 9300, 9217
4402, 8553, 8636, 8637, 8554, 9217, 9300, 9301, 9218
4403, 8554, 8637, 8638, 8555, 9218, 9301, 9302, 9219
4404, 8555, 8638, 8639, 8556, 9219, 9302, 9303, 9220
4405, 8556, 8639, 8640, 8557, 9220, 9303, 9304, 9221
4406, 8557, 8640, 8641, 8558, 9221, 9304, 9305, 9222
4407, 8558, 8641, 8642, 8559, 9222, 9305, 9306, 9223
4408, 8559, 8642, 8643, 8560, 9223, 9306, 9307, 9224
4409, 8560, 8643, 8644, 8561, 9224, 9307, 9308, 9225
4410, 8561, 8644, 8645, 8562, 9225, 9308, 9309, 9226
4411, 8562, 8645, 8646, 8563, 9226, 9309, 9310, 9227
4412, 8563, 8646, 8647, 8564, 9227, 9310, 9311, 9228
4413, 8564, 8647, 8648, 8565, 9228, 9311, 9312, 9229
4414, 8565, 8648, 8649, 8566, 9229, 9312, 9313, 9230
4415, 8566, 8649, 8650, 8567, 9230, 9313, 9314, 9231
4416, 8567, 8650, 8651, 8568, 9231, 9314, 9315, 9232
4417, 8568, 8651, 8652, 8569, 9232, 9315, 9316, 9233
4418, 8569, 8652, 8653, 8570, 9233, 9316, 9317, 9234
4419, 8570, 8653, 8654, 8571, 9234, 9317, 9318, 9235
4420, 8571, 8654, 8655, 8572, 9235, 9318, 9319, 9236
4421, 8572, 8655, 8656, 8573, 9236, 9319, 9320, 9237
4422, 8573, 8656, 8657, 8574, 9237, 9320, 9321, 9238
4423, 8574, 8657, 8658, 8575, 9238, 9321, 9322, 9239
4424, 8575, 8658, 8659, 8576, 9239, 9322, 9323, 9240
4425, 8576, 8659, 8660, 8577, 9240, 9323, 9324, 9241
4426, 8577, 8660, 8661, 8578, 9241, 9324, 9325, 9242
4427, 8578, 8661, 8662, 8579, 9242, 9325, 9326, 9243
4428, 8579, 8662, 8663, 8580, 9243, 9326, 9327, 9244
4429, 8580, 8663, 8664, 8581, 9244, 9327, 9328, 9245
4430, 8581, 8664, 8665, 8582, 9245, 9328, 9329, 9246
4431, 8582, 8665, 8666, 8583, 9246, 9329, 9330, 9247
4432, 8583, 8666, 8667, 8584, 9247, 9330, 9331, 9248
4433, 8584, 8667, 8668, 8585, 9248, 9331, 9332, 9249
4434, 8585, 8668, 8669, 8586, 9249, 9332, 9333, 9250
4435, 8586, 8669, 8670, 8587, 9250, 9333, 9334, 9251
4436, 8587, 8670, 8671, 8588, 9251, 9334, 9335, 9252
4437, 8588, 8671, 8672, 8589, 9252, 9335, 9336, 9253
4438, 8589, 8672, 8673, 8590, 9253, 9336, 9337, 9254
4439, 8590, 8673, 8674, 8591, 9254, 9337, 9338, 9255
4440, 8591, 8674, 8675, 8592, 9255, 9338, 9339, 9256
4441, 8592, 8675, 8676, 8593, 9256, 9339, 9340, 9257
4442, 8593, 8676, 8677, 8594, 9257, 9340, 9341, 9258
4443, 8594, 8677, 8678, 8595, 9258, 9341, 9342, 9259
4444, 8595, 8678, 8679, 8596, 9259, 9342, 9343, 9260
4445, 8596, 8679, 8680, 8597, 9260, 9343, 9344, 9261
4446, 8597, 8680, 8681, 8598, 9261, 9344, 9345, 9262
4447, 8598, 8681, 8682, 8599, 9262, 9345, 9346, 9263
4448, 8599, 8682, 8683, 8600, 9263, 9346, 9347, 9264
4449, 8600, 8683, 8684, 8601, 9264, 9347, 9348, 9265
4450, 8601, 8684, 8685, 8602, 9265, 9348, 9349, 9266
4451, 8602, 8685, 8686, 8603, 9266, 9349, 9350, 9267
4452, 8603, 8686, 1042, 1041, 9267, 9350, 1043, 1044
4453, 73, 6, 1051, 8604, 122, 12, 1134, 9268
4454, 8604, 1051, 1052, 8605, 9268, 1134, 1135, 9269
4455, 8605, 1052, 1053, 8606, 9269, 1135, 1136, 9270
4456, 8606, 1053, 1054, 8607, 9270, 1136, 1137, 9271
4457, 8607, 1054, 1055, 8608, 9271, 1137, 1138, 9272
4458, 8608, 1055, 1056, 8609, 9272, 1138, 1139, 9273
4459, 8609, 1056, 1057, 8610, 9273, 1139, 1140, 9274
4460, 8610, 1057, 1058, 8611, 9274, 1140, 1141, 9275
4461, 8611, 1058, 1059, 8612, 9275, 1141, 1142, 9276
4462, 8612, 1059, 1060, 8613, 9276, 1142, 1143, 9277
4463, 8613, 1060, 1061, 8614, 9277, 1143, 1144, 9278
4464, 8614, 1061, 1062, 8615, 9278, 1144, 1145, 9279
4465, 8615, 1062, 1063, 8616, 9279, 1145, 1146, 9280
4466, 8616, 1063, 1064, 8617, 9280, 1146, 1147, 9281
4467, 8617, 1064, 1065, 8618, 9281, 1147, 1148, 9282
4468, 8618, 1065, 1066, 8619, 9282, 1148, 1149, 9283
4469, 8619, 1066, 1067, 8620, 9283, 1149, 1150, 9284
4470, 8620, 1067, 1068, 8621, 9284, 1150, 1151, 9285
4471, 8621, 1068, 1069, 8622, 9285, 1151, 1152, 9286
4472, 8622, 1069, 1070, 8623, 9286, 1152, 1153, 9287
4473, 8623, 1070, 1071, 8624, 9287, 1153, 1154, 9288
4474, 8624, 1071, 1072, 8625, 9288, 1154, 1155, 9289
4475, 8625, 1072, 1073, 8626, 9289, 1155, 1156, 9290
4476, 8626, 1073, 1074, 8627, 9290, 1156, 1157, 9291
4477, 8627, 1074, 1075, 8628, 9291, 1157, 1158, 9292
4478, 8628, 1075, 1076, 8629, 9292, 1158, 1159, 9293
4479, 8629, 1076, 1077, 8630, 9293, 1159, 1160, 9294
4480, 8630, 1077, 1078, 8631, 9294, 1160, 1161, 9295
4481, 8631, 1078, 1079, 8632, 9295, 1161, 1162, 9296
4482, 8632, 1079, 1080, 8633, 9296, 1162, 1163, 9297
4483, 8633, 1080, 1081, 8634, 9297, 1163, 1164, 9298
4484, 8634, 1081, 1082, 8635, 9298, 1164, 1165, 9299
4485, 8635, 1082, 1083, 8636, 9299, 1165, 1166, 9300
4486, 8636, 1083, 1084, 8637, 9300, 1166, 1167, 9301
4487, 8637, 1084, 1085, 8638, 9301, 1167, 1168, 9302
4488, 8638, 1085, 1086, 8639, 9302, 1168, 1169, 9303
4489, 8639, 1086, 1087, 8640, 9303, 1169, 1170, 9304
4490, 8640, 1087, 1088, 8641, 9304, 1170, 1171, 9305
4491, 8641, 1088, 1089, 8642, 9305, 1171, 1172, 9306
4492, 8642, 1089, 1090, 8643, 9306, 1172, 1173, 9307
4493, 8643, 1090, 1091, 8644, 9307, 1173, 1174, 9308
4494, 8644, 1091, 1092, 8645, 9308, 1174, 1175, 9309
4495, 8645, 1092, 1093, 8646, 9309, 1175, 1176, 9310
4496, 8646, 1093, 1094, 8647, 9310, 1176, 1177, 9311
4497, 8647, 1094, 1095, 8648, 9311, 1177, 1178, 9312
4498, 8648, 1095, 1096, 8649, 9312, 1178, 1179, 9313
4499, 8649, 1096, 1097, 8650, 9313, 1179, 1180, 9314
4500, 8650, 1097, 1098, 8651, 9314, 1180, 1181, 9315
4501, 8651, 1098, 1099, 8652, 9315, 1181, 1182, 9316
4502, 8652, 1099, 1100, 8653, 9316, 1182, 1183, 9317
4503, 8653, 1100, 1101, 8654, 9317, 1183, 1184, 9318
4504, 8654, 1101, 1102, 8655, 9318, 1184, 1185, 9319
4505, 8655, 1102, 1103, 8656, 9319, 1185, 1186, 9320
4506, 8656, 1103, 1104, 8657, 9320, 1186, 1187, 9321
4507, 8657, 1104, 1105, 8658, 9321, 1187, 1188, 9322
4508, 8658, 1105, 1106, 8659, 9322, 1188, 1189, 9323
4509, 8659, 1106, 1107, 8660, 9323, 1189, 1190, 9324
4510, 8660, 1107, 1108, 8661, 9324, 1190, 1191, 9325
4511, 8661, 1108, 1109, 8662, 9325, 1191, 1192, 9326
4512, 8662, 1109, 1110, 8663, 9326, 1192, 1193, 9327
4513, 8663, 1110, 1111, 8664, 9327, 1193, 1194, 9328
4514, 8664, 1111, 1112, 8665, 9328, 1194, 1195, 9329
4515, 8665, 1112, 1113, 8666, 9329, 1195, 1196, 9330
4516, 8666, 1113, 1114, 8667, 9330, 1196, 1197, 9331
4517, 8667, 1114, 1115, 8668, 9331, 1197, 1198, 9332
4518, 8668, 1115, 1116, 8669, 9332, 1198, 1199, 9333
4519, 8669, 1116, 1117, 8670, 9333, 1199, 1200, 9334
4520, 8670, 1117, 1118, 8671, 9334, 1200, 1201, 9335
4521, 8671, 1118, 1119, 8672, 9335, 1201, 1202, 9336
4522, 8672, 1119, 1120, 8673, 9336, 1202, 1203, 9337
4523, 8673, 1120, 1121, 8674, 9337, 1203, 1204, 9338
4524, 8674, 1121, 1122, 8675, 9338, 1204, 1205, 9339
4525, 8675, 1122, 1123, 8676, 9339, 1205, 1206, 9340
4526, 8676, 1123, 1124, 8677, 9340, 1206, 1207, 9341
4527, 8677, 1124, 1125, 8678, 9341, 1207, 1208, 9342
4528, 8678, 1125, 1126, 8679, 9342, 1208, 1209, 9343
4529, 8679, 1126, 1127, 8680, 9343, 1209, 1210, 9344
4530, 8680, 1127, 1128, 8681, 9344, 1210, 1211, 9345
4531, 8681, 1128, 1129, 8682, 9345, 1211, 1212, 9346
4532, 8682, 1129, 1130, 8683, 9346, 1212, 1213, 9347
4533, 8683, 1130, 1131, 8684, 9347, 1213, 1214, 9348
4534, 8684, 1131, 1132, 8685, 9348, 1214, 1215, 9349
4535, 8685, 1132, 1133, 8686, 9349, 1215, 1216, 9350
4536, 8686, 1133, 23, 1042, 9350, 1216, 24, 1043